now: 2026-09-20 08:19:19  script alive: 0  fio: 0  ra_now: 65536
runs: 1380  ok: 1216  noisy: 180  skip: 5  discard: 0  passes_done: 21
07:49:02 # time limit MAX_HOURS=8 reached, stopping
07:49:04 # done
07:49:04 RESTORED read_ahead_kb=65536
--- RUNLINES
23:49:08 RUN n=1/6120 pass=1 test=mixed ra=73728 mbps=739.6 secs=13.5 minsec_mbps=597 slow_secs=1 inflight=215.9 lat_ms=77.0 fio_mib=9542 disk_mib=9542 disk_ratio=1.00 other_writes_mib=15.4 streams_min_mbps=- iops=11.8 lat_p50_ms=73.9 lat_p95_ms=206.6 lat_p99_ms=263.2 status=ok
23:49:34 RUN n=2/6120 pass=1 test=conc ra=90112 mbps=642.1 secs=20.1 minsec_mbps=103 slow_secs=2 inflight=250.5 lat_ms=98.6 fio_mib=12288 disk_mib=12352 disk_ratio=1.01 other_writes_mib=4.6 streams_min_mbps=160.5 iops=- lat_p50_ms=- lat_p95_ms=- lat_p99_ms=- status=ok
23:49:53 RUN n=3/6120 pass=1 test=mixed ra=16384 mbps=670.2 secs=14.9 minsec_mbps=295 slow_secs=2 inflight=64.6 lat_ms=25.0 fio_mib=9542 disk_mib=9553 disk_ratio=1.00 other_writes_mib=19.8 streams_min_mbps=- iops=22.7 lat_p50_ms=28.2 lat_p95_ms=127.4 lat_p99_ms=202.4 status=ok
23:50:09 RUN n=4/6120 pass=1 test=rand ra=40960 mbps=28.4 secs=12.0 minsec_mbps=- slow_secs=- inflight=3.8 lat_ms=9.1 fio_mib=325 disk_mib=356 disk_ratio=1.10 other_writes_mib=8.9 streams_min_mbps=- iops=433.4 lat_p50_ms=8.4 lat_p95_ms=17.7 lat_p99_ms=26.6 status=ok
23:50:34 RUN n=5/6120 pass=1 test=conc ra=114688 mbps=650.7 secs=19.8 minsec_mbps=534 slow_secs=3 inflight=250.5 lat_ms=95.4 fio_mib=12288 disk_mib=12575 disk_ratio=1.02 other_writes_mib=12.7 streams_min_mbps=162.7 iops=- lat_p50_ms=- lat_p95_ms=- lat_p99_ms=- status=ok
23:50:49 RUN n=6/6120 pass=1 test=rand ra=24576 mbps=29.0 secs=12.0 minsec_mbps=- slow_secs=- inflight=3.8 lat_ms=8.9 fio_mib=332 disk_mib=363 disk_ratio=1.09 other_writes_mib=4.6 streams_min_mbps=- iops=442.7 lat_p50_ms=8.3 lat_p95_ms=17.7 lat_p99_ms=26.3 status=ok
23:51:06 RUN n=7/6120 pass=1 test=seq ra=40960 mbps=786.8 secs=12.7 minsec_mbps=638 slow_secs=0 inflight=155.9 lat_ms=52.6 fio_mib=9542 disk_mib=9532 disk_ratio=1.00 other_writes_mib=33.6 streams_min_mbps=- iops=- lat_p50_ms=- lat_p95_ms=- lat_p99_ms=- status=NOISY:writes
23:51:24 RUN n=8/6120 pass=1 test=seq ra=57344 mbps=788.3 secs=12.7 minsec_mbps=479 slow_secs=1 inflight=197.2 lat_ms=66.5 fio_mib=9542 disk_mib=9532 disk_ratio=1.00 other_writes_mib=5.6 streams_min_mbps=- iops=- lat_p50_ms=- lat_p95_ms=- lat_p99_ms=- status=ok
23:51:41 RUN n=9/6120 pass=1 test=seq ra=24576 mbps=807.1 secs=12.4 minsec_mbps=610 slow_secs=0 inflight=97.0 lat_ms=31.8 fio_mib=9542 disk_mib=9532 disk_ratio=1.00 other_writes_mib=2.6 streams_min_mbps=- iops=- lat_p50_ms=- lat_p95_ms=- lat_p99_ms=- status=ok
23:52:09 RUN n=10/6120 pass=1 test=conc ra=32768 mbps=557.6 secs=23.1 minsec_mbps=58 slow_secs=7 inflight=249.9 lat_ms=115.3 fio_mib=12288 disk_mib=12051 disk_ratio=0.98 other_writes_mib=5.9 streams_min_mbps=139.4 iops=- lat_p50_ms=- lat_p95_ms=- lat_p99_ms=- status=ok
23:52:24 RUN n=11/6120 pass=1 test=rand ra=16384 mbps=29.0 secs=12.1 minsec_mbps=- slow_secs=- inflight=3.8 lat_ms=8.9 fio_mib=335 disk_mib=367 disk_ratio=1.10 other_writes_mib=5.0 streams_min_mbps=- iops=442.8 lat_p50_ms=8.4 lat_p95_ms=17.4 lat_p99_ms=25.8 status=ok
23:52:41 RUN n=12/6120 pass=1 test=seq ra=131072 mbps=818.7 secs=12.2 minsec_mbps=651 slow_secs=0 inflight=216.8 lat_ms=70.4 fio_mib=9542 disk_mib=9532 disk_ratio=1.00 other_writes_mib=4.7 streams_min_mbps=- iops=- lat_p50_ms=- lat_p95_ms=- lat_p99_ms=- status=ok
23:52:58 RUN n=13/6120 pass=1 test=seq ra=16384 mbps=788.6 secs=12.7 minsec_mbps=645 slow_secs=0 inflight=61.8 lat_ms=20.9 fio_mib=9542 disk_mib=9532 disk_ratio=1.00 other_writes_mib=7.1 streams_min_mbps=- iops=- lat_p50_ms=- lat_p95_ms=- lat_p99_ms=- status=ok
23:53:15 RUN n=14/6120 pass=1 test=seq ra=73728 mbps=806.9 secs=12.4 minsec_mbps=637 slow_secs=0 inflight=219.9 lat_ms=72.0 fio_mib=9542 disk_mib=9532 disk_ratio=1.00 other_writes_mib=22.8 streams_min_mbps=- iops=- lat_p50_ms=- lat_p95_ms=- lat_p99_ms=- status=NOISY:writes
23:53:42 RUN n=15/6120 pass=1 test=conc ra=73728 mbps=589.9 secs=21.8 minsec_mbps=66 slow_secs=5 inflight=250.6 lat_ms=107.5 fio_mib=12288 disk_mib=12217 disk_ratio=0.99 other_writes_mib=5.3 streams_min_mbps=147.5 iops=- lat_p50_ms=- lat_p95_ms=- lat_p99_ms=- status=ok
23:53:59 RUN n=16/6120 pass=1 test=mixed ra=81920 mbps=795.2 secs=12.6 minsec_mbps=635 slow_secs=0 inflight=217.8 lat_ms=72.2 fio_mib=9542 disk_mib=9541 disk_ratio=1.00 other_writes_mib=2.0 streams_min_mbps=- iops=11.4 lat_p50_ms=82.3 lat_p95_ms=200.3 lat_p99_ms=261.1 status=ok
23:54:15 RUN n=17/6120 pass=1 test=rand ra=4096 mbps=28.1 secs=12.0 minsec_mbps=- slow_secs=- inflight=3.8 lat_ms=9.2 fio_mib=322 disk_mib=354 disk_ratio=1.10 other_writes_mib=2.6 streams_min_mbps=- iops=428.5 lat_p50_ms=8.5 lat_p95_ms=18.0 lat_p99_ms=27.9 status=ok
23:54:30 RUN n=18/6120 pass=1 test=rand ra=8192 mbps=29.7 secs=12.0 minsec_mbps=- slow_secs=- inflight=3.8 lat_ms=8.7 fio_mib=340 disk_mib=370 disk_ratio=1.09 other_writes_mib=4.7 streams_min_mbps=- iops=452.6 lat_p50_ms=8.3 lat_p95_ms=17.7 lat_p99_ms=26.6 status=ok
23:54:48 RUN n=19/6120 pass=1 test=mixed ra=65536 mbps=782.8 secs=12.8 minsec_mbps=661 slow_secs=0 inflight=214.8 lat_ms=72.3 fio_mib=9542 disk_mib=9540 disk_ratio=1.00 other_writes_mib=8.3 streams_min_mbps=- iops=9.8 lat_p50_ms=94.9 lat_p95_ms=206.6 lat_p99_ms=274.7 status=ok
23:55:03 RUN n=20/6120 pass=1 test=rand ra=90112 mbps=26.3 secs=12.0 minsec_mbps=- slow_secs=- inflight=3.8 lat_ms=9.9 fio_mib=301 disk_mib=328 disk_ratio=1.09 other_writes_mib=8.1 streams_min_mbps=- iops=400.6 lat_p50_ms=8.5 lat_p95_ms=18.7 lat_p99_ms=39.1 status=ok
23:55:22 RUN n=21/6120 pass=1 test=mixed ra=24576 mbps=695.4 secs=14.4 minsec_mbps=596 slow_secs=2 inflight=95.8 lat_ms=36.0 fio_mib=9542 disk_mib=9548 disk_ratio=1.00 other_writes_mib=21.8 streams_min_mbps=- iops=17.8 lat_p50_ms=46.9 lat_p95_ms=149.9 lat_p99_ms=202.4 status=NOISY:writes
23:55:40 RUN n=22/6120 pass=1 test=mixed ra=106496 mbps=785.5 secs=12.7 minsec_mbps=583 slow_secs=1 inflight=221.7 lat_ms=74.7 fio_mib=9542 disk_mib=9541 disk_ratio=1.00 other_writes_mib=2.1 streams_min_mbps=- iops=11.1 lat_p50_ms=76.0 lat_p95_ms=225.4 lat_p99_ms=299.9 status=ok
23:56:17 RUN n=23/6120 pass=1 test=conc ra=4096 mbps=403.0 secs=32.0 minsec_mbps=329 slow_secs=30 inflight=91.7 lat_ms=59.5 fio_mib=12288 disk_mib=11867 disk_ratio=0.97 other_writes_mib=12.8 streams_min_mbps=100.8 iops=- lat_p50_ms=- lat_p95_ms=- lat_p99_ms=- status=ok
23:56:41 RUN n=24/6120 pass=1 test=conc ra=81920 mbps=674.8 secs=19.1 minsec_mbps=528 slow_secs=3 inflight=250.0 lat_ms=94.8 fio_mib=12288 disk_mib=12185 disk_ratio=0.99 other_writes_mib=9.4 streams_min_mbps=168.7 iops=- lat_p50_ms=- lat_p95_ms=- lat_p99_ms=- status=ok
23:56:58 RUN n=25/6120 pass=1 test=mixed ra=57344 mbps=776.4 secs=12.9 minsec_mbps=578 slow_secs=1 inflight=202.1 lat_ms=68.1 fio_mib=9542 disk_mib=9542 disk_ratio=1.00 other_writes_mib=3.7 streams_min_mbps=- iops=12.0 lat_p50_ms=75.0 lat_p95_ms=204.5 lat_p99_ms=270.5 status=ok
23:57:14 RUN n=26/6120 pass=1 test=rand ra=122880 mbps=27.4 secs=12.0 minsec_mbps=- slow_secs=- inflight=3.8 lat_ms=9.5 fio_mib=314 disk_mib=343 disk_ratio=1.09 other_writes_mib=21.3 streams_min_mbps=- iops=418.7 lat_p50_ms=8.4 lat_p95_ms=18.2 lat_p99_ms=29.0 status=NOISY:writes
23:57:31 RUN n=27/6120 pass=1 test=mixed ra=90112 mbps=787.2 secs=12.7 minsec_mbps=596 slow_secs=1 inflight=219.4 lat_ms=73.7 fio_mib=9542 disk_mib=9540 disk_ratio=1.00 other_writes_mib=4.7 streams_min_mbps=- iops=10.9 lat_p50_ms=83.4 lat_p95_ms=235.9 lat_p99_ms=250.6 status=ok
23:57:55 RUN n=28/6120 pass=1 test=conc ra=40960 mbps=682.1 secs=18.9 minsec_mbps=562 slow_secs=3 inflight=246.2 lat_ms=94.4 fio_mib=12288 disk_mib=12063 disk_ratio=0.98 other_writes_mib=4.4 streams_min_mbps=170.5 iops=- lat_p50_ms=- lat_p95_ms=- lat_p99_ms=- status=ok
23:58:19 RUN n=29/6120 pass=1 test=conc ra=24576 mbps=677.6 secs=19.0 minsec_mbps=562 slow_secs=3 inflight=244.9 lat_ms=94.2 fio_mib=12288 disk_mib=11994 disk_ratio=0.98 other_writes_mib=3.7 streams_min_mbps=169.4 iops=- lat_p50_ms=- lat_p95_ms=- lat_p99_ms=- status=ok
23:58:37 RUN n=30/6120 pass=1 test=mixed ra=49152 mbps=737.1 secs=13.6 minsec_mbps=604 slow_secs=0 inflight=185.6 lat_ms=65.6 fio_mib=9542 disk_mib=9542 disk_ratio=1.00 other_writes_mib=11.1 streams_min_mbps=- iops=12.3 lat_p50_ms=66.8 lat_p95_ms=204.5 lat_p99_ms=308.3 status=ok
23:58:55 RUN n=31/6120 pass=1 test=mixed ra=131072 mbps=780.0 secs=12.8 minsec_mbps=585 slow_secs=1 inflight=218.6 lat_ms=73.6 fio_mib=9542 disk_mib=9541 disk_ratio=1.00 other_writes_mib=4.8 streams_min_mbps=- iops=11.2 lat_p50_ms=78.1 lat_p95_ms=208.7 lat_p99_ms=325.1 status=ok
23:59:18 RUN n=32/6120 pass=1 test=mixed ra=8192 mbps=537.5 secs=18.6 minsec_mbps=271 slow_secs=12 inflight=35.0 lat_ms=16.8 fio_mib=9542 disk_mib=9570 disk_ratio=1.00 other_writes_mib=26.6 streams_min_mbps=- iops=32.5 lat_p50_ms=20.1 lat_p95_ms=92.8 lat_p99_ms=147.8 status=NOISY:writes
23:59:43 RUN n=33/6120 pass=1 test=conc ra=98304 mbps=649.1 secs=19.9 minsec_mbps=566 slow_secs=3 inflight=249.4 lat_ms=97.4 fio_mib=12288 disk_mib=12277 disk_ratio=1.00 other_writes_mib=6.9 streams_min_mbps=162.3 iops=- lat_p50_ms=- lat_p95_ms=- lat_p99_ms=- status=ok
00:00:28 RUN n=34/6120 pass=1 test=conc ra=65536 mbps=318.5 secs=40.5 minsec_mbps=63 slow_secs=27 inflight=252.8 lat_ms=192.8 fio_mib=12288 disk_mib=12197 disk_ratio=0.99 other_writes_mib=24.0 streams_min_mbps=79.6 iops=- lat_p50_ms=- lat_p95_ms=- lat_p99_ms=- status=NOISY:writes
00:00:44 RUN n=35/6120 pass=1 test=rand ra=73728 mbps=17.9 secs=12.1 minsec_mbps=- slow_secs=- inflight=10.3 lat_ms=17.3 fio_mib=206 disk_mib=399 disk_ratio=1.94 other_writes_mib=10.0 streams_min_mbps=- iops=273.4 lat_p50_ms=12.1 lat_p95_ms=32.6 lat_p99_ms=46.4 status=ok
00:00:59 RUN n=36/6120 pass=1 test=rand ra=98304 mbps=15.3 secs=12.0 minsec_mbps=- slow_secs=- inflight=10.7 lat_ms=17.5 fio_mib=176 disk_mib=252 disk_ratio=1.44 other_writes_mib=3.7 streams_min_mbps=- iops=233.8 lat_p50_ms=14.9 lat_p95_ms=36.4 lat_p99_ms=52.7 status=ok
00:02:04 RUN n=37/6120 pass=1 test=conc ra=49152 mbps=215.9 secs=59.7 minsec_mbps=53 slow_secs=51 inflight=253.7 lat_ms=276.4 fio_mib=12288 disk_mib=12276 disk_ratio=1.00 other_writes_mib=42.6 streams_min_mbps=54.0 iops=- lat_p50_ms=- lat_p95_ms=- lat_p99_ms=- status=NOISY:writes
00:02:33 RUN n=38/6120 pass=1 test=conc ra=16384 mbps=542.6 secs=23.7 minsec_mbps=458 slow_secs=21 inflight=239.2 lat_ms=113.1 fio_mib=12288 disk_mib=11963 disk_ratio=0.97 other_writes_mib=12.3 streams_min_mbps=135.6 iops=- lat_p50_ms=- lat_p95_ms=- lat_p99_ms=- status=ok
00:02:48 RUN n=39/6120 pass=1 test=rand ra=131072 mbps=21.0 secs=12.0 minsec_mbps=- slow_secs=- inflight=6.1 lat_ms=14.6 fio_mib=240 disk_mib=338 disk_ratio=1.41 other_writes_mib=8.7 streams_min_mbps=- iops=319.7 lat_p50_ms=9.4 lat_p95_ms=26.6 lat_p99_ms=59.0 status=ok
00:03:07 RUN n=40/6120 pass=1 test=seq ra=49152 mbps=685.2 secs=14.6 minsec_mbps=514 slow_secs=2 inflight=194.9 lat_ms=72.2 fio_mib=9542 disk_mib=9626 disk_ratio=1.01 other_writes_mib=7.8 streams_min_mbps=- iops=- lat_p50_ms=- lat_p95_ms=- lat_p99_ms=- status=ok
00:03:26 RUN n=41/6120 pass=1 test=rand ra=106496 mbps=19.6 secs=12.0 minsec_mbps=- slow_secs=- inflight=5.2 lat_ms=14.3 fio_mib=225 disk_mib=262 disk_ratio=1.16 other_writes_mib=45.6 streams_min_mbps=- iops=299.3 lat_p50_ms=9.8 lat_p95_ms=26.3 lat_p99_ms=100.1 status=NOISY:writes
00:03:44 RUN n=42/6120 pass=1 test=seq ra=98304 mbps=760.2 secs=13.2 minsec_mbps=569 slow_secs=1 inflight=221.2 lat_ms=76.7 fio_mib=9542 disk_mib=9536 disk_ratio=1.00 other_writes_mib=4.2 streams_min_mbps=- iops=- lat_p50_ms=- lat_p95_ms=- lat_p99_ms=- status=ok
00:04:02 RUN n=43/6120 pass=1 test=seq ra=114688 mbps=729.3 secs=13.7 minsec_mbps=623 slow_secs=0 inflight=222.6 lat_ms=79.8 fio_mib=9542 disk_mib=9536 disk_ratio=1.00 other_writes_mib=5.4 streams_min_mbps=- iops=- lat_p50_ms=- lat_p95_ms=- lat_p99_ms=- status=ok
00:04:40 RUN n=44/6120 pass=1 test=conc ra=106496 mbps=395.6 secs=32.6 minsec_mbps=61 slow_secs=22 inflight=252.7 lat_ms=158.1 fio_mib=12288 disk_mib=12503 disk_ratio=1.02 other_writes_mib=14.7 streams_min_mbps=98.9 iops=- lat_p50_ms=- lat_p95_ms=- lat_p99_ms=- status=ok
00:04:58 RUN n=45/6120 pass=1 test=seq ra=4096 mbps=770.2 secs=13.0 minsec_mbps=520 slow_secs=1 inflight=16.3 lat_ms=5.6 fio_mib=9542 disk_mib=9532 disk_ratio=1.00 other_writes_mib=6.1 streams_min_mbps=- iops=- lat_p50_ms=- lat_p95_ms=- lat_p99_ms=- status=ok
00:05:13 RUN n=46/6120 pass=1 test=rand ra=65536 mbps=28.7 secs=12.0 minsec_mbps=- slow_secs=- inflight=3.8 lat_ms=9.0 fio_mib=328 disk_mib=360 disk_ratio=1.10 other_writes_mib=6.5 streams_min_mbps=- iops=437.4 lat_p50_ms=8.2 lat_p95_ms=17.7 lat_p99_ms=26.6 status=ok
00:05:31 RUN n=47/6120 pass=1 test=seq ra=65536 mbps=758.9 secs=13.2 minsec_mbps=581 slow_secs=1 inflight=209.2 lat_ms=72.8 fio_mib=9542 disk_mib=9532 disk_ratio=1.00 other_writes_mib=20.9 streams_min_mbps=- iops=- lat_p50_ms=- lat_p95_ms=- lat_p99_ms=- status=NOISY:writes
00:05:49 RUN n=48/6120 pass=1 test=seq ra=106496 mbps=752.1 secs=13.3 minsec_mbps=614 slow_secs=0 inflight=220.0 lat_ms=76.6 fio_mib=9542 disk_mib=9532 disk_ratio=1.00 other_writes_mib=8.2 streams_min_mbps=- iops=- lat_p50_ms=- lat_p95_ms=- lat_p99_ms=- status=ok
00:06:05 RUN n=49/6120 pass=1 test=rand ra=114688 mbps=28.8 secs=12.0 minsec_mbps=- slow_secs=- inflight=3.8 lat_ms=9.0 fio_mib=329 disk_mib=361 disk_ratio=1.10 other_writes_mib=3.9 streams_min_mbps=- iops=438.8 lat_p50_ms=8.3 lat_p95_ms=18.0 lat_p99_ms=26.9 status=ok
00:06:35 RUN n=50/6120 pass=1 test=conc ra=57344 mbps=512.5 secs=25.1 minsec_mbps=79 slow_secs=10 inflight=248.5 lat_ms=124.9 fio_mib=12288 disk_mib=12146 disk_ratio=0.99 other_writes_mib=11.9 streams_min_mbps=128.1 iops=- lat_p50_ms=- lat_p95_ms=- lat_p99_ms=- status=ok
00:06:53 RUN n=51/6120 pass=1 test=mixed ra=122880 mbps=745.8 secs=13.4 minsec_mbps=427 slow_secs=1 inflight=222.3 lat_ms=78.4 fio_mib=9542 disk_mib=9540 disk_ratio=1.00 other_writes_mib=7.3 streams_min_mbps=- iops=9.4 lat_p50_ms=101.2 lat_p95_ms=242.2 lat_p99_ms=299.9 status=ok
00:07:11 RUN n=52/6120 pass=1 test=seq ra=122880 mbps=755.1 secs=13.3 minsec_mbps=660 slow_secs=0 inflight=217.4 lat_ms=76.3 fio_mib=9542 disk_mib=9537 disk_ratio=1.00 other_writes_mib=4.6 streams_min_mbps=- iops=- lat_p50_ms=- lat_p95_ms=- lat_p99_ms=- status=ok
00:07:30 RUN n=53/6120 pass=1 test=seq ra=81920 mbps=705.5 secs=14.2 minsec_mbps=513 slow_secs=2 inflight=223.9 lat_ms=82.6 fio_mib=9542 disk_mib=9579 disk_ratio=1.00 other_writes_mib=4.6 streams_min_mbps=- iops=- lat_p50_ms=- lat_p95_ms=- lat_p99_ms=- status=ok
00:07:45 RUN n=54/6120 pass=1 test=rand ra=32768 mbps=7.5 secs=12.1 minsec_mbps=- slow_secs=- inflight=4.0 lat_ms=33.9 fio_mib=86 disk_mib=97 disk_ratio=1.12 other_writes_mib=121.0 streams_min_mbps=- iops=114.8 lat_p50_ms=9.6 lat_p95_ms=135.3 lat_p99_ms=442.5 status=NOISY:writes
00:08:04 RUN n=55/6120 pass=1 test=mixed ra=98304 mbps=712.4 secs=14.0 minsec_mbps=475 slow_secs=2 inflight=224.5 lat_ms=82.9 fio_mib=9542 disk_mib=9540 disk_ratio=1.00 other_writes_mib=25.0 streams_min_mbps=- iops=9.3 lat_p50_ms=91.8 lat_p95_ms=295.7 lat_p99_ms=388.0 status=NOISY:writes
00:08:23 RUN n=56/6120 pass=1 test=seq ra=32768 mbps=665.9 secs=15.0 minsec_mbps=444 slow_secs=6 inflight=133.2 lat_ms=52.7 fio_mib=9542 disk_mib=9532 disk_ratio=1.00 other_writes_mib=14.9 streams_min_mbps=- iops=- lat_p50_ms=- lat_p95_ms=- lat_p99_ms=- status=ok
00:08:44 RUN n=57/6120 pass=1 test=mixed ra=32768 mbps=638.6 secs=15.7 minsec_mbps=353 slow_secs=4 inflight=132.6 lat_ms=54.7 fio_mib=9542 disk_mib=9546 disk_ratio=1.00 other_writes_mib=5.8 streams_min_mbps=- iops=14.5 lat_p50_ms=47.4 lat_p95_ms=185.6 lat_p99_ms=274.7 status=ok
00:09:17 RUN n=58/6120 pass=1 test=conc ra=8192 mbps=453.6 secs=28.4 minsec_mbps=357 slow_secs=26 inflight=168.1 lat_ms=95.8 fio_mib=12288 disk_mib=11891 disk_ratio=0.97 other_writes_mib=12.6 streams_min_mbps=113.4 iops=- lat_p50_ms=- lat_p95_ms=- lat_p99_ms=- status=ok
00:09:37 RUN n=59/6120 pass=1 test=mixed ra=40960 mbps=648.3 secs=15.4 minsec_mbps=557 slow_secs=1 inflight=162.0 lat_ms=64.3 fio_mib=9542 disk_mib=9634 disk_ratio=1.01 other_writes_mib=6.0 streams_min_mbps=- iops=13.8 lat_p50_ms=57.4 lat_p95_ms=200.3 lat_p99_ms=254.8 status=ok
00:09:53 RUN n=60/6120 pass=1 test=rand ra=49152 mbps=6.8 secs=12.4 minsec_mbps=- slow_secs=- inflight=7.4 lat_ms=37.8 fio_mib=80 disk_mib=143 disk_ratio=1.77 other_writes_mib=162.4 streams_min_mbps=- iops=104.2 lat_p50_ms=9.8 lat_p95_ms=235.9 lat_p99_ms=518.0 status=NOISY:writes
00:10:43 RUN n=61/6120 pass=1 test=conc ra=122880 mbps=288.0 secs=44.7 minsec_mbps=51 slow_secs=36 inflight=253.0 lat_ms=215.8 fio_mib=12288 disk_mib=12514 disk_ratio=1.02 other_writes_mib=141.1 streams_min_mbps=72.0 iops=- lat_p50_ms=- lat_p95_ms=- lat_p99_ms=- status=NOISY:writes
00:11:01 RUN n=62/6120 pass=1 test=seq ra=8192 mbps=737.9 secs=13.6 minsec_mbps=427 slow_secs=2 inflight=31.3 lat_ms=11.2 fio_mib=9542 disk_mib=9535 disk_ratio=1.00 other_writes_mib=12.6 streams_min_mbps=- iops=- lat_p50_ms=- lat_p95_ms=- lat_p99_ms=- status=ok
00:13:38 RUN n=63/6120 pass=1 test=conc ra=131072 mbps=84.8 secs=152.0 minsec_mbps=36 slow_secs=149 inflight=253.5 lat_ms=684.7 fio_mib=12288 disk_mib=12874 disk_ratio=1.05 other_writes_mib=846.1 streams_min_mbps=21.2 iops=- lat_p50_ms=- lat_p95_ms=- lat_p99_ms=- status=NOISY:writes
00:13:53 RUN n=64/6120 pass=1 test=rand ra=57344 mbps=6.0 secs=12.0 minsec_mbps=- slow_secs=- inflight=6.4 lat_ms=47.2 fio_mib=68 disk_mib=91 disk_ratio=1.34 other_writes_mib=92.5 streams_min_mbps=- iops=90.9 lat_p50_ms=13.6 lat_p95_ms=152.0 lat_p99_ms=513.8 status=NOISY:writes
00:14:34 RUN n=65/6120 pass=1 test=mixed ra=4096 mbps=281.1 secs=35.6 minsec_mbps=18 slow_secs=33 inflight=21.3 lat_ms=18.2 fio_mib=9542 disk_mib=9650 disk_ratio=1.01 other_writes_mib=161.8 streams_min_mbps=- iops=36.5 lat_p50_ms=16.9 lat_p95_ms=70.8 lat_p99_ms=168.8 status=NOISY:writes
00:14:52 RUN n=66/6120 pass=1 test=mixed ra=114688 mbps=746.3 secs=13.4 minsec_mbps=588 slow_secs=1 inflight=223.6 lat_ms=78.7 fio_mib=9542 disk_mib=9544 disk_ratio=1.00 other_writes_mib=0.0 streams_min_mbps=- iops=11.2 lat_p50_ms=82.3 lat_p95_ms=223.3 lat_p99_ms=265.3 status=ok
00:15:07 RUN n=67/6120 pass=1 test=rand ra=81920 mbps=2.6 secs=12.3 minsec_mbps=- slow_secs=- inflight=5.0 lat_ms=95.8 fio_mib=31 disk_mib=37 disk_ratio=1.19 other_writes_mib=226.6 streams_min_mbps=- iops=40.0 lat_p50_ms=16.1 lat_p95_ms=463.5 lat_p99_ms=759.2 status=NOISY:writes
00:15:40 RUN n=68/6120 pass=1 test=seq ra=90112 mbps=359.8 secs=27.8 minsec_mbps=123 slow_secs=23 inflight=234.5 lat_ms=169.7 fio_mib=9542 disk_mib=9532 disk_ratio=1.00 other_writes_mib=191.2 streams_min_mbps=- iops=- lat_p50_ms=- lat_p95_ms=- lat_p99_ms=- status=NOISY:writes
00:16:06 RUN n=69/6120 pass=2 test=conc ra=65536 mbps=653.7 secs=19.7 minsec_mbps=494 slow_secs=4 inflight=250.0 lat_ms=98.0 fio_mib=12288 disk_mib=12151 disk_ratio=0.99 other_writes_mib=10.1 streams_min_mbps=163.4 iops=- lat_p50_ms=- lat_p95_ms=- lat_p99_ms=- status=ok
00:16:24 RUN n=70/6120 pass=2 test=seq ra=49152 mbps=748.2 secs=13.4 minsec_mbps=462 slow_secs=2 inflight=187.0 lat_ms=65.8 fio_mib=9542 disk_mib=9532 disk_ratio=1.00 other_writes_mib=4.7 streams_min_mbps=- iops=- lat_p50_ms=- lat_p95_ms=- lat_p99_ms=- status=ok
00:16:40 RUN n=71/6120 pass=2 test=rand ra=40960 mbps=18.7 secs=12.1 minsec_mbps=- slow_secs=- inflight=3.8 lat_ms=13.8 fio_mib=216 disk_mib=238 disk_ratio=1.10 other_writes_mib=6.0 streams_min_mbps=- iops=285.8 lat_p50_ms=8.7 lat_p95_ms=54.3 lat_p99_ms=119.0 status=ok
00:17:17 RUN n=72/6120 pass=2 test=conc ra=4096 mbps=398.6 secs=32.3 minsec_mbps=303 slow_secs=30 inflight=92.3 lat_ms=60.1 fio_mib=12288 disk_mib=11867 disk_ratio=0.97 other_writes_mib=13.4 streams_min_mbps=99.6 iops=- lat_p50_ms=- lat_p95_ms=- lat_p99_ms=- status=ok
00:17:49 RUN n=73/6120 pass=2 test=conc ra=114688 mbps=478.5 secs=26.9 minsec_mbps=65 slow_secs=15 inflight=251.1 lat_ms=129.1 fio_mib=12288 disk_mib=12576 disk_ratio=1.02 other_writes_mib=50.9 streams_min_mbps=119.6 iops=- lat_p50_ms=- lat_p95_ms=- lat_p99_ms=- status=NOISY:writes
00:18:05 RUN n=74/6120 pass=2 test=rand ra=49152 mbps=9.0 secs=12.0 minsec_mbps=- slow_secs=- inflight=4.2 lat_ms=27.8 fio_mib=103 disk_mib=116 disk_ratio=1.13 other_writes_mib=91.9 streams_min_mbps=- iops=137.0 lat_p50_ms=9.5 lat_p95_ms=120.1 lat_p99_ms=325.1 status=NOISY:writes
00:18:23 RUN n=75/6120 pass=2 test=mixed ra=49152 mbps=736.6 secs=13.6 minsec_mbps=511 slow_secs=2 inflight=186.6 lat_ms=66.4 fio_mib=9542 disk_mib=9542 disk_ratio=1.00 other_writes_mib=4.9 streams_min_mbps=- iops=12.2 lat_p50_ms=75.0 lat_p95_ms=191.9 lat_p99_ms=252.7 status=ok
00:18:38 RUN n=76/6120 pass=2 test=rand ra=57344 mbps=17.8 secs=12.0 minsec_mbps=- slow_secs=- inflight=3.8 lat_ms=14.7 fio_mib=204 disk_mib=223 disk_ratio=1.10 other_writes_mib=2.6 streams_min_mbps=- iops=271.1 lat_p50_ms=8.8 lat_p95_ms=66.3 lat_p99_ms=116.9 status=ok
00:19:02 RUN n=77/6120 pass=2 test=conc ra=32768 mbps=682.9 secs=18.9 minsec_mbps=585 slow_secs=2 inflight=249.1 lat_ms=93.8 fio_mib=12288 disk_mib=12040 disk_ratio=0.98 other_writes_mib=5.5 streams_min_mbps=170.7 iops=- lat_p50_ms=- lat_p95_ms=- lat_p99_ms=- status=ok
00:19:20 RUN n=78/6120 pass=2 test=mixed ra=98304 mbps=770.4 secs=13.0 minsec_mbps=552 slow_secs=1 inflight=226.8 lat_ms=78.0 fio_mib=9542 disk_mib=9541 disk_ratio=1.00 other_writes_mib=3.9 streams_min_mbps=- iops=11.5 lat_p50_ms=78.1 lat_p95_ms=221.2 lat_p99_ms=278.9 status=ok
00:19:35 RUN n=79/6120 pass=2 test=rand ra=32768 mbps=16.0 secs=12.0 minsec_mbps=- slow_secs=- inflight=3.8 lat_ms=16.2 fio_mib=184 disk_mib=202 disk_ratio=1.10 other_writes_mib=3.5 streams_min_mbps=- iops=244.6 lat_p50_ms=8.8 lat_p95_ms=87.6 lat_p99_ms=122.2 status=ok
00:19:54 RUN n=80/6120 pass=2 test=mixed ra=24576 mbps=669.2 secs=15.0 minsec_mbps=456 slow_secs=2 inflight=100.6 lat_ms=39.1 fio_mib=9542 disk_mib=9547 disk_ratio=1.00 other_writes_mib=7.2 streams_min_mbps=- iops=16.6 lat_p50_ms=46.9 lat_p95_ms=170.9 lat_p99_ms=227.5 status=ok
00:20:12 RUN n=81/6120 pass=2 test=seq ra=57344 mbps=772.6 secs=12.9 minsec_mbps=437 slow_secs=1 inflight=203.2 lat_ms=69.2 fio_mib=9542 disk_mib=9532 disk_ratio=1.00 other_writes_mib=5.9 streams_min_mbps=- iops=- lat_p50_ms=- lat_p95_ms=- lat_p99_ms=- status=ok
00:20:27 RUN n=82/6120 pass=2 test=rand ra=98304 mbps=16.7 secs=12.0 minsec_mbps=- slow_secs=- inflight=3.8 lat_ms=15.6 fio_mib=192 disk_mib=211 disk_ratio=1.10 other_writes_mib=5.5 streams_min_mbps=- iops=254.6 lat_p50_ms=8.8 lat_p95_ms=76.0 lat_p99_ms=130.5 status=ok
00:20:43 RUN n=83/6120 pass=2 test=rand ra=114688 mbps=15.4 secs=12.0 minsec_mbps=- slow_secs=- inflight=3.8 lat_ms=16.9 fio_mib=176 disk_mib=192 disk_ratio=1.09 other_writes_mib=3.3 streams_min_mbps=- iops=234.4 lat_p50_ms=9.0 lat_p95_ms=85.5 lat_p99_ms=123.2 status=ok
00:20:58 RUN n=84/6120 pass=2 test=rand ra=90112 mbps=11.8 secs=12.1 minsec_mbps=- slow_secs=- inflight=3.8 lat_ms=22.1 fio_mib=136 disk_mib=148 disk_ratio=1.09 other_writes_mib=8.0 streams_min_mbps=- iops=179.3 lat_p50_ms=9.4 lat_p95_ms=107.5 lat_p99_ms=135.3 status=ok
00:21:16 RUN n=85/6120 pass=2 test=mixed ra=57344 mbps=738.7 secs=13.5 minsec_mbps=573 slow_secs=1 inflight=202.4 lat_ms=72.0 fio_mib=9542 disk_mib=9542 disk_ratio=1.00 other_writes_mib=4.8 streams_min_mbps=- iops=12.0 lat_p50_ms=77.1 lat_p95_ms=217.1 lat_p99_ms=278.9 status=ok
00:21:34 RUN n=86/6120 pass=2 test=seq ra=106496 mbps=800.6 secs=12.5 minsec_mbps=576 slow_secs=1 inflight=222.8 lat_ms=74.0 fio_mib=9542 disk_mib=9532 disk_ratio=1.00 other_writes_mib=4.3 streams_min_mbps=- iops=- lat_p50_ms=- lat_p95_ms=- lat_p99_ms=- status=ok
00:22:04 RUN n=87/6120 pass=2 test=conc ra=98304 mbps=502.4 secs=25.6 minsec_mbps=49 slow_secs=12 inflight=248.3 lat_ms=123.6 fio_mib=12288 disk_mib=12330 disk_ratio=1.00 other_writes_mib=70.2 streams_min_mbps=125.6 iops=- lat_p50_ms=- lat_p95_ms=- lat_p99_ms=- status=NOISY:writes
00:22:32 RUN n=88/6120 pass=2 test=seq ra=4096 mbps=516.1 secs=19.4 minsec_mbps=174 slow_secs=10 inflight=20.0 lat_ms=9.9 fio_mib=9542 disk_mib=9626 disk_ratio=1.01 other_writes_mib=8.5 streams_min_mbps=- iops=- lat_p50_ms=- lat_p95_ms=- lat_p99_ms=- status=ok
00:22:50 RUN n=89/6120 pass=2 test=mixed ra=81920 mbps=732.2 secs=13.7 minsec_mbps=539 slow_secs=1 inflight=218.9 lat_ms=79.4 fio_mib=9542 disk_mib=9541 disk_ratio=1.00 other_writes_mib=5.9 streams_min_mbps=- iops=11.0 lat_p50_ms=73.9 lat_p95_ms=238.0 lat_p99_ms=291.5 status=ok
00:23:19 RUN n=90/6120 pass=2 test=conc ra=106496 mbps=531.8 secs=24.2 minsec_mbps=42 slow_secs=7 inflight=251.1 lat_ms=117.0 fio_mib=12288 disk_mib=12521 disk_ratio=1.02 other_writes_mib=19.1 streams_min_mbps=133.0 iops=- lat_p50_ms=- lat_p95_ms=- lat_p99_ms=- status=ok
00:23:37 RUN n=91/6120 pass=2 test=seq ra=24576 mbps=773.6 secs=12.9 minsec_mbps=653 slow_secs=0 inflight=93.8 lat_ms=31.8 fio_mib=9542 disk_mib=9532 disk_ratio=1.00 other_writes_mib=3.9 streams_min_mbps=- iops=- lat_p50_ms=- lat_p95_ms=- lat_p99_ms=- status=ok
00:23:52 RUN n=92/6120 pass=2 test=rand ra=73728 mbps=25.3 secs=12.0 minsec_mbps=- slow_secs=- inflight=3.8 lat_ms=10.3 fio_mib=290 disk_mib=317 disk_ratio=1.09 other_writes_mib=5.6 streams_min_mbps=- iops=385.7 lat_p50_ms=8.5 lat_p95_ms=19.8 lat_p99_ms=82.3 status=ok
00:24:08 RUN n=93/6120 pass=2 test=rand ra=24576 mbps=16.8 secs=12.0 minsec_mbps=- slow_secs=- inflight=3.8 lat_ms=15.5 fio_mib=192 disk_mib=212 disk_ratio=1.10 other_writes_mib=46.3 streams_min_mbps=- iops=256.0 lat_p50_ms=9.0 lat_p95_ms=51.1 lat_p99_ms=128.5 status=NOISY:writes
00:24:23 RUN n=94/6120 pass=2 test=rand ra=122880 mbps=25.8 secs=12.0 minsec_mbps=- slow_secs=- inflight=3.8 lat_ms=10.0 fio_mib=295 disk_mib=323 disk_ratio=1.10 other_writes_mib=2.9 streams_min_mbps=- iops=393.3 lat_p50_ms=8.5 lat_p95_ms=18.7 lat_p99_ms=69.7 status=ok
00:24:41 RUN n=95/6120 pass=2 test=mixed ra=90112 mbps=784.3 secs=12.8 minsec_mbps=603 slow_secs=0 inflight=223.6 lat_ms=75.7 fio_mib=9542 disk_mib=9540 disk_ratio=1.00 other_writes_mib=5.0 streams_min_mbps=- iops=10.6 lat_p50_ms=89.7 lat_p95_ms=221.2 lat_p99_ms=254.8 status=ok
00:25:05 RUN n=96/6120 pass=2 test=conc ra=81920 mbps=672.2 secs=19.2 minsec_mbps=557 slow_secs=2 inflight=248.9 lat_ms=94.3 fio_mib=12288 disk_mib=12219 disk_ratio=0.99 other_writes_mib=8.5 streams_min_mbps=168.1 iops=- lat_p50_ms=- lat_p95_ms=- lat_p99_ms=- status=ok
00:25:30 RUN n=97/6120 pass=2 test=conc ra=57344 mbps=638.7 secs=20.2 minsec_mbps=216 slow_secs=4 inflight=248.9 lat_ms=100.0 fio_mib=12288 disk_mib=12146 disk_ratio=0.99 other_writes_mib=6.3 streams_min_mbps=159.7 iops=- lat_p50_ms=- lat_p95_ms=- lat_p99_ms=- status=ok
00:25:48 RUN n=98/6120 pass=2 test=mixed ra=114688 mbps=780.4 secs=12.8 minsec_mbps=608 slow_secs=0 inflight=224.3 lat_ms=75.7 fio_mib=9542 disk_mib=9539 disk_ratio=1.00 other_writes_mib=7.2 streams_min_mbps=- iops=8.7 lat_p50_ms=108.5 lat_p95_ms=244.3 lat_p99_ms=304.1 status=ok
00:26:08 RUN n=99/6120 pass=2 test=mixed ra=32768 mbps=645.6 secs=15.5 minsec_mbps=314 slow_secs=3 inflight=131.6 lat_ms=53.5 fio_mib=9542 disk_mib=9547 disk_ratio=1.00 other_writes_mib=40.5 streams_min_mbps=- iops=15.0 lat_p50_ms=55.8 lat_p95_ms=179.3 lat_p99_ms=238.0 status=NOISY:writes
00:26:25 RUN n=100/6120 pass=2 test=seq ra=98304 mbps=816.0 secs=12.3 minsec_mbps=640 slow_secs=0 inflight=225.5 lat_ms=73.4 fio_mib=9542 disk_mib=9537 disk_ratio=1.00 other_writes_mib=13.3 streams_min_mbps=- iops=- lat_p50_ms=- lat_p95_ms=- lat_p99_ms=- status=ok
00:26:42 RUN n=101/6120 pass=2 test=mixed ra=40960 mbps=769.5 secs=13.0 minsec_mbps=592 slow_secs=1 inflight=163.3 lat_ms=56.2 fio_mib=9542 disk_mib=9541 disk_ratio=1.00 other_writes_mib=3.4 streams_min_mbps=- iops=11.8 lat_p50_ms=75.0 lat_p95_ms=179.3 lat_p99_ms=248.5 status=ok
00:27:00 RUN n=102/6120 pass=2 test=seq ra=32768 mbps=770.9 secs=13.0 minsec_mbps=398 slow_secs=2 inflight=128.2 lat_ms=43.7 fio_mib=9542 disk_mib=9532 disk_ratio=1.00 other_writes_mib=8.5 streams_min_mbps=- iops=- lat_p50_ms=- lat_p95_ms=- lat_p99_ms=- status=ok
00:27:22 RUN n=103/6120 pass=2 test=mixed ra=8192 mbps=560.1 secs=17.9 minsec_mbps=488 slow_secs=12 inflight=33.7 lat_ms=15.7 fio_mib=9542 disk_mib=9569 disk_ratio=1.00 other_writes_mib=7.9 streams_min_mbps=- iops=33.0 lat_p50_ms=18.7 lat_p95_ms=91.8 lat_p99_ms=141.6 status=ok
00:27:38 RUN n=104/6120 pass=2 test=rand ra=16384 mbps=22.8 secs=12.0 minsec_mbps=- slow_secs=- inflight=3.8 lat_ms=11.4 fio_mib=261 disk_mib=287 disk_ratio=1.10 other_writes_mib=3.4 streams_min_mbps=- iops=347.9 lat_p50_ms=8.5 lat_p95_ms=22.2 lat_p99_ms=101.2 status=ok
00:27:53 RUN n=105/6120 pass=2 test=rand ra=4096 mbps=26.1 secs=12.1 minsec_mbps=- slow_secs=- inflight=3.8 lat_ms=9.9 fio_mib=301 disk_mib=332 disk_ratio=1.10 other_writes_mib=7.0 streams_min_mbps=- iops=398.9 lat_p50_ms=8.5 lat_p95_ms=18.7 lat_p99_ms=63.2 status=ok
00:28:19 RUN n=106/6120 pass=2 test=conc ra=40960 mbps=618.3 secs=20.8 minsec_mbps=120 slow_secs=7 inflight=249.5 lat_ms=103.3 fio_mib=12288 disk_mib=12064 disk_ratio=0.98 other_writes_mib=28.2 streams_min_mbps=154.6 iops=- lat_p50_ms=- lat_p95_ms=- lat_p99_ms=- status=NOISY:writes
00:28:48 RUN n=107/6120 pass=2 test=mixed ra=4096 mbps=412.2 secs=24.3 minsec_mbps=335 slow_secs=22 inflight=18.6 lat_ms=11.5 fio_mib=9542 disk_mib=9604 disk_ratio=1.01 other_writes_mib=7.9 streams_min_mbps=- iops=47.2 lat_p50_ms=14.2 lat_p95_ms=52.2 lat_p99_ms=91.8 status=ok
00:29:13 RUN n=108/6120 pass=2 test=conc ra=90112 mbps=659.0 secs=19.6 minsec_mbps=564 slow_secs=2 inflight=250.5 lat_ms=95.2 fio_mib=12288 disk_mib=12371 disk_ratio=1.01 other_writes_mib=6.7 streams_min_mbps=164.7 iops=- lat_p50_ms=- lat_p95_ms=- lat_p99_ms=- status=ok
00:29:30 RUN n=109/6120 pass=2 test=seq ra=114688 mbps=807.1 secs=12.4 minsec_mbps=622 slow_secs=0 inflight=221.3 lat_ms=73.1 fio_mib=9542 disk_mib=9532 disk_ratio=1.00 other_writes_mib=2.5 streams_min_mbps=- iops=- lat_p50_ms=- lat_p95_ms=- lat_p99_ms=- status=ok
00:29:47 RUN n=110/6120 pass=2 test=seq ra=65536 mbps=765.9 secs=13.1 minsec_mbps=673 slow_secs=0 inflight=204.9 lat_ms=70.7 fio_mib=9542 disk_mib=9532 disk_ratio=1.00 other_writes_mib=6.2 streams_min_mbps=- iops=- lat_p50_ms=- lat_p95_ms=- lat_p99_ms=- status=ok
00:30:03 RUN n=111/6120 pass=2 test=rand ra=65536 mbps=25.7 secs=12.0 minsec_mbps=- slow_secs=- inflight=3.8 lat_ms=10.1 fio_mib=295 disk_mib=323 disk_ratio=1.09 other_writes_mib=7.6 streams_min_mbps=- iops=392.2 lat_p50_ms=8.5 lat_p95_ms=18.7 lat_p99_ms=63.7 status=ok
00:30:20 RUN n=112/6120 pass=2 test=seq ra=131072 mbps=773.0 secs=12.9 minsec_mbps=356 slow_secs=2 inflight=225.5 lat_ms=77.3 fio_mib=9542 disk_mib=9532 disk_ratio=1.00 other_writes_mib=27.7 streams_min_mbps=- iops=- lat_p50_ms=- lat_p95_ms=- lat_p99_ms=- status=NOISY:writes
00:30:53 RUN n=113/6120 pass=2 test=conc ra=8192 mbps=469.1 secs=27.5 minsec_mbps=376 slow_secs=25 inflight=157.9 lat_ms=87.3 fio_mib=12288 disk_mib=11891 disk_ratio=0.97 other_writes_mib=10.3 streams_min_mbps=117.3 iops=- lat_p50_ms=- lat_p95_ms=- lat_p99_ms=- status=ok
00:31:11 RUN n=114/6120 pass=2 test=seq ra=90112 mbps=760.1 secs=13.2 minsec_mbps=496 slow_secs=1 inflight=217.4 lat_ms=76.4 fio_mib=9542 disk_mib=9532 disk_ratio=1.00 other_writes_mib=8.5 streams_min_mbps=- iops=- lat_p50_ms=- lat_p95_ms=- lat_p99_ms=- status=ok
00:31:28 RUN n=115/6120 pass=2 test=seq ra=40960 mbps=779.5 secs=12.8 minsec_mbps=659 slow_secs=0 inflight=162.0 lat_ms=55.0 fio_mib=9542 disk_mib=9532 disk_ratio=1.00 other_writes_mib=4.9 streams_min_mbps=- iops=- lat_p50_ms=- lat_p95_ms=- lat_p99_ms=- status=ok
00:32:00 RUN n=116/6120 pass=2 test=conc ra=131072 mbps=466.7 secs=27.6 minsec_mbps=78 slow_secs=15 inflight=251.7 lat_ms=129.8 fio_mib=12288 disk_mib=12796 disk_ratio=1.04 other_writes_mib=12.4 streams_min_mbps=116.7 iops=- lat_p50_ms=- lat_p95_ms=- lat_p99_ms=- status=ok
00:32:19 RUN n=117/6120 pass=2 test=seq ra=16384 mbps=723.3 secs=13.8 minsec_mbps=92 slow_secs=2 inflight=63.6 lat_ms=23.2 fio_mib=9542 disk_mib=9532 disk_ratio=1.00 other_writes_mib=37.2 streams_min_mbps=- iops=- lat_p50_ms=- lat_p95_ms=- lat_p99_ms=- status=NOISY:writes
00:32:39 RUN n=118/6120 pass=2 test=mixed ra=16384 mbps=642.2 secs=15.6 minsec_mbps=474 slow_secs=2 inflight=65.5 lat_ms=26.6 fio_mib=9542 disk_mib=9554 disk_ratio=1.00 other_writes_mib=2.7 streams_min_mbps=- iops=22.9 lat_p50_ms=30.0 lat_p95_ms=126.4 lat_p99_ms=168.8 status=ok
00:32:56 RUN n=119/6120 pass=2 test=mixed ra=73728 mbps=776.3 secs=12.9 minsec_mbps=627 slow_secs=0 inflight=220.5 lat_ms=75.8 fio_mib=9542 disk_mib=9540 disk_ratio=1.00 other_writes_mib=5.7 streams_min_mbps=- iops=10.7 lat_p50_ms=83.4 lat_p95_ms=219.2 lat_p99_ms=256.9 status=ok
00:33:24 RUN n=120/6120 pass=2 test=conc ra=73728 mbps=579.6 secs=22.2 minsec_mbps=68 slow_secs=8 inflight=250.3 lat_ms=109.3 fio_mib=12288 disk_mib=12233 disk_ratio=1.00 other_writes_mib=104.1 streams_min_mbps=144.9 iops=- lat_p50_ms=- lat_p95_ms=- lat_p99_ms=- status=NOISY:writes
00:33:45 RUN n=121/6120 pass=2 test=seq ra=8192 mbps=617.6 secs=16.2 minsec_mbps=48 slow_secs=7 inflight=34.3 lat_ms=14.7 fio_mib=9542 disk_mib=9532 disk_ratio=1.00 other_writes_mib=262.4 streams_min_mbps=- iops=- lat_p50_ms=- lat_p95_ms=- lat_p99_ms=- status=NOISY:writes
00:34:00 RUN n=122/6120 pass=2 test=rand ra=106496 mbps=23.9 secs=12.0 minsec_mbps=- slow_secs=- inflight=3.9 lat_ms=10.9 fio_mib=273 disk_mib=301 disk_ratio=1.10 other_writes_mib=4.0 streams_min_mbps=- iops=363.9 lat_p50_ms=8.5 lat_p95_ms=19.5 lat_p99_ms=102.2 status=ok
00:34:23 RUN n=123/6120 pass=2 test=mixed ra=131072 mbps=547.8 secs=18.3 minsec_mbps=126 slow_secs=7 inflight=229.6 lat_ms=110.3 fio_mib=9542 disk_mib=9542 disk_ratio=1.00 other_writes_mib=303.0 streams_min_mbps=- iops=7.7 lat_p50_ms=98.0 lat_p95_ms=421.5 lat_p99_ms=566.2 status=NOISY:writes
00:34:49 RUN n=124/6120 pass=2 test=conc ra=24576 mbps=630.4 secs=20.4 minsec_mbps=467 slow_secs=6 inflight=245.8 lat_ms=101.2 fio_mib=12288 disk_mib=11994 disk_ratio=0.98 other_writes_mib=34.6 streams_min_mbps=157.6 iops=- lat_p50_ms=- lat_p95_ms=- lat_p99_ms=- status=NOISY:writes
00:35:27 RUN n=125/6120 pass=2 test=conc ra=49152 mbps=394.6 secs=32.7 minsec_mbps=51 slow_secs=20 inflight=251.4 lat_ms=161.4 fio_mib=12288 disk_mib=12145 disk_ratio=0.99 other_writes_mib=25.9 streams_min_mbps=98.7 iops=- lat_p50_ms=- lat_p95_ms=- lat_p99_ms=- status=NOISY:writes
00:35:42 RUN n=126/6120 pass=2 test=rand ra=81920 mbps=17.4 secs=12.0 minsec_mbps=- slow_secs=- inflight=3.8 lat_ms=14.9 fio_mib=200 disk_mib=219 disk_ratio=1.10 other_writes_mib=9.5 streams_min_mbps=- iops=266.0 lat_p50_ms=9.0 lat_p95_ms=61.6 lat_p99_ms=123.2 status=ok
00:35:59 RUN n=127/6120 pass=2 test=seq ra=122880 mbps=811.4 secs=12.3 minsec_mbps=713 slow_secs=0 inflight=220.0 lat_ms=71.9 fio_mib=9542 disk_mib=9532 disk_ratio=1.00 other_writes_mib=5.0 streams_min_mbps=- iops=- lat_p50_ms=- lat_p95_ms=- lat_p99_ms=- status=ok
00:36:16 RUN n=128/6120 pass=2 test=seq ra=81920 mbps=768.5 secs=13.0 minsec_mbps=589 slow_secs=1 inflight=216.4 lat_ms=74.6 fio_mib=9542 disk_mib=9532 disk_ratio=1.00 other_writes_mib=8.3 streams_min_mbps=- iops=- lat_p50_ms=- lat_p95_ms=- lat_p99_ms=- status=ok
00:36:43 RUN n=129/6120 pass=2 test=conc ra=16384 mbps=616.1 secs=20.9 minsec_mbps=476 slow_secs=8 inflight=238.4 lat_ms=100.8 fio_mib=12288 disk_mib=11946 disk_ratio=0.97 other_writes_mib=20.1 streams_min_mbps=154.0 iops=- lat_p50_ms=- lat_p95_ms=- lat_p99_ms=- status=NOISY:writes
00:36:59 RUN n=130/6120 pass=2 test=seq ra=73728 mbps=815.6 secs=12.3 minsec_mbps=695 slow_secs=0 inflight=217.9 lat_ms=71.1 fio_mib=9542 disk_mib=9532 disk_ratio=1.00 other_writes_mib=4.2 streams_min_mbps=- iops=- lat_p50_ms=- lat_p95_ms=- lat_p99_ms=- status=ok
00:37:17 RUN n=131/6120 pass=2 test=mixed ra=122880 mbps=780.8 secs=12.8 minsec_mbps=666 slow_secs=0 inflight=221.1 lat_ms=74.6 fio_mib=9542 disk_mib=9541 disk_ratio=1.00 other_writes_mib=3.3 streams_min_mbps=- iops=11.4 lat_p50_ms=79.2 lat_p95_ms=221.2 lat_p99_ms=250.6 status=ok
00:37:34 RUN n=132/6120 pass=2 test=mixed ra=106496 mbps=789.2 secs=12.7 minsec_mbps=640 slow_secs=0 inflight=222.7 lat_ms=75.4 fio_mib=9542 disk_mib=9539 disk_ratio=1.00 other_writes_mib=4.6 streams_min_mbps=- iops=9.5 lat_p50_ms=99.1 lat_p95_ms=204.5 lat_p99_ms=231.7 status=ok
00:37:50 RUN n=133/6120 pass=2 test=rand ra=8192 mbps=29.0 secs=12.0 minsec_mbps=- slow_secs=- inflight=3.8 lat_ms=8.9 fio_mib=332 disk_mib=362 disk_ratio=1.09 other_writes_mib=7.4 streams_min_mbps=- iops=442.6 lat_p50_ms=8.3 lat_p95_ms=17.4 lat_p99_ms=26.1 status=ok
00:38:05 RUN n=134/6120 pass=2 test=rand ra=131072 mbps=28.8 secs=12.0 minsec_mbps=- slow_secs=- inflight=3.8 lat_ms=9.0 fio_mib=329 disk_mib=360 disk_ratio=1.09 other_writes_mib=4.3 streams_min_mbps=- iops=439.0 lat_p50_ms=8.4 lat_p95_ms=17.7 lat_p99_ms=26.1 status=ok
00:38:23 RUN n=135/6120 pass=2 test=mixed ra=65536 mbps=762.3 secs=13.1 minsec_mbps=566 slow_secs=1 inflight=219.4 lat_ms=76.8 fio_mib=9542 disk_mib=9539 disk_ratio=1.00 other_writes_mib=45.0 streams_min_mbps=- iops=9.1 lat_p50_ms=107.5 lat_p95_ms=225.4 lat_p99_ms=358.6 status=NOISY:writes
00:38:48 RUN n=136/6120 pass=2 test=conc ra=122880 mbps=645.0 secs=20.0 minsec_mbps=537 slow_secs=3 inflight=250.3 lat_ms=96.5 fio_mib=12288 disk_mib=12513 disk_ratio=1.02 other_writes_mib=4.2 streams_min_mbps=161.3 iops=- lat_p50_ms=- lat_p95_ms=- lat_p99_ms=- status=ok
00:39:08 RUN n=137/6120 pass=3 test=mixed ra=57344 mbps=762.4 secs=13.1 minsec_mbps=473 slow_secs=1 inflight=205.0 lat_ms=71.9 fio_mib=9542 disk_mib=9540 disk_ratio=1.00 other_writes_mib=4.2 streams_min_mbps=- iops=10.3 lat_p50_ms=95.9 lat_p95_ms=219.2 lat_p99_ms=263.2 status=ok
00:39:25 RUN n=138/6120 pass=3 test=seq ra=57344 mbps=789.6 secs=12.7 minsec_mbps=633 slow_secs=0 inflight=194.8 lat_ms=65.7 fio_mib=9542 disk_mib=9532 disk_ratio=1.00 other_writes_mib=2.9 streams_min_mbps=- iops=- lat_p50_ms=- lat_p95_ms=- lat_p99_ms=- status=ok
00:39:41 RUN n=139/6120 pass=3 test=rand ra=90112 mbps=28.8 secs=12.0 minsec_mbps=- slow_secs=- inflight=3.8 lat_ms=9.0 fio_mib=330 disk_mib=362 disk_ratio=1.10 other_writes_mib=2.6 streams_min_mbps=- iops=439.9 lat_p50_ms=8.4 lat_p95_ms=17.7 lat_p99_ms=26.6 status=ok
00:39:58 RUN n=140/6120 pass=3 test=seq ra=8192 mbps=774.1 secs=12.9 minsec_mbps=586 slow_secs=1 inflight=31.9 lat_ms=10.8 fio_mib=9542 disk_mib=9532 disk_ratio=1.00 other_writes_mib=5.6 streams_min_mbps=- iops=- lat_p50_ms=- lat_p95_ms=- lat_p99_ms=- status=ok
00:40:14 RUN n=141/6120 pass=3 test=rand ra=114688 mbps=25.2 secs=12.0 minsec_mbps=- slow_secs=- inflight=3.8 lat_ms=10.3 fio_mib=289 disk_mib=318 disk_ratio=1.10 other_writes_mib=6.4 streams_min_mbps=- iops=385.3 lat_p50_ms=8.4 lat_p95_ms=19.3 lat_p99_ms=55.8 status=ok
00:40:40 RUN n=142/6120 pass=3 test=conc ra=106496 mbps=600.0 secs=21.5 minsec_mbps=111 slow_secs=5 inflight=249.9 lat_ms=103.6 fio_mib=12288 disk_mib=12521 disk_ratio=1.02 other_writes_mib=17.6 streams_min_mbps=150.0 iops=- lat_p50_ms=- lat_p95_ms=- lat_p99_ms=- status=ok
00:40:56 RUN n=143/6120 pass=3 test=rand ra=122880 mbps=27.5 secs=12.0 minsec_mbps=- slow_secs=- inflight=3.8 lat_ms=9.4 fio_mib=315 disk_mib=345 disk_ratio=1.10 other_writes_mib=2.7 streams_min_mbps=- iops=419.7 lat_p50_ms=8.4 lat_p95_ms=18.2 lat_p99_ms=39.6 status=ok
00:41:11 RUN n=144/6120 pass=3 test=rand ra=81920 mbps=28.9 secs=12.0 minsec_mbps=- slow_secs=- inflight=3.8 lat_ms=8.9 fio_mib=332 disk_mib=363 disk_ratio=1.09 other_writes_mib=5.9 streams_min_mbps=- iops=441.6 lat_p50_ms=8.4 lat_p95_ms=17.2 lat_p99_ms=26.1 status=ok
00:41:37 RUN n=145/6120 pass=3 test=conc ra=57344 mbps=631.5 secs=20.4 minsec_mbps=466 slow_secs=8 inflight=248.0 lat_ms=100.8 fio_mib=12288 disk_mib=12146 disk_ratio=0.99 other_writes_mib=6.2 streams_min_mbps=157.9 iops=- lat_p50_ms=- lat_p95_ms=- lat_p99_ms=- status=ok
00:41:54 RUN n=146/6120 pass=3 test=seq ra=106496 mbps=767.4 secs=13.0 minsec_mbps=629 slow_secs=0 inflight=226.0 lat_ms=77.6 fio_mib=9542 disk_mib=9532 disk_ratio=1.00 other_writes_mib=9.0 streams_min_mbps=- iops=- lat_p50_ms=- lat_p95_ms=- lat_p99_ms=- status=ok
00:42:12 RUN n=147/6120 pass=3 test=seq ra=16384 mbps=783.2 secs=12.8 minsec_mbps=598 slow_secs=1 inflight=62.6 lat_ms=21.1 fio_mib=9542 disk_mib=9532 disk_ratio=1.00 other_writes_mib=4.2 streams_min_mbps=- iops=- lat_p50_ms=- lat_p95_ms=- lat_p99_ms=- status=ok
00:42:32 RUN n=148/6120 pass=3 test=mixed ra=24576 mbps=648.3 secs=15.4 minsec_mbps=431 slow_secs=4 inflight=102.0 lat_ms=40.8 fio_mib=9542 disk_mib=9551 disk_ratio=1.00 other_writes_mib=19.9 streams_min_mbps=- iops=19.5 lat_p50_ms=40.1 lat_p95_ms=137.4 lat_p99_ms=177.2 status=ok
00:42:47 RUN n=149/6120 pass=3 test=rand ra=73728 mbps=28.8 secs=12.0 minsec_mbps=- slow_secs=- inflight=3.8 lat_ms=9.0 fio_mib=330 disk_mib=362 disk_ratio=1.10 other_writes_mib=2.4 streams_min_mbps=- iops=440.1 lat_p50_ms=8.3 lat_p95_ms=18.0 lat_p99_ms=27.4 status=ok
00:43:12 RUN n=150/6120 pass=3 test=conc ra=65536 mbps=661.8 secs=19.5 minsec_mbps=514 slow_secs=2 inflight=249.0 lat_ms=96.3 fio_mib=12288 disk_mib=12151 disk_ratio=0.99 other_writes_mib=6.5 streams_min_mbps=165.4 iops=- lat_p50_ms=- lat_p95_ms=- lat_p99_ms=- status=ok
00:43:44 RUN n=151/6120 pass=3 test=conc ra=8192 mbps=480.9 secs=26.8 minsec_mbps=362 slow_secs=25 inflight=173.0 lat_ms=93.9 fio_mib=12288 disk_mib=11891 disk_ratio=0.97 other_writes_mib=8.8 streams_min_mbps=120.2 iops=- lat_p50_ms=- lat_p95_ms=- lat_p99_ms=- status=ok
00:44:02 RUN n=152/6120 pass=3 test=seq ra=65536 mbps=750.7 secs=13.3 minsec_mbps=489 slow_secs=1 inflight=210.5 lat_ms=72.7 fio_mib=9542 disk_mib=9532 disk_ratio=1.00 other_writes_mib=4.5 streams_min_mbps=- iops=- lat_p50_ms=- lat_p95_ms=- lat_p99_ms=- status=ok
00:44:19 RUN n=153/6120 pass=3 test=seq ra=90112 mbps=784.9 secs=12.7 minsec_mbps=670 slow_secs=0 inflight=219.4 lat_ms=73.9 fio_mib=9542 disk_mib=9532 disk_ratio=1.00 other_writes_mib=3.7 streams_min_mbps=- iops=- lat_p50_ms=- lat_p95_ms=- lat_p99_ms=- status=ok
00:44:38 RUN n=154/6120 pass=3 test=mixed ra=49152 mbps=696.0 secs=14.4 minsec_mbps=498 slow_secs=2 inflight=183.6 lat_ms=68.9 fio_mib=9542 disk_mib=9544 disk_ratio=1.00 other_writes_mib=14.2 streams_min_mbps=- iops=13.1 lat_p50_ms=65.8 lat_p95_ms=185.6 lat_p99_ms=248.5 status=ok
00:45:08 RUN n=155/6120 pass=3 test=mixed ra=4096 mbps=397.0 secs=25.2 minsec_mbps=249 slow_secs=23 inflight=18.8 lat_ms=11.9 fio_mib=9542 disk_mib=9606 disk_ratio=1.01 other_writes_mib=11.0 streams_min_mbps=- iops=46.8 lat_p50_ms=14.2 lat_p95_ms=55.3 lat_p99_ms=89.7 status=ok
00:45:33 RUN n=156/6120 pass=3 test=conc ra=90112 mbps=647.8 secs=19.9 minsec_mbps=281 slow_secs=2 inflight=250.6 lat_ms=97.7 fio_mib=12288 disk_mib=12359 disk_ratio=1.01 other_writes_mib=3.6 streams_min_mbps=162.0 iops=- lat_p50_ms=- lat_p95_ms=- lat_p99_ms=- status=ok
00:45:48 RUN n=157/6120 pass=3 test=rand ra=40960 mbps=26.6 secs=12.0 minsec_mbps=- slow_secs=- inflight=3.8 lat_ms=9.7 fio_mib=305 disk_mib=335 disk_ratio=1.10 other_writes_mib=6.5 streams_min_mbps=- iops=405.8 lat_p50_ms=8.5 lat_p95_ms=18.7 lat_p99_ms=42.7 status=ok
00:46:04 RUN n=158/6120 pass=3 test=rand ra=131072 mbps=27.7 secs=12.0 minsec_mbps=- slow_secs=- inflight=3.8 lat_ms=9.3 fio_mib=317 disk_mib=349 disk_ratio=1.10 other_writes_mib=4.2 streams_min_mbps=- iops=422.7 lat_p50_ms=8.5 lat_p95_ms=19.3 lat_p99_ms=29.8 status=ok
00:46:19 RUN n=159/6120 pass=3 test=rand ra=24576 mbps=26.3 secs=12.0 minsec_mbps=- slow_secs=- inflight=3.8 lat_ms=9.9 fio_mib=301 disk_mib=330 disk_ratio=1.10 other_writes_mib=3.8 streams_min_mbps=- iops=401.1 lat_p50_ms=8.4 lat_p95_ms=18.5 lat_p99_ms=51.6 status=ok
00:46:57 RUN n=160/6120 pass=3 test=conc ra=4096 mbps=399.8 secs=32.2 minsec_mbps=280 slow_secs=30 inflight=89.2 lat_ms=58.4 fio_mib=12288 disk_mib=11867 disk_ratio=0.97 other_writes_mib=22.5 streams_min_mbps=100.0 iops=- lat_p50_ms=- lat_p95_ms=- lat_p99_ms=- status=NOISY:writes
00:47:21 RUN n=161/6120 pass=3 test=conc ra=49152 mbps=672.2 secs=19.2 minsec_mbps=522 slow_secs=3 inflight=246.1 lat_ms=94.7 fio_mib=12288 disk_mib=12145 disk_ratio=0.99 other_writes_mib=5.2 streams_min_mbps=168.0 iops=- lat_p50_ms=- lat_p95_ms=- lat_p99_ms=- status=ok
00:47:36 RUN n=162/6120 pass=3 test=rand ra=49152 mbps=28.8 secs=12.0 minsec_mbps=- slow_secs=- inflight=3.8 lat_ms=9.0 fio_mib=330 disk_mib=361 disk_ratio=1.09 other_writes_mib=2.7 streams_min_mbps=- iops=439.6 lat_p50_ms=8.4 lat_p95_ms=17.7 lat_p99_ms=28.7 status=ok
00:47:54 RUN n=163/6120 pass=3 test=seq ra=122880 mbps=783.0 secs=12.8 minsec_mbps=604 slow_secs=0 inflight=221.9 lat_ms=73.9 fio_mib=9542 disk_mib=9532 disk_ratio=1.00 other_writes_mib=5.1 streams_min_mbps=- iops=- lat_p50_ms=- lat_p95_ms=- lat_p99_ms=- status=ok
00:48:12 RUN n=164/6120 pass=3 test=seq ra=32768 mbps=759.1 secs=13.2 minsec_mbps=531 slow_secs=1 inflight=122.5 lat_ms=42.7 fio_mib=9542 disk_mib=9532 disk_ratio=1.00 other_writes_mib=4.4 streams_min_mbps=- iops=- lat_p50_ms=- lat_p95_ms=- lat_p99_ms=- status=ok
00:48:30 RUN n=165/6120 pass=3 test=mixed ra=65536 mbps=735.1 secs=13.6 minsec_mbps=582 slow_secs=1 inflight=208.7 lat_ms=74.5 fio_mib=9542 disk_mib=9542 disk_ratio=1.00 other_writes_mib=19.8 streams_min_mbps=- iops=11.5 lat_p50_ms=77.1 lat_p95_ms=227.5 lat_p99_ms=304.1 status=ok
00:48:46 RUN n=166/6120 pass=3 test=rand ra=65536 mbps=27.2 secs=12.0 minsec_mbps=- slow_secs=- inflight=3.8 lat_ms=9.5 fio_mib=311 disk_mib=339 disk_ratio=1.09 other_writes_mib=2.5 streams_min_mbps=- iops=414.6 lat_p50_ms=8.4 lat_p95_ms=18.7 lat_p99_ms=34.9 status=ok
00:49:04 RUN n=167/6120 pass=3 test=mixed ra=40960 mbps=715.8 secs=14.0 minsec_mbps=595 slow_secs=1 inflight=152.8 lat_ms=55.9 fio_mib=9542 disk_mib=9545 disk_ratio=1.00 other_writes_mib=3.5 streams_min_mbps=- iops=14.9 lat_p50_ms=61.6 lat_p95_ms=175.1 lat_p99_ms=248.5 status=ok
00:49:22 RUN n=168/6120 pass=3 test=seq ra=24576 mbps=769.7 secs=13.0 minsec_mbps=564 slow_secs=1 inflight=94.3 lat_ms=32.0 fio_mib=9542 disk_mib=9532 disk_ratio=1.00 other_writes_mib=3.3 streams_min_mbps=- iops=- lat_p50_ms=- lat_p95_ms=- lat_p99_ms=- status=ok
00:49:51 RUN n=169/6120 pass=3 test=conc ra=114688 mbps=523.6 secs=24.6 minsec_mbps=70 slow_secs=10 inflight=250.8 lat_ms=118.7 fio_mib=12288 disk_mib=12536 disk_ratio=1.02 other_writes_mib=8.5 streams_min_mbps=130.9 iops=- lat_p50_ms=- lat_p95_ms=- lat_p99_ms=- status=ok
00:50:25 RUN n=170/6120 pass=3 test=conc ra=73728 mbps=452.5 secs=28.5 minsec_mbps=70 slow_secs=17 inflight=249.7 lat_ms=140.2 fio_mib=12288 disk_mib=12233 disk_ratio=1.00 other_writes_mib=13.6 streams_min_mbps=113.1 iops=- lat_p50_ms=- lat_p95_ms=- lat_p99_ms=- status=ok
00:50:42 RUN n=171/6120 pass=3 test=seq ra=98304 mbps=765.2 secs=13.1 minsec_mbps=480 slow_secs=1 inflight=223.2 lat_ms=76.5 fio_mib=9542 disk_mib=9532 disk_ratio=1.00 other_writes_mib=16.7 streams_min_mbps=- iops=- lat_p50_ms=- lat_p95_ms=- lat_p99_ms=- status=ok
00:50:58 RUN n=172/6120 pass=3 test=rand ra=106496 mbps=26.8 secs=12.0 minsec_mbps=- slow_secs=- inflight=3.8 lat_ms=9.7 fio_mib=307 disk_mib=334 disk_ratio=1.09 other_writes_mib=2.8 streams_min_mbps=- iops=409.0 lat_p50_ms=8.5 lat_p95_ms=18.7 lat_p99_ms=43.8 status=ok
00:51:13 RUN n=173/6120 pass=3 test=rand ra=8192 mbps=27.9 secs=12.0 minsec_mbps=- slow_secs=- inflight=3.8 lat_ms=9.3 fio_mib=320 disk_mib=349 disk_ratio=1.09 other_writes_mib=6.0 streams_min_mbps=- iops=426.0 lat_p50_ms=8.5 lat_p95_ms=18.2 lat_p99_ms=30.3 status=ok
00:51:38 RUN n=174/6120 pass=3 test=conc ra=81920 mbps=656.1 secs=19.6 minsec_mbps=539 slow_secs=3 inflight=246.9 lat_ms=96.8 fio_mib=12288 disk_mib=12219 disk_ratio=0.99 other_writes_mib=9.3 streams_min_mbps=164.0 iops=- lat_p50_ms=- lat_p95_ms=- lat_p99_ms=- status=ok
00:51:54 RUN n=175/6120 pass=3 test=rand ra=16384 mbps=27.1 secs=12.0 minsec_mbps=- slow_secs=- inflight=3.8 lat_ms=9.6 fio_mib=310 disk_mib=340 disk_ratio=1.09 other_writes_mib=6.1 streams_min_mbps=- iops=413.6 lat_p50_ms=8.5 lat_p95_ms=19.3 lat_p99_ms=35.9 status=ok
00:52:12 RUN n=176/6120 pass=3 test=mixed ra=106496 mbps=757.6 secs=13.2 minsec_mbps=556 slow_secs=1 inflight=218.0 lat_ms=75.1 fio_mib=9542 disk_mib=9541 disk_ratio=1.00 other_writes_mib=6.2 streams_min_mbps=- iops=11.3 lat_p50_ms=77.1 lat_p95_ms=206.6 lat_p99_ms=244.3 status=ok
00:52:29 RUN n=177/6120 pass=3 test=seq ra=73728 mbps=774.4 secs=12.9 minsec_mbps=661 slow_secs=0 inflight=216.9 lat_ms=73.4 fio_mib=9542 disk_mib=9532 disk_ratio=1.00 other_writes_mib=20.6 streams_min_mbps=- iops=- lat_p50_ms=- lat_p95_ms=- lat_p99_ms=- status=NOISY:writes
00:52:47 RUN n=178/6120 pass=3 test=seq ra=81920 mbps=751.3 secs=13.3 minsec_mbps=539 slow_secs=2 inflight=214.2 lat_ms=73.9 fio_mib=9542 disk_mib=9532 disk_ratio=1.00 other_writes_mib=3.8 streams_min_mbps=- iops=- lat_p50_ms=- lat_p95_ms=- lat_p99_ms=- status=ok
00:53:05 RUN n=179/6120 pass=3 test=seq ra=40960 mbps=760.7 secs=13.2 minsec_mbps=489 slow_secs=1 inflight=155.9 lat_ms=54.3 fio_mib=9542 disk_mib=9532 disk_ratio=1.00 other_writes_mib=3.6 streams_min_mbps=- iops=- lat_p50_ms=- lat_p95_ms=- lat_p99_ms=- status=ok
00:53:31 RUN n=180/6120 pass=3 test=conc ra=16384 mbps=597.2 secs=21.6 minsec_mbps=474 slow_secs=11 inflight=236.3 lat_ms=102.6 fio_mib=12288 disk_mib=11946 disk_ratio=0.97 other_writes_mib=9.7 streams_min_mbps=149.3 iops=- lat_p50_ms=- lat_p95_ms=- lat_p99_ms=- status=ok
00:53:50 RUN n=181/6120 pass=3 test=seq ra=4096 mbps=735.0 secs=13.6 minsec_mbps=537 slow_secs=1 inflight=16.8 lat_ms=5.9 fio_mib=9542 disk_mib=9532 disk_ratio=1.00 other_writes_mib=3.7 streams_min_mbps=- iops=- lat_p50_ms=- lat_p95_ms=- lat_p99_ms=- status=ok
00:54:07 RUN n=182/6120 pass=3 test=mixed ra=131072 mbps=784.1 secs=12.8 minsec_mbps=659 slow_secs=0 inflight=219.5 lat_ms=73.4 fio_mib=9542 disk_mib=9540 disk_ratio=1.00 other_writes_mib=4.0 streams_min_mbps=- iops=9.7 lat_p50_ms=95.9 lat_p95_ms=229.6 lat_p99_ms=316.7 status=ok
00:54:25 RUN n=183/6120 pass=3 test=mixed ra=73728 mbps=749.4 secs=13.4 minsec_mbps=483 slow_secs=1 inflight=216.1 lat_ms=74.3 fio_mib=9542 disk_mib=9541 disk_ratio=1.00 other_writes_mib=4.8 streams_min_mbps=- iops=10.9 lat_p50_ms=82.3 lat_p95_ms=210.8 lat_p99_ms=278.9 status=ok
00:54:51 RUN n=184/6120 pass=3 test=conc ra=98304 mbps=597.2 secs=21.6 minsec_mbps=105 slow_secs=8 inflight=250.4 lat_ms=105.9 fio_mib=12288 disk_mib=12322 disk_ratio=1.00 other_writes_mib=18.2 streams_min_mbps=149.3 iops=- lat_p50_ms=- lat_p95_ms=- lat_p99_ms=- status=ok
00:55:10 RUN n=185/6120 pass=3 test=mixed ra=90112 mbps=728.2 secs=13.7 minsec_mbps=570 slow_secs=1 inflight=215.2 lat_ms=77.0 fio_mib=9542 disk_mib=9542 disk_ratio=1.00 other_writes_mib=9.4 streams_min_mbps=- iops=11.0 lat_p50_ms=79.2 lat_p95_ms=219.2 lat_p99_ms=299.9 status=ok
00:55:29 RUN n=186/6120 pass=3 test=mixed ra=32768 mbps=684.0 secs=14.6 minsec_mbps=594 slow_secs=1 inflight=132.1 lat_ms=49.3 fio_mib=9542 disk_mib=9548 disk_ratio=1.00 other_writes_mib=5.4 streams_min_mbps=- iops=18.2 lat_p50_ms=35.4 lat_p95_ms=158.3 lat_p99_ms=204.5 status=ok
00:55:46 RUN n=187/6120 pass=3 test=mixed ra=114688 mbps=774.2 secs=12.9 minsec_mbps=703 slow_secs=0 inflight=222.3 lat_ms=74.9 fio_mib=9542 disk_mib=9540 disk_ratio=1.00 other_writes_mib=4.8 streams_min_mbps=- iops=10.1 lat_p50_ms=90.7 lat_p95_ms=227.5 lat_p99_ms=316.7 status=ok
00:56:02 RUN n=188/6120 pass=3 test=rand ra=32768 mbps=27.3 secs=12.1 minsec_mbps=- slow_secs=- inflight=3.8 lat_ms=9.5 fio_mib=314 disk_mib=345 disk_ratio=1.10 other_writes_mib=8.5 streams_min_mbps=- iops=415.8 lat_p50_ms=8.5 lat_p95_ms=18.5 lat_p99_ms=33.8 status=ok
00:56:27 RUN n=189/6120 pass=3 test=conc ra=24576 mbps=639.0 secs=20.2 minsec_mbps=454 slow_secs=5 inflight=244.1 lat_ms=99.8 fio_mib=12288 disk_mib=11994 disk_ratio=0.98 other_writes_mib=8.4 streams_min_mbps=159.8 iops=- lat_p50_ms=- lat_p95_ms=- lat_p99_ms=- status=ok
00:56:45 RUN n=190/6120 pass=3 test=mixed ra=122880 mbps=737.6 secs=13.6 minsec_mbps=539 slow_secs=1 inflight=221.7 lat_ms=77.7 fio_mib=9542 disk_mib=9541 disk_ratio=1.00 other_writes_mib=20.8 streams_min_mbps=- iops=10.5 lat_p50_ms=86.5 lat_p95_ms=206.6 lat_p99_ms=267.4 status=NOISY:writes
00:57:08 RUN n=191/6120 pass=3 test=mixed ra=8192 mbps=548.8 secs=18.2 minsec_mbps=376 slow_secs=13 inflight=34.5 lat_ms=16.1 fio_mib=9542 disk_mib=9569 disk_ratio=1.00 other_writes_mib=6.8 streams_min_mbps=- iops=33.0 lat_p50_ms=19.0 lat_p95_ms=88.6 lat_p99_ms=143.7 status=ok
00:57:24 RUN n=192/6120 pass=3 test=rand ra=4096 mbps=28.9 secs=12.0 minsec_mbps=- slow_secs=- inflight=3.8 lat_ms=9.0 fio_mib=331 disk_mib=363 disk_ratio=1.10 other_writes_mib=2.8 streams_min_mbps=- iops=440.8 lat_p50_ms=8.4 lat_p95_ms=18.0 lat_p99_ms=26.6 status=ok
00:57:39 RUN n=193/6120 pass=3 test=rand ra=98304 mbps=28.2 secs=12.0 minsec_mbps=- slow_secs=- inflight=3.8 lat_ms=9.2 fio_mib=323 disk_mib=353 disk_ratio=1.09 other_writes_mib=2.4 streams_min_mbps=- iops=429.8 lat_p50_ms=8.3 lat_p95_ms=18.2 lat_p99_ms=31.9 status=ok
00:58:05 RUN n=194/6120 pass=3 test=conc ra=131072 mbps=630.9 secs=20.4 minsec_mbps=504 slow_secs=3 inflight=248.7 lat_ms=96.5 fio_mib=12288 disk_mib=12830 disk_ratio=1.04 other_writes_mib=10.5 streams_min_mbps=157.7 iops=- lat_p50_ms=- lat_p95_ms=- lat_p99_ms=- status=ok
00:58:30 RUN n=195/6120 pass=3 test=conc ra=122880 mbps=640.3 secs=20.1 minsec_mbps=550 slow_secs=6 inflight=250.9 lat_ms=97.7 fio_mib=12288 disk_mib=12484 disk_ratio=1.02 other_writes_mib=7.9 streams_min_mbps=160.1 iops=- lat_p50_ms=- lat_p95_ms=- lat_p99_ms=- status=ok
00:58:54 RUN n=196/6120 pass=3 test=conc ra=32768 mbps=664.0 secs=19.4 minsec_mbps=508 slow_secs=4 inflight=246.3 lat_ms=96.6 fio_mib=12288 disk_mib=12057 disk_ratio=0.98 other_writes_mib=16.0 streams_min_mbps=166.0 iops=- lat_p50_ms=- lat_p95_ms=- lat_p99_ms=- status=ok
00:59:11 RUN n=197/6120 pass=3 test=seq ra=131072 mbps=810.4 secs=12.3 minsec_mbps=665 slow_secs=0 inflight=225.6 lat_ms=73.0 fio_mib=9542 disk_mib=9532 disk_ratio=1.00 other_writes_mib=4.6 streams_min_mbps=- iops=- lat_p50_ms=- lat_p95_ms=- lat_p99_ms=- status=ok
00:59:29 RUN n=198/6120 pass=3 test=mixed ra=81920 mbps=783.6 secs=12.8 minsec_mbps=546 slow_secs=1 inflight=222.4 lat_ms=75.1 fio_mib=9542 disk_mib=9540 disk_ratio=1.00 other_writes_mib=2.5 streams_min_mbps=- iops=9.6 lat_p50_ms=92.8 lat_p95_ms=233.8 lat_p99_ms=325.1 status=ok
00:59:46 RUN n=199/6120 pass=3 test=seq ra=114688 mbps=808.7 secs=12.4 minsec_mbps=584 slow_secs=1 inflight=220.8 lat_ms=71.9 fio_mib=9542 disk_mib=9532 disk_ratio=1.00 other_writes_mib=2.6 streams_min_mbps=- iops=- lat_p50_ms=- lat_p95_ms=- lat_p99_ms=- status=ok
01:00:01 RUN n=200/6120 pass=3 test=rand ra=57344 mbps=27.6 secs=12.0 minsec_mbps=- slow_secs=- inflight=3.8 lat_ms=9.4 fio_mib=316 disk_mib=345 disk_ratio=1.09 other_writes_mib=8.5 streams_min_mbps=- iops=421.2 lat_p50_ms=8.4 lat_p95_ms=18.2 lat_p99_ms=35.4 status=ok
01:00:37 RUN n=201/6120 pass=3 test=conc ra=40960 mbps=412.7 secs=31.2 minsec_mbps=63 slow_secs=17 inflight=250.1 lat_ms=154.8 fio_mib=12288 disk_mib=12063 disk_ratio=0.98 other_writes_mib=13.8 streams_min_mbps=103.2 iops=- lat_p50_ms=- lat_p95_ms=- lat_p99_ms=- status=ok
01:00:55 RUN n=202/6120 pass=3 test=seq ra=49152 mbps=791.8 secs=12.6 minsec_mbps=603 slow_secs=0 inflight=178.2 lat_ms=60.5 fio_mib=9542 disk_mib=9532 disk_ratio=1.00 other_writes_mib=3.7 streams_min_mbps=- iops=- lat_p50_ms=- lat_p95_ms=- lat_p99_ms=- status=ok
01:01:15 RUN n=203/6120 pass=3 test=mixed ra=16384 mbps=657.5 secs=15.2 minsec_mbps=490 slow_secs=4 inflight=64.7 lat_ms=25.8 fio_mib=9542 disk_mib=9555 disk_ratio=1.00 other_writes_mib=4.0 streams_min_mbps=- iops=24.8 lat_p50_ms=29.8 lat_p95_ms=118.0 lat_p99_ms=187.7 status=ok
01:01:32 RUN n=204/6120 pass=3 test=mixed ra=98304 mbps=793.7 secs=12.6 minsec_mbps=543 slow_secs=1 inflight=217.9 lat_ms=73.8 fio_mib=9542 disk_mib=9540 disk_ratio=1.00 other_writes_mib=3.9 streams_min_mbps=- iops=10.0 lat_p50_ms=90.7 lat_p95_ms=231.7 lat_p99_ms=304.1 status=ok
01:01:49 RUN n=205/6120 pass=4 test=rand ra=40960 mbps=27.9 secs=12.0 minsec_mbps=- slow_secs=- inflight=3.8 lat_ms=9.3 fio_mib=319 disk_mib=349 disk_ratio=1.09 other_writes_mib=3.9 streams_min_mbps=- iops=425.4 lat_p50_ms=8.4 lat_p95_ms=18.5 lat_p99_ms=32.4 status=ok
01:02:18 RUN n=206/6120 pass=4 test=mixed ra=4096 mbps=413.6 secs=24.2 minsec_mbps=322 slow_secs=22 inflight=18.6 lat_ms=11.4 fio_mib=9542 disk_mib=9603 disk_ratio=1.01 other_writes_mib=10.5 streams_min_mbps=- iops=46.8 lat_p50_ms=14.0 lat_p95_ms=54.3 lat_p99_ms=103.3 status=ok
01:02:43 RUN n=207/6120 pass=4 test=conc ra=57344 mbps=656.4 secs=19.6 minsec_mbps=504 slow_secs=4 inflight=246.7 lat_ms=97.4 fio_mib=12288 disk_mib=12146 disk_ratio=0.99 other_writes_mib=17.3 streams_min_mbps=164.1 iops=- lat_p50_ms=- lat_p95_ms=- lat_p99_ms=- status=ok
01:02:59 RUN n=208/6120 pass=4 test=rand ra=131072 mbps=28.5 secs=12.1 minsec_mbps=- slow_secs=- inflight=3.8 lat_ms=9.1 fio_mib=329 disk_mib=361 disk_ratio=1.10 other_writes_mib=3.6 streams_min_mbps=- iops=434.9 lat_p50_ms=8.4 lat_p95_ms=18.0 lat_p99_ms=26.1 status=ok
01:03:16 RUN n=209/6120 pass=4 test=seq ra=114688 mbps=793.2 secs=12.6 minsec_mbps=657 slow_secs=0 inflight=223.8 lat_ms=73.3 fio_mib=9542 disk_mib=9532 disk_ratio=1.00 other_writes_mib=6.8 streams_min_mbps=- iops=- lat_p50_ms=- lat_p95_ms=- lat_p99_ms=- status=ok
01:03:33 RUN n=210/6120 pass=4 test=seq ra=106496 mbps=786.3 secs=12.7 minsec_mbps=568 slow_secs=1 inflight=216.6 lat_ms=72.9 fio_mib=9542 disk_mib=9532 disk_ratio=1.00 other_writes_mib=3.5 streams_min_mbps=- iops=- lat_p50_ms=- lat_p95_ms=- lat_p99_ms=- status=ok
01:03:49 RUN n=211/6120 pass=4 test=rand ra=57344 mbps=27.3 secs=12.0 minsec_mbps=- slow_secs=- inflight=3.8 lat_ms=9.5 fio_mib=313 disk_mib=342 disk_ratio=1.09 other_writes_mib=5.0 streams_min_mbps=- iops=417.0 lat_p50_ms=8.5 lat_p95_ms=19.3 lat_p99_ms=32.6 status=ok
01:04:06 RUN n=212/6120 pass=4 test=seq ra=90112 mbps=784.3 secs=12.8 minsec_mbps=615 slow_secs=0 inflight=219.4 lat_ms=73.1 fio_mib=9542 disk_mib=9532 disk_ratio=1.00 other_writes_mib=3.9 streams_min_mbps=- iops=- lat_p50_ms=- lat_p95_ms=- lat_p99_ms=- status=ok
01:04:23 RUN n=213/6120 pass=4 test=seq ra=16384 mbps=795.1 secs=12.6 minsec_mbps=552 slow_secs=1 inflight=63.2 lat_ms=20.8 fio_mib=9542 disk_mib=9532 disk_ratio=1.00 other_writes_mib=4.5 streams_min_mbps=- iops=- lat_p50_ms=- lat_p95_ms=- lat_p99_ms=- status=ok
01:04:39 RUN n=214/6120 pass=4 test=rand ra=49152 mbps=27.9 secs=12.0 minsec_mbps=- slow_secs=- inflight=3.8 lat_ms=9.3 fio_mib=320 disk_mib=352 disk_ratio=1.10 other_writes_mib=5.5 streams_min_mbps=- iops=426.4 lat_p50_ms=8.5 lat_p95_ms=18.2 lat_p99_ms=32.1 status=ok
01:04:54 RUN n=215/6120 pass=4 test=rand ra=106496 mbps=25.8 secs=12.0 minsec_mbps=- slow_secs=- inflight=3.8 lat_ms=10.1 fio_mib=295 disk_mib=323 disk_ratio=1.10 other_writes_mib=16.5 streams_min_mbps=- iops=393.0 lat_p50_ms=8.5 lat_p95_ms=19.8 lat_p99_ms=57.9 status=ok
01:05:12 RUN n=216/6120 pass=4 test=seq ra=8192 mbps=767.4 secs=13.0 minsec_mbps=355 slow_secs=1 inflight=32.7 lat_ms=11.1 fio_mib=9542 disk_mib=9532 disk_ratio=1.00 other_writes_mib=5.8 streams_min_mbps=- iops=- lat_p50_ms=- lat_p95_ms=- lat_p99_ms=- status=ok
01:05:36 RUN n=217/6120 pass=4 test=conc ra=40960 mbps=662.0 secs=19.5 minsec_mbps=469 slow_secs=5 inflight=246.0 lat_ms=96.5 fio_mib=12288 disk_mib=12063 disk_ratio=0.98 other_writes_mib=6.4 streams_min_mbps=165.5 iops=- lat_p50_ms=- lat_p95_ms=- lat_p99_ms=- status=ok
01:05:52 RUN n=218/6120 pass=4 test=rand ra=24576 mbps=28.6 secs=12.0 minsec_mbps=- slow_secs=- inflight=3.8 lat_ms=9.1 fio_mib=328 disk_mib=358 disk_ratio=1.09 other_writes_mib=3.6 streams_min_mbps=- iops=436.8 lat_p50_ms=8.3 lat_p95_ms=18.0 lat_p99_ms=27.4 status=ok
01:06:07 RUN n=219/6120 pass=4 test=rand ra=4096 mbps=29.4 secs=12.0 minsec_mbps=- slow_secs=- inflight=3.8 lat_ms=8.8 fio_mib=336 disk_mib=367 disk_ratio=1.09 other_writes_mib=7.0 streams_min_mbps=- iops=448.4 lat_p50_ms=8.3 lat_p95_ms=17.4 lat_p99_ms=25.3 status=ok
01:06:25 RUN n=220/6120 pass=4 test=mixed ra=131072 mbps=780.5 secs=12.8 minsec_mbps=641 slow_secs=0 inflight=221.5 lat_ms=74.2 fio_mib=9542 disk_mib=9540 disk_ratio=1.00 other_writes_mib=3.9 streams_min_mbps=- iops=10.4 lat_p50_ms=89.7 lat_p95_ms=229.6 lat_p99_ms=312.5 status=ok
01:06:40 RUN n=221/6120 pass=4 test=rand ra=81920 mbps=28.1 secs=12.0 minsec_mbps=- slow_secs=- inflight=3.8 lat_ms=9.2 fio_mib=321 disk_mib=353 disk_ratio=1.10 other_writes_mib=4.9 streams_min_mbps=- iops=428.0 lat_p50_ms=8.4 lat_p95_ms=18.2 lat_p99_ms=31.9 status=ok
01:07:22 RUN n=222/6120 pass=4 test=conc ra=98304 mbps=351.2 secs=36.7 minsec_mbps=51 slow_secs=23 inflight=251.1 lat_ms=180.2 fio_mib=12288 disk_mib=12329 disk_ratio=1.00 other_writes_mib=32.3 streams_min_mbps=87.8 iops=- lat_p50_ms=- lat_p95_ms=- lat_p99_ms=- status=NOISY:writes
01:07:41 RUN n=223/6120 pass=4 test=mixed ra=24576 mbps=696.6 secs=14.4 minsec_mbps=544 slow_secs=1 inflight=104.3 lat_ms=38.4 fio_mib=9542 disk_mib=9546 disk_ratio=1.00 other_writes_mib=2.4 streams_min_mbps=- iops=15.7 lat_p50_ms=46.9 lat_p95_ms=158.3 lat_p99_ms=231.7 status=ok
01:07:56 RUN n=224/6120 pass=4 test=rand ra=8192 mbps=28.6 secs=12.0 minsec_mbps=- slow_secs=- inflight=3.8 lat_ms=9.0 fio_mib=327 disk_mib=360 disk_ratio=1.10 other_writes_mib=4.7 streams_min_mbps=- iops=435.8 lat_p50_ms=8.3 lat_p95_ms=18.0 lat_p99_ms=28.7 status=ok
01:08:14 RUN n=225/6120 pass=4 test=seq ra=24576 mbps=785.2 secs=12.7 minsec_mbps=589 slow_secs=1 inflight=98.1 lat_ms=32.7 fio_mib=9542 disk_mib=9532 disk_ratio=1.00 other_writes_mib=18.9 streams_min_mbps=- iops=- lat_p50_ms=- lat_p95_ms=- lat_p99_ms=- status=ok
01:08:32 RUN n=226/6120 pass=4 test=seq ra=81920 mbps=762.1 secs=13.1 minsec_mbps=573 slow_secs=2 inflight=218.4 lat_ms=74.0 fio_mib=9542 disk_mib=9532 disk_ratio=1.00 other_writes_mib=3.9 streams_min_mbps=- iops=- lat_p50_ms=- lat_p95_ms=- lat_p99_ms=- status=ok
01:08:50 RUN n=227/6120 pass=4 test=mixed ra=90112 mbps=725.3 secs=13.8 minsec_mbps=456 slow_secs=1 inflight=220.5 lat_ms=79.3 fio_mib=9542 disk_mib=9541 disk_ratio=1.00 other_writes_mib=28.6 streams_min_mbps=- iops=10.3 lat_p50_ms=87.6 lat_p95_ms=215.0 lat_p99_ms=274.7 status=NOISY:writes
01:09:15 RUN n=228/6120 pass=4 test=conc ra=73728 mbps=663.2 secs=19.4 minsec_mbps=507 slow_secs=4 inflight=248.0 lat_ms=96.1 fio_mib=12288 disk_mib=12233 disk_ratio=1.00 other_writes_mib=5.8 streams_min_mbps=165.8 iops=- lat_p50_ms=- lat_p95_ms=- lat_p99_ms=- status=ok
01:09:32 RUN n=229/6120 pass=4 test=seq ra=131072 mbps=807.9 secs=12.4 minsec_mbps=612 slow_secs=0 inflight=221.5 lat_ms=72.5 fio_mib=9542 disk_mib=9532 disk_ratio=1.00 other_writes_mib=2.2 streams_min_mbps=- iops=- lat_p50_ms=- lat_p95_ms=- lat_p99_ms=- status=ok
01:09:54 RUN n=230/6120 pass=4 test=mixed ra=8192 mbps=561.4 secs=17.8 minsec_mbps=440 slow_secs=12 inflight=35.8 lat_ms=16.2 fio_mib=9542 disk_mib=9569 disk_ratio=1.00 other_writes_mib=5.7 streams_min_mbps=- iops=33.6 lat_p50_ms=20.3 lat_p95_ms=88.6 lat_p99_ms=141.6 status=ok
01:10:10 RUN n=231/6120 pass=4 test=rand ra=98304 mbps=29.0 secs=12.0 minsec_mbps=- slow_secs=- inflight=3.8 lat_ms=8.9 fio_mib=332 disk_mib=365 disk_ratio=1.10 other_writes_mib=6.7 streams_min_mbps=- iops=442.3 lat_p50_ms=8.3 lat_p95_ms=17.7 lat_p99_ms=26.6 status=ok
01:10:27 RUN n=232/6120 pass=4 test=seq ra=32768 mbps=788.1 secs=12.7 minsec_mbps=558 slow_secs=1 inflight=123.8 lat_ms=41.2 fio_mib=9542 disk_mib=9532 disk_ratio=1.00 other_writes_mib=5.9 streams_min_mbps=- iops=- lat_p50_ms=- lat_p95_ms=- lat_p99_ms=- status=ok
01:10:45 RUN n=233/6120 pass=4 test=mixed ra=73728 mbps=740.7 secs=13.5 minsec_mbps=563 slow_secs=2 inflight=214.0 lat_ms=75.4 fio_mib=9542 disk_mib=9541 disk_ratio=1.00 other_writes_mib=5.1 streams_min_mbps=- iops=11.3 lat_p50_ms=84.4 lat_p95_ms=233.8 lat_p99_ms=287.3 status=ok
01:11:12 RUN n=234/6120 pass=4 test=conc ra=114688 mbps=600.2 secs=21.5 minsec_mbps=60 slow_secs=5 inflight=249.7 lat_ms=103.8 fio_mib=12288 disk_mib=12575 disk_ratio=1.02 other_writes_mib=19.3 streams_min_mbps=150.0 iops=- lat_p50_ms=- lat_p95_ms=- lat_p99_ms=- status=ok
01:11:37 RUN n=235/6120 pass=4 test=conc ra=106496 mbps=630.6 secs=20.4 minsec_mbps=479 slow_secs=5 inflight=249.3 lat_ms=99.0 fio_mib=12288 disk_mib=12521 disk_ratio=1.02 other_writes_mib=5.5 streams_min_mbps=157.6 iops=- lat_p50_ms=- lat_p95_ms=- lat_p99_ms=- status=ok
01:11:55 RUN n=236/6120 pass=4 test=seq ra=4096 mbps=742.3 secs=13.5 minsec_mbps=674 slow_secs=0 inflight=16.9 lat_ms=5.9 fio_mib=9542 disk_mib=9532 disk_ratio=1.00 other_writes_mib=5.9 streams_min_mbps=- iops=- lat_p50_ms=- lat_p95_ms=- lat_p99_ms=- status=ok
01:12:21 RUN n=237/6120 pass=4 test=conc ra=65536 mbps=627.0 secs=20.6 minsec_mbps=492 slow_secs=7 inflight=249.8 lat_ms=101.6 fio_mib=12288 disk_mib=12146 disk_ratio=0.99 other_writes_mib=8.8 streams_min_mbps=156.8 iops=- lat_p50_ms=- lat_p95_ms=- lat_p99_ms=- status=ok
01:12:38 RUN n=238/6120 pass=4 test=mixed ra=81920 mbps=775.9 secs=12.9 minsec_mbps=553 slow_secs=1 inflight=223.4 lat_ms=76.0 fio_mib=9542 disk_mib=9540 disk_ratio=1.00 other_writes_mib=3.8 streams_min_mbps=- iops=10.7 lat_p50_ms=89.7 lat_p95_ms=223.3 lat_p99_ms=308.3 status=ok
01:12:56 RUN n=239/6120 pass=4 test=seq ra=57344 mbps=765.5 secs=13.1 minsec_mbps=525 slow_secs=2 inflight=196.1 lat_ms=67.4 fio_mib=9542 disk_mib=9532 disk_ratio=1.00 other_writes_mib=15.5 streams_min_mbps=- iops=- lat_p50_ms=- lat_p95_ms=- lat_p99_ms=- status=ok
01:13:23 RUN n=240/6120 pass=4 test=conc ra=16384 mbps=582.0 secs=22.1 minsec_mbps=482 slow_secs=12 inflight=232.0 lat_ms=104.0 fio_mib=12288 disk_mib=11946 disk_ratio=0.97 other_writes_mib=6.7 streams_min_mbps=145.5 iops=- lat_p50_ms=- lat_p95_ms=- lat_p99_ms=- status=ok
01:13:41 RUN n=241/6120 pass=4 test=mixed ra=114688 mbps=789.1 secs=12.7 minsec_mbps=665 slow_secs=0 inflight=220.4 lat_ms=74.5 fio_mib=9542 disk_mib=9539 disk_ratio=1.00 other_writes_mib=2.4 streams_min_mbps=- iops=9.6 lat_p50_ms=98.0 lat_p95_ms=235.9 lat_p99_ms=295.7 status=ok
01:14:05 RUN n=242/6120 pass=4 test=conc ra=81920 mbps=664.7 secs=19.4 minsec_mbps=546 slow_secs=3 inflight=247.8 lat_ms=95.9 fio_mib=12288 disk_mib=12219 disk_ratio=0.99 other_writes_mib=3.8 streams_min_mbps=166.2 iops=- lat_p50_ms=- lat_p95_ms=- lat_p99_ms=- status=ok
01:14:43 RUN n=243/6120 pass=4 test=conc ra=122880 mbps=396.4 secs=32.5 minsec_mbps=66 slow_secs=18 inflight=252.3 lat_ms=158.1 fio_mib=12288 disk_mib=12513 disk_ratio=1.02 other_writes_mib=12.0 streams_min_mbps=99.1 iops=- lat_p50_ms=- lat_p95_ms=- lat_p99_ms=- status=ok
01:15:08 RUN n=244/6120 pass=4 test=conc ra=24576 mbps=649.7 secs=19.8 minsec_mbps=544 slow_secs=4 inflight=247.8 lat_ms=98.7 fio_mib=12288 disk_mib=11975 disk_ratio=0.97 other_writes_mib=16.8 streams_min_mbps=162.4 iops=- lat_p50_ms=- lat_p95_ms=- lat_p99_ms=- status=ok
01:15:23 RUN n=245/6120 pass=4 test=rand ra=90112 mbps=28.3 secs=12.0 minsec_mbps=- slow_secs=- inflight=3.8 lat_ms=9.2 fio_mib=324 disk_mib=353 disk_ratio=1.09 other_writes_mib=5.1 streams_min_mbps=- iops=431.5 lat_p50_ms=8.5 lat_p95_ms=18.0 lat_p99_ms=27.9 status=ok
01:16:00 RUN n=246/6120 pass=4 test=conc ra=4096 mbps=406.3 secs=31.7 minsec_mbps=332 slow_secs=30 inflight=94.1 lat_ms=60.6 fio_mib=12288 disk_mib=11867 disk_ratio=0.97 other_writes_mib=9.8 streams_min_mbps=101.6 iops=- lat_p50_ms=- lat_p95_ms=- lat_p99_ms=- status=ok
01:16:17 RUN n=247/6120 pass=4 test=mixed ra=57344 mbps=797.2 secs=12.6 minsec_mbps=562 slow_secs=1 inflight=203.4 lat_ms=67.3 fio_mib=9542 disk_mib=9541 disk_ratio=1.00 other_writes_mib=4.2 streams_min_mbps=- iops=11.7 lat_p50_ms=78.1 lat_p95_ms=204.5 lat_p99_ms=225.4 status=ok
01:16:34 RUN n=248/6120 pass=4 test=mixed ra=106496 mbps=805.1 secs=12.4 minsec_mbps=623 slow_secs=0 inflight=225.1 lat_ms=74.4 fio_mib=9542 disk_mib=9539 disk_ratio=1.00 other_writes_mib=7.2 streams_min_mbps=- iops=9.1 lat_p50_ms=102.2 lat_p95_ms=242.2 lat_p99_ms=261.1 status=ok
01:17:01 RUN n=249/6120 pass=4 test=conc ra=131072 mbps=582.1 secs=22.1 minsec_mbps=135 slow_secs=4 inflight=248.5 lat_ms=104.1 fio_mib=12288 disk_mib=12830 disk_ratio=1.04 other_writes_mib=22.7 streams_min_mbps=145.5 iops=- lat_p50_ms=- lat_p95_ms=- lat_p99_ms=- status=NOISY:writes
01:17:19 RUN n=250/6120 pass=4 test=mixed ra=122880 mbps=782.7 secs=12.8 minsec_mbps=602 slow_secs=0 inflight=223.1 lat_ms=74.5 fio_mib=9542 disk_mib=9539 disk_ratio=1.00 other_writes_mib=2.7 streams_min_mbps=- iops=8.7 lat_p50_ms=105.4 lat_p95_ms=270.5 lat_p99_ms=337.6 status=ok
01:17:43 RUN n=251/6120 pass=4 test=conc ra=32768 mbps=668.5 secs=19.3 minsec_mbps=497 slow_secs=2 inflight=247.5 lat_ms=95.9 fio_mib=12288 disk_mib=12057 disk_ratio=0.98 other_writes_mib=6.2 streams_min_mbps=167.1 iops=- lat_p50_ms=- lat_p95_ms=- lat_p99_ms=- status=ok
01:18:00 RUN n=252/6120 pass=4 test=seq ra=122880 mbps=812.3 secs=12.3 minsec_mbps=706 slow_secs=0 inflight=222.3 lat_ms=72.8 fio_mib=9542 disk_mib=9532 disk_ratio=1.00 other_writes_mib=2.8 streams_min_mbps=- iops=- lat_p50_ms=- lat_p95_ms=- lat_p99_ms=- status=ok
01:18:16 RUN n=253/6120 pass=4 test=rand ra=114688 mbps=27.8 secs=12.0 minsec_mbps=- slow_secs=- inflight=3.8 lat_ms=9.3 fio_mib=318 disk_mib=350 disk_ratio=1.10 other_writes_mib=5.0 streams_min_mbps=- iops=423.7 lat_p50_ms=8.4 lat_p95_ms=18.2 lat_p99_ms=31.6 status=ok
01:18:31 RUN n=254/6120 pass=4 test=rand ra=73728 mbps=28.7 secs=12.0 minsec_mbps=- slow_secs=- inflight=3.8 lat_ms=9.0 fio_mib=328 disk_mib=362 disk_ratio=1.10 other_writes_mib=4.7 streams_min_mbps=- iops=437.3 lat_p50_ms=8.4 lat_p95_ms=18.0 lat_p99_ms=25.6 status=ok
01:18:48 RUN n=255/6120 pass=4 test=seq ra=40960 mbps=799.2 secs=12.5 minsec_mbps=658 slow_secs=0 inflight=151.1 lat_ms=50.4 fio_mib=9542 disk_mib=9532 disk_ratio=1.00 other_writes_mib=3.7 streams_min_mbps=- iops=- lat_p50_ms=- lat_p95_ms=- lat_p99_ms=- status=ok
01:19:06 RUN n=256/6120 pass=4 test=seq ra=49152 mbps=735.5 secs=13.6 minsec_mbps=475 slow_secs=2 inflight=177.2 lat_ms=63.6 fio_mib=9542 disk_mib=9532 disk_ratio=1.00 other_writes_mib=17.1 streams_min_mbps=- iops=- lat_p50_ms=- lat_p95_ms=- lat_p99_ms=- status=ok
01:19:22 RUN n=257/6120 pass=4 test=rand ra=32768 mbps=28.6 secs=12.0 minsec_mbps=- slow_secs=- inflight=3.8 lat_ms=9.1 fio_mib=328 disk_mib=361 disk_ratio=1.10 other_writes_mib=2.6 streams_min_mbps=- iops=435.8 lat_p50_ms=8.3 lat_p95_ms=17.7 lat_p99_ms=29.0 status=ok
01:19:39 RUN n=258/6120 pass=4 test=seq ra=73728 mbps=806.3 secs=12.4 minsec_mbps=653 slow_secs=0 inflight=221.2 lat_ms=72.9 fio_mib=9542 disk_mib=9532 disk_ratio=1.00 other_writes_mib=2.5 streams_min_mbps=- iops=- lat_p50_ms=- lat_p95_ms=- lat_p99_ms=- status=ok
01:19:57 RUN n=259/6120 pass=4 test=mixed ra=32768 mbps=710.8 secs=14.1 minsec_mbps=534 slow_secs=2 inflight=127.1 lat_ms=47.0 fio_mib=9542 disk_mib=9545 disk_ratio=1.00 other_writes_mib=2.7 streams_min_mbps=- iops=15.3 lat_p50_ms=57.4 lat_p95_ms=177.2 lat_p99_ms=235.9 status=ok
01:20:15 RUN n=260/6120 pass=4 test=mixed ra=49152 mbps=746.3 secs=13.4 minsec_mbps=628 slow_secs=0 inflight=181.1 lat_ms=64.7 fio_mib=9542 disk_mib=9542 disk_ratio=1.00 other_writes_mib=7.7 streams_min_mbps=- iops=12.2 lat_p50_ms=79.2 lat_p95_ms=179.3 lat_p99_ms=248.5 status=ok
01:20:42 RUN n=261/6120 pass=4 test=conc ra=90112 mbps=594.0 secs=21.7 minsec_mbps=98 slow_secs=5 inflight=249.9 lat_ms=105.5 fio_mib=12288 disk_mib=12371 disk_ratio=1.01 other_writes_mib=7.3 streams_min_mbps=148.5 iops=- lat_p50_ms=- lat_p95_ms=- lat_p99_ms=- status=ok
01:21:11 RUN n=262/6120 pass=4 test=conc ra=49152 mbps=553.3 secs=23.3 minsec_mbps=191 slow_secs=11 inflight=249.4 lat_ms=115.6 fio_mib=12288 disk_mib=12145 disk_ratio=0.99 other_writes_mib=22.3 streams_min_mbps=138.3 iops=- lat_p50_ms=- lat_p95_ms=- lat_p99_ms=- status=NOISY:writes
01:21:42 RUN n=263/6120 pass=4 test=conc ra=8192 mbps=488.0 secs=26.4 minsec_mbps=359 slow_secs=24 inflight=161.5 lat_ms=86.5 fio_mib=12288 disk_mib=11891 disk_ratio=0.97 other_writes_mib=6.8 streams_min_mbps=122.0 iops=- lat_p50_ms=- lat_p95_ms=- lat_p99_ms=- status=ok
01:22:00 RUN n=264/6120 pass=4 test=mixed ra=40960 mbps=753.3 secs=13.3 minsec_mbps=632 slow_secs=0 inflight=160.3 lat_ms=56.2 fio_mib=9542 disk_mib=9543 disk_ratio=1.00 other_writes_mib=2.9 streams_min_mbps=- iops=13.3 lat_p50_ms=62.1 lat_p95_ms=179.3 lat_p99_ms=240.1 status=ok
01:22:18 RUN n=265/6120 pass=4 test=mixed ra=65536 mbps=745.1 secs=13.4 minsec_mbps=581 slow_secs=2 inflight=212.7 lat_ms=75.3 fio_mib=9542 disk_mib=9541 disk_ratio=1.00 other_writes_mib=6.1 streams_min_mbps=- iops=10.8 lat_p50_ms=91.8 lat_p95_ms=235.9 lat_p99_ms=265.3 status=ok
01:22:35 RUN n=266/6120 pass=4 test=mixed ra=98304 mbps=793.9 secs=12.6 minsec_mbps=603 slow_secs=0 inflight=226.5 lat_ms=75.2 fio_mib=9542 disk_mib=9539 disk_ratio=1.00 other_writes_mib=4.1 streams_min_mbps=- iops=9.0 lat_p50_ms=104.3 lat_p95_ms=246.4 lat_p99_ms=274.7 status=ok
01:22:55 RUN n=267/6120 pass=4 test=mixed ra=16384 mbps=637.1 secs=15.7 minsec_mbps=536 slow_secs=4 inflight=64.6 lat_ms=26.6 fio_mib=9542 disk_mib=9556 disk_ratio=1.00 other_writes_mib=7.6 streams_min_mbps=- iops=25.0 lat_p50_ms=26.3 lat_p95_ms=111.7 lat_p99_ms=166.7 status=ok
01:23:13 RUN n=268/6120 pass=4 test=seq ra=98304 mbps=757.7 secs=13.2 minsec_mbps=366 slow_secs=1 inflight=220.8 lat_ms=77.8 fio_mib=9542 disk_mib=9532 disk_ratio=1.00 other_writes_mib=19.3 streams_min_mbps=- iops=- lat_p50_ms=- lat_p95_ms=- lat_p99_ms=- status=ok
01:23:29 RUN n=269/6120 pass=4 test=rand ra=16384 mbps=29.5 secs=12.0 minsec_mbps=- slow_secs=- inflight=3.8 lat_ms=8.8 fio_mib=338 disk_mib=370 disk_ratio=1.09 other_writes_mib=2.1 streams_min_mbps=- iops=449.9 lat_p50_ms=8.3 lat_p95_ms=17.4 lat_p99_ms=25.6 status=ok
01:23:44 RUN n=270/6120 pass=4 test=rand ra=122880 mbps=28.0 secs=12.0 minsec_mbps=- slow_secs=- inflight=3.8 lat_ms=9.2 fio_mib=320 disk_mib=352 disk_ratio=1.10 other_writes_mib=3.1 streams_min_mbps=- iops=426.6 lat_p50_ms=8.4 lat_p95_ms=18.2 lat_p99_ms=31.3 status=ok
01:24:00 RUN n=271/6120 pass=4 test=rand ra=65536 mbps=28.0 secs=12.0 minsec_mbps=- slow_secs=- inflight=3.8 lat_ms=9.2 fio_mib=320 disk_mib=351 disk_ratio=1.09 other_writes_mib=21.3 streams_min_mbps=- iops=427.1 lat_p50_ms=8.4 lat_p95_ms=18.0 lat_p99_ms=33.2 status=NOISY:writes
01:24:17 RUN n=272/6120 pass=4 test=seq ra=65536 mbps=801.6 secs=12.5 minsec_mbps=642 slow_secs=0 inflight=214.9 lat_ms=70.7 fio_mib=9542 disk_mib=9532 disk_ratio=1.00 other_writes_mib=3.5 streams_min_mbps=- iops=- lat_p50_ms=- lat_p95_ms=- lat_p99_ms=- status=ok
01:24:35 RUN n=273/6120 pass=5 test=seq ra=114688 mbps=844.7 secs=11.8 minsec_mbps=725 slow_secs=0 inflight=223.9 lat_ms=70.3 fio_mib=9542 disk_mib=9532 disk_ratio=1.00 other_writes_mib=4.4 streams_min_mbps=- iops=- lat_p50_ms=- lat_p95_ms=- lat_p99_ms=- status=ok
01:24:52 RUN n=274/6120 pass=5 test=seq ra=81920 mbps=808.6 secs=12.4 minsec_mbps=685 slow_secs=0 inflight=222.7 lat_ms=72.7 fio_mib=9542 disk_mib=9532 disk_ratio=1.00 other_writes_mib=3.5 streams_min_mbps=- iops=- lat_p50_ms=- lat_p95_ms=- lat_p99_ms=- status=ok
01:25:17 RUN n=275/6120 pass=5 test=seq ra=8192 mbps=496.2 secs=20.2 minsec_mbps=43 slow_secs=9 inflight=36.0 lat_ms=19.1 fio_mib=9542 disk_mib=9535 disk_ratio=1.00 other_writes_mib=106.0 streams_min_mbps=- iops=- lat_p50_ms=- lat_p95_ms=- lat_p99_ms=- status=NOISY:writes
01:25:32 RUN n=276/6120 pass=5 test=rand ra=122880 mbps=15.7 secs=12.0 minsec_mbps=- slow_secs=- inflight=3.8 lat_ms=16.6 fio_mib=180 disk_mib=197 disk_ratio=1.10 other_writes_mib=2.9 streams_min_mbps=- iops=239.8 lat_p50_ms=8.8 lat_p95_ms=90.7 lat_p99_ms=126.4 status=ok
01:25:52 RUN n=277/6120 pass=5 test=mixed ra=24576 mbps=689.5 secs=14.5 minsec_mbps=522 slow_secs=4 inflight=99.1 lat_ms=37.8 fio_mib=9542 disk_mib=9548 disk_ratio=1.00 other_writes_mib=2.8 streams_min_mbps=- iops=18.0 lat_p50_ms=41.2 lat_p95_ms=166.7 lat_p99_ms=227.5 status=ok
01:26:24 RUN n=278/6120 pass=5 test=conc ra=131072 mbps=476.9 secs=27.0 minsec_mbps=76 slow_secs=12 inflight=252.4 lat_ms=128.3 fio_mib=12288 disk_mib=12830 disk_ratio=1.04 other_writes_mib=12.2 streams_min_mbps=119.2 iops=- lat_p50_ms=- lat_p95_ms=- lat_p99_ms=- status=ok
01:26:39 RUN n=279/6120 pass=5 test=rand ra=81920 mbps=26.1 secs=12.0 minsec_mbps=- slow_secs=- inflight=3.8 lat_ms=9.9 fio_mib=299 disk_mib=327 disk_ratio=1.09 other_writes_mib=5.7 streams_min_mbps=- iops=398.9 lat_p50_ms=8.5 lat_p95_ms=18.5 lat_p99_ms=63.7 status=ok
01:27:10 RUN n=280/6120 pass=5 test=mixed ra=4096 mbps=377.3 secs=26.5 minsec_mbps=264 slow_secs=24 inflight=19.5 lat_ms=12.9 fio_mib=9542 disk_mib=9603 disk_ratio=1.01 other_writes_mib=10.9 streams_min_mbps=- iops=42.7 lat_p50_ms=14.9 lat_p95_ms=64.2 lat_p99_ms=130.5 status=ok
01:27:26 RUN n=281/6120 pass=5 test=rand ra=57344 mbps=8.3 secs=12.1 minsec_mbps=- slow_secs=- inflight=3.9 lat_ms=31.1 fio_mib=96 disk_mib=107 disk_ratio=1.11 other_writes_mib=92.9 streams_min_mbps=- iops=127.1 lat_p50_ms=9.2 lat_p95_ms=127.4 lat_p99_ms=383.8 status=NOISY:writes
01:27:44 RUN n=282/6120 pass=5 test=seq ra=73728 mbps=761.6 secs=13.1 minsec_mbps=473 slow_secs=2 inflight=211.9 lat_ms=74.3 fio_mib=9542 disk_mib=9532 disk_ratio=1.00 other_writes_mib=3.4 streams_min_mbps=- iops=- lat_p50_ms=- lat_p95_ms=- lat_p99_ms=- status=ok
01:28:02 RUN n=283/6120 pass=5 test=seq ra=32768 mbps=704.5 secs=14.2 minsec_mbps=457 slow_secs=5 inflight=128.5 lat_ms=47.8 fio_mib=9542 disk_mib=9532 disk_ratio=1.00 other_writes_mib=5.5 streams_min_mbps=- iops=- lat_p50_ms=- lat_p95_ms=- lat_p99_ms=- status=ok
01:28:19 RUN n=284/6120 pass=5 test=seq ra=98304 mbps=801.7 secs=12.5 minsec_mbps=666 slow_secs=0 inflight=227.5 lat_ms=74.6 fio_mib=9542 disk_mib=9532 disk_ratio=1.00 other_writes_mib=2.6 streams_min_mbps=- iops=- lat_p50_ms=- lat_p95_ms=- lat_p99_ms=- status=ok
01:28:35 RUN n=285/6120 pass=5 test=rand ra=24576 mbps=27.3 secs=12.0 minsec_mbps=- slow_secs=- inflight=3.8 lat_ms=9.5 fio_mib=313 disk_mib=343 disk_ratio=1.10 other_writes_mib=4.5 streams_min_mbps=- iops=416.3 lat_p50_ms=8.4 lat_p95_ms=18.0 lat_p99_ms=32.1 status=ok
01:29:13 RUN n=286/6120 pass=5 test=conc ra=4096 mbps=384.3 secs=33.5 minsec_mbps=291 slow_secs=31 inflight=92.6 lat_ms=62.8 fio_mib=12288 disk_mib=11867 disk_ratio=0.97 other_writes_mib=13.3 streams_min_mbps=96.1 iops=- lat_p50_ms=- lat_p95_ms=- lat_p99_ms=- status=ok
01:29:31 RUN n=287/6120 pass=5 test=seq ra=122880 mbps=781.6 secs=12.8 minsec_mbps=594 slow_secs=1 inflight=218.1 lat_ms=73.0 fio_mib=9542 disk_mib=9532 disk_ratio=1.00 other_writes_mib=2.2 streams_min_mbps=- iops=- lat_p50_ms=- lat_p95_ms=- lat_p99_ms=- status=ok
01:29:46 RUN n=288/6120 pass=5 test=rand ra=40960 mbps=27.6 secs=12.0 minsec_mbps=- slow_secs=- inflight=3.8 lat_ms=9.4 fio_mib=317 disk_mib=348 disk_ratio=1.10 other_writes_mib=2.6 streams_min_mbps=- iops=421.6 lat_p50_ms=8.4 lat_p95_ms=18.0 lat_p99_ms=31.3 status=ok
01:30:02 RUN n=289/6120 pass=5 test=rand ra=49152 mbps=25.0 secs=12.0 minsec_mbps=- slow_secs=- inflight=3.8 lat_ms=10.4 fio_mib=287 disk_mib=314 disk_ratio=1.10 other_writes_mib=4.2 streams_min_mbps=- iops=382.2 lat_p50_ms=8.5 lat_p95_ms=19.5 lat_p99_ms=71.8 status=ok
01:30:35 RUN n=290/6120 pass=5 test=conc ra=114688 mbps=457.0 secs=28.2 minsec_mbps=71 slow_secs=15 inflight=252.1 lat_ms=136.7 fio_mib=12288 disk_mib=12575 disk_ratio=1.02 other_writes_mib=10.4 streams_min_mbps=114.2 iops=- lat_p50_ms=- lat_p95_ms=- lat_p99_ms=- status=ok
01:30:53 RUN n=291/6120 pass=5 test=seq ra=106496 mbps=774.0 secs=12.9 minsec_mbps=657 slow_secs=0 inflight=224.4 lat_ms=75.9 fio_mib=9542 disk_mib=9532 disk_ratio=1.00 other_writes_mib=6.9 streams_min_mbps=- iops=- lat_p50_ms=- lat_p95_ms=- lat_p99_ms=- status=ok
01:31:11 RUN n=292/6120 pass=5 test=seq ra=65536 mbps=754.2 secs=13.3 minsec_mbps=518 slow_secs=1 inflight=214.8 lat_ms=74.3 fio_mib=9542 disk_mib=9532 disk_ratio=1.00 other_writes_mib=5.4 streams_min_mbps=- iops=- lat_p50_ms=- lat_p95_ms=- lat_p99_ms=- status=ok
01:31:26 RUN n=293/6120 pass=5 test=rand ra=106496 mbps=18.3 secs=12.0 minsec_mbps=- slow_secs=- inflight=3.9 lat_ms=14.2 fio_mib=210 disk_mib=232 disk_ratio=1.10 other_writes_mib=51.1 streams_min_mbps=- iops=279.5 lat_p50_ms=8.6 lat_p95_ms=25.6 lat_p99_ms=147.8 status=NOISY:writes
01:31:44 RUN n=294/6120 pass=5 test=seq ra=4096 mbps=754.3 secs=13.3 minsec_mbps=547 slow_secs=1 inflight=17.4 lat_ms=6.0 fio_mib=9542 disk_mib=9532 disk_ratio=1.00 other_writes_mib=3.1 streams_min_mbps=- iops=- lat_p50_ms=- lat_p95_ms=- lat_p99_ms=- status=ok
01:32:11 RUN n=295/6120 pass=5 test=conc ra=81920 mbps=585.6 secs=22.0 minsec_mbps=73 slow_secs=8 inflight=250.5 lat_ms=109.4 fio_mib=12288 disk_mib=12215 disk_ratio=0.99 other_writes_mib=7.4 streams_min_mbps=146.4 iops=- lat_p50_ms=- lat_p95_ms=- lat_p99_ms=- status=ok
01:32:37 RUN n=296/6120 pass=5 test=conc ra=122880 mbps=620.6 secs=20.8 minsec_mbps=520 slow_secs=5 inflight=250.2 lat_ms=100.9 fio_mib=12288 disk_mib=12511 disk_ratio=1.02 other_writes_mib=7.4 streams_min_mbps=155.2 iops=- lat_p50_ms=- lat_p95_ms=- lat_p99_ms=- status=ok
01:32:55 RUN n=297/6120 pass=5 test=mixed ra=81920 mbps=739.6 secs=13.5 minsec_mbps=482 slow_secs=1 inflight=215.8 lat_ms=75.9 fio_mib=9542 disk_mib=9540 disk_ratio=1.00 other_writes_mib=4.2 streams_min_mbps=- iops=9.9 lat_p50_ms=93.8 lat_p95_ms=231.7 lat_p99_ms=283.1 status=ok
01:33:13 RUN n=298/6120 pass=5 test=mixed ra=131072 mbps=731.2 secs=13.7 minsec_mbps=540 slow_secs=1 inflight=218.1 lat_ms=78.2 fio_mib=9542 disk_mib=9541 disk_ratio=1.00 other_writes_mib=6.8 streams_min_mbps=- iops=10.4 lat_p50_ms=86.5 lat_p95_ms=231.7 lat_p99_ms=333.4 status=ok
01:33:32 RUN n=299/6120 pass=5 test=seq ra=57344 mbps=709.3 secs=14.1 minsec_mbps=305 slow_secs=2 inflight=207.5 lat_ms=75.7 fio_mib=9542 disk_mib=9532 disk_ratio=1.00 other_writes_mib=30.1 streams_min_mbps=- iops=- lat_p50_ms=- lat_p95_ms=- lat_p99_ms=- status=NOISY:writes
01:33:50 RUN n=300/6120 pass=5 test=mixed ra=98304 mbps=756.0 secs=13.2 minsec_mbps=574 slow_secs=1 inflight=218.1 lat_ms=75.4 fio_mib=9542 disk_mib=9541 disk_ratio=1.00 other_writes_mib=2.6 streams_min_mbps=- iops=10.7 lat_p50_ms=86.5 lat_p95_ms=217.1 lat_p99_ms=263.2 status=ok
01:34:05 RUN n=301/6120 pass=5 test=rand ra=4096 mbps=26.8 secs=12.0 minsec_mbps=- slow_secs=- inflight=3.8 lat_ms=9.7 fio_mib=307 disk_mib=336 disk_ratio=1.09 other_writes_mib=2.1 streams_min_mbps=- iops=409.7 lat_p50_ms=8.5 lat_p95_ms=18.0 lat_p99_ms=45.9 status=ok
01:34:28 RUN n=302/6120 pass=5 test=mixed ra=8192 mbps=544.3 secs=18.4 minsec_mbps=400 slow_secs=11 inflight=35.9 lat_ms=16.7 fio_mib=9542 disk_mib=9572 disk_ratio=1.00 other_writes_mib=3.9 streams_min_mbps=- iops=34.6 lat_p50_ms=18.0 lat_p95_ms=91.8 lat_p99_ms=149.9 status=ok
01:34:54 RUN n=303/6120 pass=5 test=conc ra=106496 mbps=636.3 secs=20.2 minsec_mbps=540 slow_secs=3 inflight=248.2 lat_ms=97.7 fio_mib=12288 disk_mib=12514 disk_ratio=1.02 other_writes_mib=6.3 streams_min_mbps=159.1 iops=- lat_p50_ms=- lat_p95_ms=- lat_p99_ms=- status=ok
01:35:12 RUN n=304/6120 pass=5 test=seq ra=24576 mbps=713.6 secs=14.0 minsec_mbps=515 slow_secs=2 inflight=98.1 lat_ms=35.9 fio_mib=9542 disk_mib=9532 disk_ratio=1.00 other_writes_mib=10.3 streams_min_mbps=- iops=- lat_p50_ms=- lat_p95_ms=- lat_p99_ms=- status=ok
01:35:31 RUN n=305/6120 pass=5 test=mixed ra=122880 mbps=721.7 secs=13.9 minsec_mbps=335 slow_secs=3 inflight=225.4 lat_ms=82.6 fio_mib=9542 disk_mib=9540 disk_ratio=1.00 other_writes_mib=35.2 streams_min_mbps=- iops=8.9 lat_p50_ms=101.2 lat_p95_ms=263.2 lat_p99_ms=329.3 status=NOISY:writes
01:35:57 RUN n=306/6120 pass=5 test=conc ra=16384 mbps=607.3 secs=21.2 minsec_mbps=489 slow_secs=10 inflight=236.2 lat_ms=101.7 fio_mib=12288 disk_mib=11946 disk_ratio=0.97 other_writes_mib=5.8 streams_min_mbps=151.8 iops=- lat_p50_ms=- lat_p95_ms=- lat_p99_ms=- status=ok
01:36:13 RUN n=307/6120 pass=5 test=rand ra=98304 mbps=26.7 secs=12.0 minsec_mbps=- slow_secs=- inflight=3.8 lat_ms=9.7 fio_mib=306 disk_mib=336 disk_ratio=1.10 other_writes_mib=2.8 streams_min_mbps=- iops=407.8 lat_p50_ms=8.4 lat_p95_ms=18.2 lat_p99_ms=51.6 status=ok
01:36:38 RUN n=308/6120 pass=5 test=conc ra=90112 mbps=634.1 secs=20.3 minsec_mbps=504 slow_secs=6 inflight=250.2 lat_ms=99.6 fio_mib=12288 disk_mib=12350 disk_ratio=1.01 other_writes_mib=9.0 streams_min_mbps=158.5 iops=- lat_p50_ms=- lat_p95_ms=- lat_p99_ms=- status=ok
01:36:56 RUN n=309/6120 pass=5 test=seq ra=49152 mbps=781.3 secs=12.8 minsec_mbps=614 slow_secs=0 inflight=187.4 lat_ms=62.5 fio_mib=9542 disk_mib=9532 disk_ratio=1.00 other_writes_mib=3.3 streams_min_mbps=- iops=- lat_p50_ms=- lat_p95_ms=- lat_p99_ms=- status=ok
01:37:14 RUN n=310/6120 pass=5 test=mixed ra=49152 mbps=723.1 secs=13.8 minsec_mbps=586 slow_secs=1 inflight=190.6 lat_ms=68.2 fio_mib=9542 disk_mib=9542 disk_ratio=1.00 other_writes_mib=6.3 streams_min_mbps=- iops=11.6 lat_p50_ms=71.8 lat_p95_ms=215.0 lat_p99_ms=312.5 status=ok
01:37:40 RUN n=311/6120 pass=5 test=conc ra=57344 mbps=610.2 secs=21.1 minsec_mbps=147 slow_secs=7 inflight=250.0 lat_ms=105.0 fio_mib=12288 disk_mib=12137 disk_ratio=0.99 other_writes_mib=42.9 streams_min_mbps=152.6 iops=- lat_p50_ms=- lat_p95_ms=- lat_p99_ms=- status=NOISY:writes
01:37:55 RUN n=312/6120 pass=5 test=rand ra=90112 mbps=25.6 secs=12.0 minsec_mbps=- slow_secs=- inflight=3.8 lat_ms=10.1 fio_mib=293 disk_mib=320 disk_ratio=1.09 other_writes_mib=2.1 streams_min_mbps=- iops=390.4 lat_p50_ms=8.5 lat_p95_ms=19.3 lat_p99_ms=66.3 status=ok
01:38:28 RUN n=313/6120 pass=5 test=conc ra=32768 mbps=472.0 secs=27.3 minsec_mbps=77 slow_secs=14 inflight=249.0 lat_ms=135.8 fio_mib=12288 disk_mib=12057 disk_ratio=0.98 other_writes_mib=7.8 streams_min_mbps=118.0 iops=- lat_p50_ms=- lat_p95_ms=- lat_p99_ms=- status=ok
01:39:00 RUN n=314/6120 pass=5 test=conc ra=8192 mbps=471.1 secs=27.4 minsec_mbps=282 slow_secs=25 inflight=160.2 lat_ms=88.8 fio_mib=12288 disk_mib=11891 disk_ratio=0.97 other_writes_mib=9.5 streams_min_mbps=117.8 iops=- lat_p50_ms=- lat_p95_ms=- lat_p99_ms=- status=ok
01:39:18 RUN n=315/6120 pass=5 test=mixed ra=106496 mbps=769.3 secs=13.0 minsec_mbps=624 slow_secs=0 inflight=220.3 lat_ms=75.4 fio_mib=9542 disk_mib=9540 disk_ratio=1.00 other_writes_mib=3.8 streams_min_mbps=- iops=10.0 lat_p50_ms=90.7 lat_p95_ms=221.2 lat_p99_ms=350.2 status=ok
01:39:33 RUN n=316/6120 pass=5 test=rand ra=8192 mbps=22.7 secs=12.0 minsec_mbps=- slow_secs=- inflight=3.8 lat_ms=11.4 fio_mib=260 disk_mib=286 disk_ratio=1.10 other_writes_mib=24.2 streams_min_mbps=- iops=346.9 lat_p50_ms=8.6 lat_p95_ms=20.1 lat_p99_ms=111.7 status=NOISY:writes
01:40:02 RUN n=317/6120 pass=5 test=conc ra=65536 mbps=528.9 secs=24.4 minsec_mbps=95 slow_secs=12 inflight=250.2 lat_ms=121.2 fio_mib=12288 disk_mib=12099 disk_ratio=0.98 other_writes_mib=58.5 streams_min_mbps=132.2 iops=- lat_p50_ms=- lat_p95_ms=- lat_p99_ms=- status=NOISY:writes
01:40:29 RUN n=318/6120 pass=5 test=conc ra=40960 mbps=583.7 secs=22.1 minsec_mbps=80 slow_secs=7 inflight=249.7 lat_ms=110.3 fio_mib=12288 disk_mib=12063 disk_ratio=0.98 other_writes_mib=8.8 streams_min_mbps=145.9 iops=- lat_p50_ms=- lat_p95_ms=- lat_p99_ms=- status=ok
01:40:45 RUN n=319/6120 pass=5 test=rand ra=16384 mbps=25.6 secs=12.0 minsec_mbps=- slow_secs=- inflight=3.8 lat_ms=10.1 fio_mib=293 disk_mib=322 disk_ratio=1.10 other_writes_mib=5.5 streams_min_mbps=- iops=390.4 lat_p50_ms=8.5 lat_p95_ms=18.7 lat_p99_ms=57.9 status=ok
01:41:10 RUN n=320/6120 pass=5 test=conc ra=98304 mbps=650.2 secs=19.8 minsec_mbps=514 slow_secs=4 inflight=251.0 lat_ms=97.6 fio_mib=12288 disk_mib=12317 disk_ratio=1.00 other_writes_mib=8.4 streams_min_mbps=162.5 iops=- lat_p50_ms=- lat_p95_ms=- lat_p99_ms=- status=ok
01:41:31 RUN n=321/6120 pass=5 test=mixed ra=73728 mbps=612.2 secs=16.3 minsec_mbps=242 slow_secs=4 inflight=226.7 lat_ms=95.8 fio_mib=9542 disk_mib=9540 disk_ratio=1.00 other_writes_mib=85.9 streams_min_mbps=- iops=7.9 lat_p50_ms=105.4 lat_p95_ms=337.6 lat_p99_ms=442.5 status=NOISY:writes
01:41:50 RUN n=322/6120 pass=5 test=mixed ra=32768 mbps=687.0 secs=14.6 minsec_mbps=515 slow_secs=2 inflight=134.4 lat_ms=50.7 fio_mib=9542 disk_mib=9546 disk_ratio=1.00 other_writes_mib=2.8 streams_min_mbps=- iops=15.4 lat_p50_ms=51.6 lat_p95_ms=181.4 lat_p99_ms=254.8 status=ok
01:42:11 RUN n=323/6120 pass=5 test=mixed ra=16384 mbps=607.0 secs=16.5 minsec_mbps=408 slow_secs=5 inflight=68.0 lat_ms=28.9 fio_mib=9542 disk_mib=9556 disk_ratio=1.00 other_writes_mib=3.8 streams_min_mbps=- iops=23.7 lat_p50_ms=27.4 lat_p95_ms=119.0 lat_p99_ms=187.7 status=ok
01:42:29 RUN n=324/6120 pass=5 test=mixed ra=90112 mbps=759.1 secs=13.2 minsec_mbps=564 slow_secs=2 inflight=215.3 lat_ms=74.8 fio_mib=9542 disk_mib=9542 disk_ratio=1.00 other_writes_mib=4.2 streams_min_mbps=- iops=11.9 lat_p50_ms=75.0 lat_p95_ms=221.2 lat_p99_ms=346.0 status=ok
01:42:44 RUN n=325/6120 pass=5 test=rand ra=114688 mbps=26.9 secs=12.0 minsec_mbps=- slow_secs=- inflight=3.8 lat_ms=9.6 fio_mib=308 disk_mib=338 disk_ratio=1.10 other_writes_mib=3.8 streams_min_mbps=- iops=410.9 lat_p50_ms=8.4 lat_p95_ms=18.2 lat_p99_ms=50.6 status=ok
01:43:00 RUN n=326/6120 pass=5 test=rand ra=131072 mbps=26.7 secs=12.2 minsec_mbps=- slow_secs=- inflight=3.8 lat_ms=9.7 fio_mib=310 disk_mib=338 disk_ratio=1.09 other_writes_mib=6.6 streams_min_mbps=- iops=407.4 lat_p50_ms=8.3 lat_p95_ms=18.2 lat_p99_ms=42.7 status=ok
01:43:18 RUN n=327/6120 pass=5 test=seq ra=16384 mbps=741.1 secs=13.5 minsec_mbps=344 slow_secs=1 inflight=63.7 lat_ms=22.5 fio_mib=9542 disk_mib=9532 disk_ratio=1.00 other_writes_mib=4.7 streams_min_mbps=- iops=- lat_p50_ms=- lat_p95_ms=- lat_p99_ms=- status=ok
01:43:34 RUN n=328/6120 pass=5 test=rand ra=65536 mbps=23.6 secs=12.1 minsec_mbps=- slow_secs=- inflight=3.8 lat_ms=11.0 fio_mib=272 disk_mib=298 disk_ratio=1.10 other_writes_mib=29.6 streams_min_mbps=- iops=360.8 lat_p50_ms=8.5 lat_p95_ms=18.7 lat_p99_ms=91.8 status=NOISY:writes
01:43:51 RUN n=329/6120 pass=5 test=mixed ra=114688 mbps=765.8 secs=13.1 minsec_mbps=597 slow_secs=1 inflight=221.3 lat_ms=75.3 fio_mib=9542 disk_mib=9540 disk_ratio=1.00 other_writes_mib=2.8 streams_min_mbps=- iops=10.0 lat_p50_ms=100.1 lat_p95_ms=217.1 lat_p99_ms=252.7 status=ok
01:44:10 RUN n=330/6120 pass=5 test=mixed ra=40960 mbps=712.1 secs=14.1 minsec_mbps=608 slow_secs=0 inflight=162.1 lat_ms=59.2 fio_mib=9542 disk_mib=9543 disk_ratio=1.00 other_writes_mib=11.0 streams_min_mbps=- iops=13.0 lat_p50_ms=62.1 lat_p95_ms=187.7 lat_p99_ms=265.3 status=ok
01:44:27 RUN n=331/6120 pass=5 test=seq ra=131072 mbps=801.1 secs=12.5 minsec_mbps=664 slow_secs=0 inflight=224.0 lat_ms=73.2 fio_mib=9542 disk_mib=9532 disk_ratio=1.00 other_writes_mib=3.5 streams_min_mbps=- iops=- lat_p50_ms=- lat_p95_ms=- lat_p99_ms=- status=ok
01:44:44 RUN n=332/6120 pass=5 test=seq ra=40960 mbps=791.3 secs=12.6 minsec_mbps=584 slow_secs=1 inflight=152.6 lat_ms=51.9 fio_mib=9542 disk_mib=9532 disk_ratio=1.00 other_writes_mib=6.6 streams_min_mbps=- iops=- lat_p50_ms=- lat_p95_ms=- lat_p99_ms=- status=ok
01:45:02 RUN n=333/6120 pass=5 test=mixed ra=57344 mbps=751.8 secs=13.3 minsec_mbps=650 slow_secs=0 inflight=205.4 lat_ms=71.5 fio_mib=9542 disk_mib=9541 disk_ratio=1.00 other_writes_mib=8.1 streams_min_mbps=- iops=11.3 lat_p50_ms=75.0 lat_p95_ms=223.3 lat_p99_ms=274.7 status=ok
01:45:41 RUN n=334/6120 pass=5 test=conc ra=49152 mbps=378.0 secs=34.1 minsec_mbps=41 slow_secs=22 inflight=253.1 lat_ms=169.7 fio_mib=12288 disk_mib=12145 disk_ratio=0.99 other_writes_mib=60.6 streams_min_mbps=94.5 iops=- lat_p50_ms=- lat_p95_ms=- lat_p99_ms=- status=NOISY:writes
01:46:08 RUN n=335/6120 pass=5 test=conc ra=24576 mbps=591.5 secs=21.8 minsec_mbps=160 slow_secs=9 inflight=246.7 lat_ms=108.2 fio_mib=12288 disk_mib=11994 disk_ratio=0.98 other_writes_mib=6.7 streams_min_mbps=147.9 iops=- lat_p50_ms=- lat_p95_ms=- lat_p99_ms=- status=ok
01:46:24 RUN n=336/6120 pass=5 test=rand ra=73728 mbps=25.4 secs=12.0 minsec_mbps=- slow_secs=- inflight=3.8 lat_ms=10.2 fio_mib=291 disk_mib=319 disk_ratio=1.09 other_writes_mib=3.0 streams_min_mbps=- iops=388.1 lat_p50_ms=8.5 lat_p95_ms=18.2 lat_p99_ms=79.2 status=ok
01:46:41 RUN n=337/6120 pass=5 test=seq ra=90112 mbps=795.5 secs=12.6 minsec_mbps=601 slow_secs=0 inflight=225.0 lat_ms=74.0 fio_mib=9542 disk_mib=9532 disk_ratio=1.00 other_writes_mib=4.5 streams_min_mbps=- iops=- lat_p50_ms=- lat_p95_ms=- lat_p99_ms=- status=ok
01:46:56 RUN n=338/6120 pass=5 test=rand ra=32768 mbps=25.7 secs=12.0 minsec_mbps=- slow_secs=- inflight=3.8 lat_ms=10.1 fio_mib=294 disk_mib=324 disk_ratio=1.10 other_writes_mib=3.9 streams_min_mbps=- iops=392.3 lat_p50_ms=8.5 lat_p95_ms=18.5 lat_p99_ms=73.9 status=ok
01:47:14 RUN n=339/6120 pass=5 test=mixed ra=65536 mbps=741.1 secs=13.5 minsec_mbps=573 slow_secs=1 inflight=215.9 lat_ms=76.4 fio_mib=9542 disk_mib=9541 disk_ratio=1.00 other_writes_mib=5.0 streams_min_mbps=- iops=10.8 lat_p50_ms=83.4 lat_p95_ms=223.3 lat_p99_ms=261.1 status=ok
01:47:46 RUN n=340/6120 pass=5 test=conc ra=73728 mbps=479.1 secs=26.9 minsec_mbps=74 slow_secs=14 inflight=250.2 lat_ms=133.4 fio_mib=12288 disk_mib=12233 disk_ratio=1.00 other_writes_mib=45.8 streams_min_mbps=119.8 iops=- lat_p50_ms=- lat_p95_ms=- lat_p99_ms=- status=NOISY:writes
01:48:21 RUN n=341/6120 pass=6 test=conc ra=8192 mbps=466.3 secs=27.6 minsec_mbps=375 slow_secs=26 inflight=169.1 lat_ms=95.1 fio_mib=12288 disk_mib=11891 disk_ratio=0.97 other_writes_mib=7.3 streams_min_mbps=116.6 iops=- lat_p50_ms=- lat_p95_ms=- lat_p99_ms=- status=ok
01:48:36 RUN n=342/6120 pass=6 test=rand ra=90112 mbps=27.3 secs=12.0 minsec_mbps=- slow_secs=- inflight=3.8 lat_ms=9.5 fio_mib=312 disk_mib=342 disk_ratio=1.10 other_writes_mib=2.0 streams_min_mbps=- iops=415.9 lat_p50_ms=8.4 lat_p95_ms=17.7 lat_p99_ms=28.7 status=ok
01:48:54 RUN n=343/6120 pass=6 test=seq ra=8192 mbps=783.3 secs=12.8 minsec_mbps=594 slow_secs=1 inflight=32.4 lat_ms=10.8 fio_mib=9542 disk_mib=9532 disk_ratio=1.00 other_writes_mib=3.8 streams_min_mbps=- iops=- lat_p50_ms=- lat_p95_ms=- lat_p99_ms=- status=ok
01:49:28 RUN n=344/6120 pass=6 test=conc ra=131072 mbps=438.5 secs=29.4 minsec_mbps=79 slow_secs=16 inflight=251.6 lat_ms=139.7 fio_mib=12288 disk_mib=12830 disk_ratio=1.04 other_writes_mib=11.3 streams_min_mbps=109.6 iops=- lat_p50_ms=- lat_p95_ms=- lat_p99_ms=- status=ok
01:49:44 RUN n=345/6120 pass=6 test=rand ra=65536 mbps=23.9 secs=12.0 minsec_mbps=- slow_secs=- inflight=3.8 lat_ms=10.8 fio_mib=274 disk_mib=301 disk_ratio=1.10 other_writes_mib=27.1 streams_min_mbps=- iops=365.1 lat_p50_ms=8.5 lat_p95_ms=19.5 lat_p99_ms=76.0 status=NOISY:writes
01:50:02 RUN n=346/6120 pass=6 test=seq ra=131072 mbps=755.7 secs=13.2 minsec_mbps=548 slow_secs=2 inflight=221.0 lat_ms=76.9 fio_mib=9542 disk_mib=9532 disk_ratio=1.00 other_writes_mib=4.5 streams_min_mbps=- iops=- lat_p50_ms=- lat_p95_ms=- lat_p99_ms=- status=ok
01:50:26 RUN n=347/6120 pass=6 test=conc ra=65536 mbps=666.2 secs=19.3 minsec_mbps=558 slow_secs=6 inflight=250.0 lat_ms=96.4 fio_mib=12288 disk_mib=12123 disk_ratio=0.99 other_writes_mib=7.0 streams_min_mbps=166.6 iops=- lat_p50_ms=- lat_p95_ms=- lat_p99_ms=- status=ok
01:50:41 RUN n=348/6120 pass=6 test=rand ra=57344 mbps=26.3 secs=12.0 minsec_mbps=- slow_secs=- inflight=3.8 lat_ms=9.9 fio_mib=302 disk_mib=329 disk_ratio=1.09 other_writes_mib=2.4 streams_min_mbps=- iops=402.0 lat_p50_ms=8.5 lat_p95_ms=18.2 lat_p99_ms=34.9 status=ok
01:50:57 RUN n=349/6120 pass=6 test=rand ra=32768 mbps=26.6 secs=12.1 minsec_mbps=- slow_secs=- inflight=3.8 lat_ms=9.7 fio_mib=307 disk_mib=336 disk_ratio=1.10 other_writes_mib=5.2 streams_min_mbps=- iops=406.2 lat_p50_ms=8.3 lat_p95_ms=18.2 lat_p99_ms=46.4 status=ok
01:51:15 RUN n=350/6120 pass=6 test=mixed ra=81920 mbps=778.2 secs=12.9 minsec_mbps=590 slow_secs=1 inflight=215.7 lat_ms=73.1 fio_mib=9542 disk_mib=9540 disk_ratio=1.00 other_writes_mib=4.1 streams_min_mbps=- iops=9.9 lat_p50_ms=95.9 lat_p95_ms=215.0 lat_p99_ms=299.9 status=ok
01:51:33 RUN n=351/6120 pass=6 test=seq ra=40960 mbps=739.2 secs=13.5 minsec_mbps=614 slow_secs=0 inflight=152.2 lat_ms=53.9 fio_mib=9542 disk_mib=9532 disk_ratio=1.00 other_writes_mib=7.9 streams_min_mbps=- iops=- lat_p50_ms=- lat_p95_ms=- lat_p99_ms=- status=ok
01:52:00 RUN n=352/6120 pass=6 test=conc ra=16384 mbps=594.3 secs=21.7 minsec_mbps=483 slow_secs=13 inflight=232.3 lat_ms=102.2 fio_mib=12288 disk_mib=11946 disk_ratio=0.97 other_writes_mib=5.5 streams_min_mbps=148.6 iops=- lat_p50_ms=- lat_p95_ms=- lat_p99_ms=- status=ok
01:52:17 RUN n=353/6120 pass=6 test=seq ra=106496 mbps=795.9 secs=12.6 minsec_mbps=638 slow_secs=0 inflight=226.1 lat_ms=74.7 fio_mib=9542 disk_mib=9532 disk_ratio=1.00 other_writes_mib=2.4 streams_min_mbps=- iops=- lat_p50_ms=- lat_p95_ms=- lat_p99_ms=- status=ok
01:52:42 RUN n=354/6120 pass=6 test=conc ra=122880 mbps=632.3 secs=20.4 minsec_mbps=461 slow_secs=4 inflight=250.5 lat_ms=98.1 fio_mib=12288 disk_mib=12459 disk_ratio=1.01 other_writes_mib=9.2 streams_min_mbps=158.1 iops=- lat_p50_ms=- lat_p95_ms=- lat_p99_ms=- status=ok
01:53:00 RUN n=355/6120 pass=6 test=mixed ra=65536 mbps=772.8 secs=12.9 minsec_mbps=614 slow_secs=0 inflight=214.4 lat_ms=73.3 fio_mib=9542 disk_mib=9540 disk_ratio=1.00 other_writes_mib=4.8 streams_min_mbps=- iops=10.3 lat_p50_ms=91.8 lat_p95_ms=221.2 lat_p99_ms=320.9 status=ok
01:53:15 RUN n=356/6120 pass=6 test=rand ra=73728 mbps=27.9 secs=12.0 minsec_mbps=- slow_secs=- inflight=3.8 lat_ms=9.3 fio_mib=320 disk_mib=351 disk_ratio=1.10 other_writes_mib=5.3 streams_min_mbps=- iops=426.2 lat_p50_ms=8.4 lat_p95_ms=17.7 lat_p99_ms=27.4 status=ok
01:53:46 RUN n=357/6120 pass=6 test=conc ra=98304 mbps=488.8 secs=26.4 minsec_mbps=69 slow_secs=11 inflight=251.7 lat_ms=129.1 fio_mib=12288 disk_mib=12296 disk_ratio=1.00 other_writes_mib=40.4 streams_min_mbps=122.2 iops=- lat_p50_ms=- lat_p95_ms=- lat_p99_ms=- status=NOISY:writes
01:54:04 RUN n=358/6120 pass=6 test=seq ra=114688 mbps=765.8 secs=13.1 minsec_mbps=577 slow_secs=1 inflight=220.2 lat_ms=75.6 fio_mib=9542 disk_mib=9532 disk_ratio=1.00 other_writes_mib=4.6 streams_min_mbps=- iops=- lat_p50_ms=- lat_p95_ms=- lat_p99_ms=- status=ok
01:54:23 RUN n=359/6120 pass=6 test=mixed ra=24576 mbps=676.8 secs=14.8 minsec_mbps=478 slow_secs=2 inflight=96.6 lat_ms=37.4 fio_mib=9542 disk_mib=9550 disk_ratio=1.00 other_writes_mib=3.5 streams_min_mbps=- iops=19.6 lat_p50_ms=40.1 lat_p95_ms=141.6 lat_p99_ms=219.2 status=ok
01:54:40 RUN n=360/6120 pass=6 test=seq ra=90112 mbps=809.1 secs=12.4 minsec_mbps=581 slow_secs=1 inflight=222.0 lat_ms=72.0 fio_mib=9542 disk_mib=9532 disk_ratio=1.00 other_writes_mib=2.2 streams_min_mbps=- iops=- lat_p50_ms=- lat_p95_ms=- lat_p99_ms=- status=ok
01:55:07 RUN n=361/6120 pass=6 test=conc ra=32768 mbps=605.3 secs=21.3 minsec_mbps=195 slow_secs=7 inflight=246.6 lat_ms=104.6 fio_mib=12288 disk_mib=12057 disk_ratio=0.98 other_writes_mib=13.0 streams_min_mbps=151.3 iops=- lat_p50_ms=- lat_p95_ms=- lat_p99_ms=- status=ok
01:55:25 RUN n=362/6120 pass=6 test=mixed ra=49152 mbps=725.1 secs=13.8 minsec_mbps=589 slow_secs=1 inflight=181.5 lat_ms=66.0 fio_mib=9542 disk_mib=9542 disk_ratio=1.00 other_writes_mib=5.0 streams_min_mbps=- iops=12.4 lat_p50_ms=69.7 lat_p95_ms=217.1 lat_p99_ms=304.1 status=ok
01:55:44 RUN n=363/6120 pass=6 test=seq ra=65536 mbps=706.0 secs=14.2 minsec_mbps=205 slow_secs=3 inflight=212.6 lat_ms=79.7 fio_mib=9542 disk_mib=9532 disk_ratio=1.00 other_writes_mib=65.4 streams_min_mbps=- iops=- lat_p50_ms=- lat_p95_ms=- lat_p99_ms=- status=NOISY:writes
01:56:02 RUN n=364/6120 pass=6 test=seq ra=16384 mbps=751.3 secs=13.3 minsec_mbps=504 slow_secs=1 inflight=60.3 lat_ms=21.3 fio_mib=9542 disk_mib=9532 disk_ratio=1.00 other_writes_mib=5.4 streams_min_mbps=- iops=- lat_p50_ms=- lat_p95_ms=- lat_p99_ms=- status=ok
01:56:17 RUN n=365/6120 pass=6 test=rand ra=114688 mbps=25.1 secs=12.0 minsec_mbps=- slow_secs=- inflight=3.8 lat_ms=10.3 fio_mib=288 disk_mib=315 disk_ratio=1.09 other_writes_mib=6.9 streams_min_mbps=- iops=383.1 lat_p50_ms=8.5 lat_p95_ms=19.0 lat_p99_ms=73.9 status=ok
01:56:33 RUN n=366/6120 pass=6 test=rand ra=24576 mbps=29.5 secs=12.0 minsec_mbps=- slow_secs=- inflight=3.8 lat_ms=8.8 fio_mib=337 disk_mib=371 disk_ratio=1.10 other_writes_mib=4.1 streams_min_mbps=- iops=449.5 lat_p50_ms=8.2 lat_p95_ms=17.2 lat_p99_ms=24.8 status=ok
01:56:48 RUN n=367/6120 pass=6 test=rand ra=8192 mbps=26.5 secs=12.0 minsec_mbps=- slow_secs=- inflight=3.8 lat_ms=9.8 fio_mib=303 disk_mib=333 disk_ratio=1.10 other_writes_mib=5.5 streams_min_mbps=- iops=404.1 lat_p50_ms=8.5 lat_p95_ms=18.0 lat_p99_ms=39.6 status=ok
01:57:06 RUN n=368/6120 pass=6 test=mixed ra=114688 mbps=762.2 secs=13.1 minsec_mbps=596 slow_secs=1 inflight=223.4 lat_ms=76.5 fio_mib=9542 disk_mib=9540 disk_ratio=1.00 other_writes_mib=8.3 streams_min_mbps=- iops=9.7 lat_p50_ms=95.9 lat_p95_ms=235.9 lat_p99_ms=304.1 status=ok
01:57:32 RUN n=369/6120 pass=6 test=conc ra=49152 mbps=604.0 secs=21.3 minsec_mbps=186 slow_secs=4 inflight=247.6 lat_ms=104.5 fio_mib=12288 disk_mib=12145 disk_ratio=0.99 other_writes_mib=10.5 streams_min_mbps=151.0 iops=- lat_p50_ms=- lat_p95_ms=- lat_p99_ms=- status=ok
01:58:01 RUN n=370/6120 pass=6 test=conc ra=81920 mbps=535.2 secs=24.1 minsec_mbps=58 slow_secs=9 inflight=251.3 lat_ms=118.6 fio_mib=12288 disk_mib=12219 disk_ratio=0.99 other_writes_mib=38.6 streams_min_mbps=133.8 iops=- lat_p50_ms=- lat_p95_ms=- lat_p99_ms=- status=NOISY:writes
01:58:18 RUN n=371/6120 pass=6 test=seq ra=24576 mbps=789.0 secs=12.7 minsec_mbps=543 slow_secs=1 inflight=91.4 lat_ms=31.0 fio_mib=9542 disk_mib=9532 disk_ratio=1.00 other_writes_mib=2.4 streams_min_mbps=- iops=- lat_p50_ms=- lat_p95_ms=- lat_p99_ms=- status=ok
01:58:34 RUN n=372/6120 pass=6 test=rand ra=81920 mbps=28.7 secs=12.0 minsec_mbps=- slow_secs=- inflight=3.8 lat_ms=9.0 fio_mib=329 disk_mib=359 disk_ratio=1.09 other_writes_mib=3.7 streams_min_mbps=- iops=438.7 lat_p50_ms=8.4 lat_p95_ms=17.7 lat_p99_ms=26.6 status=ok
01:58:59 RUN n=373/6120 pass=6 test=conc ra=106496 mbps=644.2 secs=20.0 minsec_mbps=535 slow_secs=3 inflight=249.3 lat_ms=95.9 fio_mib=12288 disk_mib=12521 disk_ratio=1.02 other_writes_mib=6.2 streams_min_mbps=161.1 iops=- lat_p50_ms=- lat_p95_ms=- lat_p99_ms=- status=ok
01:59:22 RUN n=374/6120 pass=6 test=mixed ra=8192 mbps=547.8 secs=18.3 minsec_mbps=372 slow_secs=13 inflight=33.6 lat_ms=15.9 fio_mib=9542 disk_mib=9570 disk_ratio=1.00 other_writes_mib=6.0 streams_min_mbps=- iops=33.8 lat_p50_ms=18.2 lat_p95_ms=88.6 lat_p99_ms=147.8 status=ok
01:59:47 RUN n=375/6120 pass=6 test=conc ra=90112 mbps=630.6 secs=20.4 minsec_mbps=546 slow_secs=1 inflight=243.2 lat_ms=96.9 fio_mib=12288 disk_mib=12310 disk_ratio=1.00 other_writes_mib=22.1 streams_min_mbps=157.6 iops=- lat_p50_ms=- lat_p95_ms=- lat_p99_ms=- status=NOISY:writes
02:00:03 RUN n=376/6120 pass=6 test=rand ra=40960 mbps=26.9 secs=12.0 minsec_mbps=- slow_secs=- inflight=4.1 lat_ms=9.8 fio_mib=309 disk_mib=341 disk_ratio=1.11 other_writes_mib=8.2 streams_min_mbps=- iops=411.0 lat_p50_ms=8.5 lat_p95_ms=20.1 lat_p99_ms=32.6 status=ok
02:00:18 RUN n=377/6120 pass=6 test=rand ra=98304 mbps=26.3 secs=12.0 minsec_mbps=- slow_secs=- inflight=3.9 lat_ms=10.0 fio_mib=301 disk_mib=332 disk_ratio=1.10 other_writes_mib=3.0 streams_min_mbps=- iops=400.9 lat_p50_ms=8.4 lat_p95_ms=19.0 lat_p99_ms=50.6 status=ok
02:00:37 RUN n=378/6120 pass=6 test=mixed ra=122880 mbps=711.0 secs=14.1 minsec_mbps=284 slow_secs=1 inflight=228.5 lat_ms=84.7 fio_mib=9542 disk_mib=9540 disk_ratio=1.00 other_writes_mib=151.5 streams_min_mbps=- iops=9.2 lat_p50_ms=99.1 lat_p95_ms=283.1 lat_p99_ms=417.3 status=NOISY:writes
02:00:59 RUN n=379/6120 pass=6 test=mixed ra=16384 mbps=579.7 secs=17.3 minsec_mbps=432 slow_secs=9 inflight=69.5 lat_ms=30.9 fio_mib=9542 disk_mib=9595 disk_ratio=1.01 other_writes_mib=8.0 streams_min_mbps=- iops=23.7 lat_p50_ms=30.5 lat_p95_ms=114.8 lat_p99_ms=164.6 status=ok
02:01:18 RUN n=380/6120 pass=6 test=mixed ra=131072 mbps=680.7 secs=14.7 minsec_mbps=372 slow_secs=2 inflight=226.9 lat_ms=86.8 fio_mib=9542 disk_mib=9611 disk_ratio=1.01 other_writes_mib=106.7 streams_min_mbps=- iops=10.3 lat_p50_ms=82.3 lat_p95_ms=256.9 lat_p99_ms=446.7 status=NOISY:writes
02:01:40 RUN n=381/6120 pass=6 test=mixed ra=32768 mbps=575.0 secs=17.4 minsec_mbps=404 slow_secs=9 inflight=138.9 lat_ms=59.8 fio_mib=9542 disk_mib=9584 disk_ratio=1.00 other_writes_mib=146.9 streams_min_mbps=- iops=15.0 lat_p50_ms=52.7 lat_p95_ms=166.7 lat_p99_ms=238.0 status=NOISY:writes
02:02:01 RUN n=382/6120 pass=6 test=mixed ra=57344 mbps=622.5 secs=16.1 minsec_mbps=205 slow_secs=4 inflight=206.8 lat_ms=82.6 fio_mib=9542 disk_mib=9564 disk_ratio=1.00 other_writes_mib=44.4 streams_min_mbps=- iops=10.1 lat_p50_ms=93.8 lat_p95_ms=206.6 lat_p99_ms=358.6 status=NOISY:writes
02:02:23 RUN n=383/6120 pass=6 test=seq ra=32768 mbps=560.1 secs=17.9 minsec_mbps=445 slow_secs=9 inflight=148.0 lat_ms=66.8 fio_mib=9542 disk_mib=9781 disk_ratio=1.03 other_writes_mib=6.0 streams_min_mbps=- iops=- lat_p50_ms=- lat_p95_ms=- lat_p99_ms=- status=ok
02:03:06 RUN n=384/6120 pass=6 test=conc ra=57344 mbps=372.8 secs=34.6 minsec_mbps=64 slow_secs=22 inflight=251.8 lat_ms=170.8 fio_mib=12288 disk_mib=12146 disk_ratio=0.99 other_writes_mib=22.9 streams_min_mbps=93.2 iops=- lat_p50_ms=- lat_p95_ms=- lat_p99_ms=- status=NOISY:writes
02:03:22 RUN n=385/6120 pass=6 test=rand ra=16384 mbps=25.1 secs=12.0 minsec_mbps=- slow_secs=- inflight=3.8 lat_ms=10.3 fio_mib=288 disk_mib=316 disk_ratio=1.10 other_writes_mib=5.5 streams_min_mbps=- iops=383.6 lat_p50_ms=8.6 lat_p95_ms=19.3 lat_p99_ms=76.0 status=ok
02:03:47 RUN n=386/6120 pass=6 test=conc ra=24576 mbps=627.0 secs=20.5 minsec_mbps=213 slow_secs=5 inflight=247.2 lat_ms=101.4 fio_mib=12288 disk_mib=11994 disk_ratio=0.98 other_writes_mib=7.4 streams_min_mbps=156.8 iops=- lat_p50_ms=- lat_p95_ms=- lat_p99_ms=- status=ok
02:04:07 RUN n=387/6120 pass=6 test=mixed ra=40960 mbps=655.9 secs=15.3 minsec_mbps=197 slow_secs=3 inflight=157.2 lat_ms=63.0 fio_mib=9542 disk_mib=9544 disk_ratio=1.00 other_writes_mib=57.7 streams_min_mbps=- iops=11.5 lat_p50_ms=72.9 lat_p95_ms=231.7 lat_p99_ms=429.9 status=NOISY:writes
02:04:25 RUN n=388/6120 pass=6 test=mixed ra=106496 mbps=753.4 secs=13.3 minsec_mbps=534 slow_secs=3 inflight=220.9 lat_ms=77.5 fio_mib=9542 disk_mib=9540 disk_ratio=1.00 other_writes_mib=4.7 streams_min_mbps=- iops=9.3 lat_p50_ms=100.1 lat_p95_ms=242.2 lat_p99_ms=325.1 status=ok
02:05:02 RUN n=389/6120 pass=6 test=conc ra=4096 mbps=403.9 secs=31.9 minsec_mbps=323 slow_secs=30 inflight=91.1 lat_ms=58.5 fio_mib=12288 disk_mib=11867 disk_ratio=0.97 other_writes_mib=12.5 streams_min_mbps=101.0 iops=- lat_p50_ms=- lat_p95_ms=- lat_p99_ms=- status=ok
02:05:17 RUN n=390/6120 pass=6 test=rand ra=4096 mbps=27.3 secs=12.0 minsec_mbps=- slow_secs=- inflight=3.8 lat_ms=9.5 fio_mib=312 disk_mib=342 disk_ratio=1.10 other_writes_mib=4.4 streams_min_mbps=- iops=415.9 lat_p50_ms=8.5 lat_p95_ms=18.7 lat_p99_ms=37.0 status=ok
02:05:35 RUN n=391/6120 pass=6 test=mixed ra=73728 mbps=760.3 secs=13.2 minsec_mbps=615 slow_secs=0 inflight=216.9 lat_ms=76.1 fio_mib=9542 disk_mib=9540 disk_ratio=1.00 other_writes_mib=3.9 streams_min_mbps=- iops=9.9 lat_p50_ms=90.7 lat_p95_ms=221.2 lat_p99_ms=242.2 status=ok
02:05:53 RUN n=392/6120 pass=6 test=mixed ra=90112 mbps=779.5 secs=12.8 minsec_mbps=493 slow_secs=1 inflight=223.1 lat_ms=75.4 fio_mib=9542 disk_mib=9540 disk_ratio=1.00 other_writes_mib=7.3 streams_min_mbps=- iops=10.7 lat_p50_ms=86.5 lat_p95_ms=210.8 lat_p99_ms=287.3 status=ok
02:06:10 RUN n=393/6120 pass=6 test=seq ra=4096 mbps=762.7 secs=13.1 minsec_mbps=438 slow_secs=1 inflight=16.3 lat_ms=5.6 fio_mib=9542 disk_mib=9532 disk_ratio=1.00 other_writes_mib=3.5 streams_min_mbps=- iops=- lat_p50_ms=- lat_p95_ms=- lat_p99_ms=- status=ok
02:06:26 RUN n=394/6120 pass=6 test=rand ra=49152 mbps=27.4 secs=12.0 minsec_mbps=- slow_secs=- inflight=3.8 lat_ms=9.5 fio_mib=313 disk_mib=343 disk_ratio=1.09 other_writes_mib=6.1 streams_min_mbps=- iops=417.5 lat_p50_ms=8.4 lat_p95_ms=17.7 lat_p99_ms=33.8 status=ok
02:06:43 RUN n=395/6120 pass=6 test=seq ra=73728 mbps=820.3 secs=12.2 minsec_mbps=598 slow_secs=1 inflight=218.0 lat_ms=71.1 fio_mib=9542 disk_mib=9532 disk_ratio=1.00 other_writes_mib=5.2 streams_min_mbps=- iops=- lat_p50_ms=- lat_p95_ms=- lat_p99_ms=- status=ok
02:07:10 RUN n=396/6120 pass=6 test=conc ra=73728 mbps=579.4 secs=22.2 minsec_mbps=94 slow_secs=8 inflight=249.4 lat_ms=108.7 fio_mib=12288 disk_mib=12233 disk_ratio=1.00 other_writes_mib=8.1 streams_min_mbps=144.8 iops=- lat_p50_ms=- lat_p95_ms=- lat_p99_ms=- status=ok
02:07:27 RUN n=397/6120 pass=6 test=seq ra=49152 mbps=782.9 secs=12.8 minsec_mbps=578 slow_secs=1 inflight=179.3 lat_ms=60.7 fio_mib=9542 disk_mib=9532 disk_ratio=1.00 other_writes_mib=5.0 streams_min_mbps=- iops=- lat_p50_ms=- lat_p95_ms=- lat_p99_ms=- status=ok
02:07:44 RUN n=398/6120 pass=6 test=seq ra=122880 mbps=834.9 secs=12.0 minsec_mbps=752 slow_secs=0 inflight=225.1 lat_ms=71.3 fio_mib=9542 disk_mib=9532 disk_ratio=1.00 other_writes_mib=4.6 streams_min_mbps=- iops=- lat_p50_ms=- lat_p95_ms=- lat_p99_ms=- status=ok
02:08:12 RUN n=399/6120 pass=6 test=conc ra=114688 mbps=549.6 secs=23.4 minsec_mbps=78 slow_secs=7 inflight=250.7 lat_ms=112.5 fio_mib=12288 disk_mib=12575 disk_ratio=1.02 other_writes_mib=36.4 streams_min_mbps=137.4 iops=- lat_p50_ms=- lat_p95_ms=- lat_p99_ms=- status=NOISY:writes
02:08:30 RUN n=400/6120 pass=6 test=mixed ra=98304 mbps=776.5 secs=12.9 minsec_mbps=580 slow_secs=2 inflight=223.1 lat_ms=76.0 fio_mib=9542 disk_mib=9541 disk_ratio=1.00 other_writes_mib=4.1 streams_min_mbps=- iops=11.2 lat_p50_ms=82.3 lat_p95_ms=196.1 lat_p99_ms=312.5 status=ok
02:08:54 RUN n=401/6120 pass=6 test=conc ra=40960 mbps=681.0 secs=18.9 minsec_mbps=560 slow_secs=2 inflight=246.3 lat_ms=93.2 fio_mib=12288 disk_mib=12063 disk_ratio=0.98 other_writes_mib=4.1 streams_min_mbps=170.2 iops=- lat_p50_ms=- lat_p95_ms=- lat_p99_ms=- status=ok
02:09:22 RUN n=402/6120 pass=6 test=mixed ra=4096 mbps=429.0 secs=23.3 minsec_mbps=259 slow_secs=21 inflight=18.6 lat_ms=11.0 fio_mib=9542 disk_mib=9600 disk_ratio=1.01 other_writes_mib=8.7 streams_min_mbps=- iops=46.6 lat_p50_ms=14.7 lat_p95_ms=55.3 lat_p99_ms=90.7 status=ok
02:09:37 RUN n=403/6120 pass=6 test=rand ra=122880 mbps=27.1 secs=12.0 minsec_mbps=- slow_secs=- inflight=3.8 lat_ms=9.6 fio_mib=311 disk_mib=340 disk_ratio=1.10 other_writes_mib=5.2 streams_min_mbps=- iops=413.9 lat_p50_ms=8.4 lat_p95_ms=18.5 lat_p99_ms=32.9 status=ok
02:09:54 RUN n=404/6120 pass=6 test=seq ra=98304 mbps=820.3 secs=12.2 minsec_mbps=676 slow_secs=0 inflight=220.1 lat_ms=71.8 fio_mib=9542 disk_mib=9532 disk_ratio=1.00 other_writes_mib=4.0 streams_min_mbps=- iops=- lat_p50_ms=- lat_p95_ms=- lat_p99_ms=- status=ok
02:10:09 RUN n=405/6120 pass=6 test=rand ra=131072 mbps=23.6 secs=12.0 minsec_mbps=- slow_secs=- inflight=3.8 lat_ms=11.0 fio_mib=270 disk_mib=296 disk_ratio=1.09 other_writes_mib=20.8 streams_min_mbps=- iops=360.4 lat_p50_ms=8.5 lat_p95_ms=21.1 lat_p99_ms=105.4 status=NOISY:writes
02:10:25 RUN n=406/6120 pass=6 test=rand ra=106496 mbps=29.8 secs=12.0 minsec_mbps=- slow_secs=- inflight=3.8 lat_ms=8.7 fio_mib=341 disk_mib=374 disk_ratio=1.10 other_writes_mib=3.0 streams_min_mbps=- iops=454.5 lat_p50_ms=8.3 lat_p95_ms=17.2 lat_p99_ms=25.8 status=ok
02:10:42 RUN n=407/6120 pass=6 test=seq ra=57344 mbps=821.1 secs=12.2 minsec_mbps=513 slow_secs=1 inflight=197.6 lat_ms=64.4 fio_mib=9542 disk_mib=9532 disk_ratio=1.00 other_writes_mib=8.6 streams_min_mbps=- iops=- lat_p50_ms=- lat_p95_ms=- lat_p99_ms=- status=ok
02:10:59 RUN n=408/6120 pass=6 test=seq ra=81920 mbps=813.9 secs=12.3 minsec_mbps=652 slow_secs=0 inflight=220.1 lat_ms=71.8 fio_mib=9542 disk_mib=9532 disk_ratio=1.00 other_writes_mib=3.3 streams_min_mbps=- iops=- lat_p50_ms=- lat_p95_ms=- lat_p99_ms=- status=ok
02:11:16 RUN n=409/6120 pass=7 test=rand ra=114688 mbps=27.7 secs=12.0 minsec_mbps=- slow_secs=- inflight=3.8 lat_ms=9.3 fio_mib=317 disk_mib=347 disk_ratio=1.09 other_writes_mib=4.5 streams_min_mbps=- iops=422.5 lat_p50_ms=8.4 lat_p95_ms=18.0 lat_p99_ms=32.4 status=ok
02:11:33 RUN n=410/6120 pass=7 test=seq ra=73728 mbps=813.1 secs=12.3 minsec_mbps=583 slow_secs=1 inflight=216.9 lat_ms=70.7 fio_mib=9542 disk_mib=9532 disk_ratio=1.00 other_writes_mib=19.4 streams_min_mbps=- iops=- lat_p50_ms=- lat_p95_ms=- lat_p99_ms=- status=ok
02:11:48 RUN n=411/6120 pass=7 test=rand ra=90112 mbps=28.4 secs=12.0 minsec_mbps=- slow_secs=- inflight=3.8 lat_ms=9.1 fio_mib=325 disk_mib=357 disk_ratio=1.10 other_writes_mib=3.9 streams_min_mbps=- iops=433.0 lat_p50_ms=8.4 lat_p95_ms=17.7 lat_p99_ms=29.5 status=ok
02:12:04 RUN n=412/6120 pass=7 test=rand ra=4096 mbps=25.9 secs=12.0 minsec_mbps=- slow_secs=- inflight=4.2 lat_ms=10.3 fio_mib=297 disk_mib=330 disk_ratio=1.11 other_writes_mib=5.0 streams_min_mbps=- iops=394.9 lat_p50_ms=8.7 lat_p95_ms=20.6 lat_p99_ms=36.4 status=ok
02:12:19 RUN n=413/6120 pass=7 test=rand ra=122880 mbps=19.3 secs=12.0 minsec_mbps=- slow_secs=- inflight=4.1 lat_ms=13.5 fio_mib=221 disk_mib=246 disk_ratio=1.12 other_writes_mib=144.8 streams_min_mbps=- iops=294.0 lat_p50_ms=8.7 lat_p95_ms=21.9 lat_p99_ms=139.5 status=NOISY:writes
02:12:50 RUN n=414/6120 pass=7 test=conc ra=90112 mbps=508.7 secs=25.3 minsec_mbps=81 slow_secs=10 inflight=251.4 lat_ms=123.1 fio_mib=12288 disk_mib=12357 disk_ratio=1.01 other_writes_mib=8.3 streams_min_mbps=127.2 iops=- lat_p50_ms=- lat_p95_ms=- lat_p99_ms=- status=ok
02:13:15 RUN n=415/6120 pass=7 test=conc ra=114688 mbps=637.9 secs=20.2 minsec_mbps=436 slow_secs=2 inflight=249.9 lat_ms=96.7 fio_mib=12288 disk_mib=12575 disk_ratio=1.02 other_writes_mib=4.6 streams_min_mbps=159.5 iops=- lat_p50_ms=- lat_p95_ms=- lat_p99_ms=- status=ok
02:13:32 RUN n=416/6120 pass=7 test=seq ra=24576 mbps=801.8 secs=12.5 minsec_mbps=636 slow_secs=0 inflight=95.6 lat_ms=31.3 fio_mib=9542 disk_mib=9532 disk_ratio=1.00 other_writes_mib=5.0 streams_min_mbps=- iops=- lat_p50_ms=- lat_p95_ms=- lat_p99_ms=- status=ok
02:13:49 RUN n=417/6120 pass=7 test=seq ra=106496 mbps=793.6 secs=12.6 minsec_mbps=449 slow_secs=1 inflight=221.0 lat_ms=73.4 fio_mib=9542 disk_mib=9532 disk_ratio=1.00 other_writes_mib=3.9 streams_min_mbps=- iops=- lat_p50_ms=- lat_p95_ms=- lat_p99_ms=- status=ok
02:14:14 RUN n=418/6120 pass=7 test=conc ra=57344 mbps=648.9 secs=19.9 minsec_mbps=518 slow_secs=7 inflight=250.4 lat_ms=97.8 fio_mib=12288 disk_mib=12127 disk_ratio=0.99 other_writes_mib=15.3 streams_min_mbps=162.2 iops=- lat_p50_ms=- lat_p95_ms=- lat_p99_ms=- status=ok
02:14:32 RUN n=419/6120 pass=7 test=mixed ra=40960 mbps=752.9 secs=13.3 minsec_mbps=580 slow_secs=1 inflight=158.7 lat_ms=55.4 fio_mib=9542 disk_mib=9544 disk_ratio=1.00 other_writes_mib=5.9 streams_min_mbps=- iops=14.5 lat_p50_ms=57.4 lat_p95_ms=187.7 lat_p99_ms=244.3 status=ok
02:14:49 RUN n=420/6120 pass=7 test=mixed ra=73728 mbps=784.3 secs=12.8 minsec_mbps=653 slow_secs=0 inflight=217.4 lat_ms=73.1 fio_mib=9542 disk_mib=9540 disk_ratio=1.00 other_writes_mib=2.5 streams_min_mbps=- iops=10.2 lat_p50_ms=85.5 lat_p95_ms=219.2 lat_p99_ms=274.7 status=ok
02:15:25 RUN n=421/6120 pass=7 test=conc ra=122880 mbps=422.8 secs=30.5 minsec_mbps=63 slow_secs=15 inflight=251.8 lat_ms=146.4 fio_mib=12288 disk_mib=12513 disk_ratio=1.02 other_writes_mib=21.2 streams_min_mbps=105.7 iops=- lat_p50_ms=- lat_p95_ms=- lat_p99_ms=- status=NOISY:writes
02:15:40 RUN n=422/6120 pass=7 test=rand ra=32768 mbps=29.7 secs=12.0 minsec_mbps=- slow_secs=- inflight=3.8 lat_ms=8.7 fio_mib=340 disk_mib=373 disk_ratio=1.10 other_writes_mib=5.5 streams_min_mbps=- iops=453.4 lat_p50_ms=8.2 lat_p95_ms=17.2 lat_p99_ms=25.6 status=ok
02:15:58 RUN n=423/6120 pass=7 test=mixed ra=49152 mbps=755.2 secs=13.2 minsec_mbps=557 slow_secs=1 inflight=189.0 lat_ms=65.9 fio_mib=9542 disk_mib=9542 disk_ratio=1.00 other_writes_mib=6.5 streams_min_mbps=- iops=12.6 lat_p50_ms=52.7 lat_p95_ms=204.5 lat_p99_ms=274.7 status=ok
02:16:30 RUN n=424/6120 pass=7 test=conc ra=8192 mbps=475.2 secs=27.1 minsec_mbps=332 slow_secs=25 inflight=151.2 lat_ms=82.0 fio_mib=12288 disk_mib=11891 disk_ratio=0.97 other_writes_mib=26.9 streams_min_mbps=118.8 iops=- lat_p50_ms=- lat_p95_ms=- lat_p99_ms=- status=NOISY:writes
02:16:47 RUN n=425/6120 pass=7 test=seq ra=32768 mbps=805.2 secs=12.4 minsec_mbps=673 slow_secs=0 inflight=125.0 lat_ms=41.1 fio_mib=9542 disk_mib=9532 disk_ratio=1.00 other_writes_mib=2.4 streams_min_mbps=- iops=- lat_p50_ms=- lat_p95_ms=- lat_p99_ms=- status=ok
02:17:03 RUN n=426/6120 pass=7 test=rand ra=65536 mbps=29.1 secs=12.0 minsec_mbps=- slow_secs=- inflight=3.8 lat_ms=8.9 fio_mib=334 disk_mib=365 disk_ratio=1.09 other_writes_mib=4.6 streams_min_mbps=- iops=444.5 lat_p50_ms=8.3 lat_p95_ms=18.0 lat_p99_ms=26.6 status=ok
02:17:26 RUN n=427/6120 pass=7 test=mixed ra=8192 mbps=529.7 secs=18.9 minsec_mbps=370 slow_secs=14 inflight=34.5 lat_ms=16.9 fio_mib=9542 disk_mib=9574 disk_ratio=1.00 other_writes_mib=6.8 streams_min_mbps=- iops=35.5 lat_p50_ms=20.3 lat_p95_ms=85.5 lat_p99_ms=137.4 status=ok
02:17:48 RUN n=428/6120 pass=7 test=mixed ra=32768 mbps=695.5 secs=14.4 minsec_mbps=541 slow_secs=1 inflight=124.6 lat_ms=46.8 fio_mib=9542 disk_mib=9591 disk_ratio=1.01 other_writes_mib=4.2 streams_min_mbps=- iops=17.3 lat_p50_ms=38.5 lat_p95_ms=156.2 lat_p99_ms=210.8 status=ok
02:18:13 RUN n=429/6120 pass=7 test=conc ra=32768 mbps=649.3 secs=19.8 minsec_mbps=583 slow_secs=2 inflight=249.1 lat_ms=97.5 fio_mib=12288 disk_mib=12041 disk_ratio=0.98 other_writes_mib=7.1 streams_min_mbps=162.3 iops=- lat_p50_ms=- lat_p95_ms=- lat_p99_ms=- status=ok
02:18:31 RUN n=430/6120 pass=7 test=mixed ra=131072 mbps=754.8 secs=13.3 minsec_mbps=573 slow_secs=1 inflight=213.4 lat_ms=73.2 fio_mib=9542 disk_mib=9732 disk_ratio=1.02 other_writes_mib=3.6 streams_min_mbps=- iops=11.7 lat_p50_ms=85.5 lat_p95_ms=187.7 lat_p99_ms=261.1 status=ok
02:18:48 RUN n=431/6120 pass=7 test=seq ra=122880 mbps=840.1 secs=11.9 minsec_mbps=682 slow_secs=0 inflight=219.2 lat_ms=69.3 fio_mib=9542 disk_mib=9532 disk_ratio=1.00 other_writes_mib=2.6 streams_min_mbps=- iops=- lat_p50_ms=- lat_p95_ms=- lat_p99_ms=- status=ok
02:19:16 RUN n=432/6120 pass=7 test=mixed ra=4096 mbps=419.3 secs=23.9 minsec_mbps=279 slow_secs=22 inflight=18.2 lat_ms=11.0 fio_mib=9542 disk_mib=9605 disk_ratio=1.01 other_writes_mib=7.5 streams_min_mbps=- iops=48.9 lat_p50_ms=14.0 lat_p95_ms=50.6 lat_p99_ms=89.7 status=ok
02:19:52 RUN n=433/6120 pass=7 test=conc ra=106496 mbps=417.6 secs=30.9 minsec_mbps=63 slow_secs=18 inflight=252.2 lat_ms=148.5 fio_mib=12288 disk_mib=12487 disk_ratio=1.02 other_writes_mib=11.6 streams_min_mbps=104.4 iops=- lat_p50_ms=- lat_p95_ms=- lat_p99_ms=- status=ok
02:20:10 RUN n=434/6120 pass=7 test=mixed ra=57344 mbps=754.1 secs=13.3 minsec_mbps=544 slow_secs=1 inflight=203.1 lat_ms=71.2 fio_mib=9542 disk_mib=9540 disk_ratio=1.00 other_writes_mib=13.9 streams_min_mbps=- iops=9.3 lat_p50_ms=107.5 lat_p95_ms=221.2 lat_p99_ms=299.9 status=ok
02:20:25 RUN n=435/6120 pass=7 test=rand ra=40960 mbps=28.4 secs=12.0 minsec_mbps=- slow_secs=- inflight=3.8 lat_ms=9.1 fio_mib=326 disk_mib=355 disk_ratio=1.09 other_writes_mib=18.6 streams_min_mbps=- iops=433.8 lat_p50_ms=8.3 lat_p95_ms=18.0 lat_p99_ms=26.6 status=ok
02:20:42 RUN n=436/6120 pass=7 test=mixed ra=122880 mbps=793.8 secs=12.6 minsec_mbps=691 slow_secs=0 inflight=223.6 lat_ms=74.2 fio_mib=9542 disk_mib=9540 disk_ratio=1.00 other_writes_mib=5.9 streams_min_mbps=- iops=10.2 lat_p50_ms=93.8 lat_p95_ms=210.8 lat_p99_ms=252.7 status=ok
02:20:59 RUN n=437/6120 pass=7 test=seq ra=65536 mbps=811.4 secs=12.3 minsec_mbps=577 slow_secs=1 inflight=214.4 lat_ms=70.1 fio_mib=9542 disk_mib=9532 disk_ratio=1.00 other_writes_mib=2.3 streams_min_mbps=- iops=- lat_p50_ms=- lat_p95_ms=- lat_p99_ms=- status=ok
02:21:15 RUN n=438/6120 pass=7 test=rand ra=81920 mbps=28.8 secs=12.0 minsec_mbps=- slow_secs=- inflight=3.8 lat_ms=9.0 fio_mib=330 disk_mib=361 disk_ratio=1.09 other_writes_mib=2.4 streams_min_mbps=- iops=439.6 lat_p50_ms=8.3 lat_p95_ms=17.4 lat_p99_ms=26.3 status=ok
02:21:41 RUN n=439/6120 pass=7 test=conc ra=65536 mbps=598.3 secs=21.5 minsec_mbps=96 slow_secs=6 inflight=250.6 lat_ms=105.9 fio_mib=12288 disk_mib=12151 disk_ratio=0.99 other_writes_mib=8.6 streams_min_mbps=149.6 iops=- lat_p50_ms=- lat_p95_ms=- lat_p99_ms=- status=ok
02:21:58 RUN n=440/6120 pass=7 test=seq ra=114688 mbps=818.4 secs=12.2 minsec_mbps=680 slow_secs=0 inflight=222.9 lat_ms=72.9 fio_mib=9542 disk_mib=9532 disk_ratio=1.00 other_writes_mib=4.9 streams_min_mbps=- iops=- lat_p50_ms=- lat_p95_ms=- lat_p99_ms=- status=ok
02:22:15 RUN n=441/6120 pass=7 test=mixed ra=81920 mbps=806.6 secs=12.4 minsec_mbps=685 slow_secs=0 inflight=219.6 lat_ms=72.2 fio_mib=9542 disk_mib=9540 disk_ratio=1.00 other_writes_mib=3.5 streams_min_mbps=- iops=9.9 lat_p50_ms=95.9 lat_p95_ms=210.8 lat_p99_ms=242.2 status=ok
02:22:32 RUN n=442/6120 pass=7 test=seq ra=49152 mbps=828.7 secs=12.1 minsec_mbps=648 slow_secs=0 inflight=184.4 lat_ms=59.0 fio_mib=9542 disk_mib=9532 disk_ratio=1.00 other_writes_mib=3.8 streams_min_mbps=- iops=- lat_p50_ms=- lat_p95_ms=- lat_p99_ms=- status=ok
02:22:49 RUN n=443/6120 pass=7 test=seq ra=90112 mbps=820.3 secs=12.2 minsec_mbps=598 slow_secs=1 inflight=219.1 lat_ms=71.5 fio_mib=9542 disk_mib=9532 disk_ratio=1.00 other_writes_mib=2.3 streams_min_mbps=- iops=- lat_p50_ms=- lat_p95_ms=- lat_p99_ms=- status=ok
02:23:04 RUN n=444/6120 pass=7 test=rand ra=24576 mbps=27.5 secs=12.0 minsec_mbps=- slow_secs=- inflight=3.8 lat_ms=9.4 fio_mib=315 disk_mib=346 disk_ratio=1.10 other_writes_mib=4.9 streams_min_mbps=- iops=419.8 lat_p50_ms=8.4 lat_p95_ms=18.5 lat_p99_ms=34.9 status=ok
02:23:28 RUN n=445/6120 pass=7 test=conc ra=98304 mbps=671.3 secs=19.2 minsec_mbps=582 slow_secs=1 inflight=248.7 lat_ms=93.3 fio_mib=12288 disk_mib=12329 disk_ratio=1.00 other_writes_mib=5.6 streams_min_mbps=167.8 iops=- lat_p50_ms=- lat_p95_ms=- lat_p99_ms=- status=ok
02:23:46 RUN n=446/6120 pass=7 test=mixed ra=90112 mbps=784.1 secs=12.8 minsec_mbps=598 slow_secs=1 inflight=223.0 lat_ms=75.5 fio_mib=9542 disk_mib=9541 disk_ratio=1.00 other_writes_mib=4.0 streams_min_mbps=- iops=11.5 lat_p50_ms=86.5 lat_p95_ms=194.0 lat_p99_ms=254.8 status=ok
02:24:11 RUN n=447/6120 pass=7 test=conc ra=131072 mbps=635.2 secs=20.3 minsec_mbps=535 slow_secs=3 inflight=250.7 lat_ms=94.8 fio_mib=12288 disk_mib=12827 disk_ratio=1.04 other_writes_mib=7.2 streams_min_mbps=158.8 iops=- lat_p50_ms=- lat_p95_ms=- lat_p99_ms=- status=ok
02:24:29 RUN n=448/6120 pass=7 test=mixed ra=106496 mbps=760.8 secs=13.2 minsec_mbps=264 slow_secs=2 inflight=220.5 lat_ms=77.5 fio_mib=9542 disk_mib=9540 disk_ratio=1.00 other_writes_mib=13.9 streams_min_mbps=- iops=9.6 lat_p50_ms=102.2 lat_p95_ms=235.9 lat_p99_ms=278.9 status=ok
02:24:46 RUN n=449/6120 pass=7 test=mixed ra=65536 mbps=800.0 secs=12.5 minsec_mbps=615 slow_secs=0 inflight=214.3 lat_ms=71.1 fio_mib=9542 disk_mib=9540 disk_ratio=1.00 other_writes_mib=2.3 streams_min_mbps=- iops=10.2 lat_p50_ms=91.8 lat_p95_ms=210.8 lat_p99_ms=278.9 status=ok
02:25:11 RUN n=450/6120 pass=7 test=conc ra=24576 mbps=662.0 secs=19.5 minsec_mbps=546 slow_secs=4 inflight=243.5 lat_ms=94.8 fio_mib=12288 disk_mib=11994 disk_ratio=0.98 other_writes_mib=11.4 streams_min_mbps=165.5 iops=- lat_p50_ms=- lat_p95_ms=- lat_p99_ms=- status=ok
02:25:26 RUN n=451/6120 pass=7 test=rand ra=131072 mbps=28.5 secs=12.0 minsec_mbps=- slow_secs=- inflight=3.8 lat_ms=9.1 fio_mib=326 disk_mib=357 disk_ratio=1.10 other_writes_mib=7.2 streams_min_mbps=- iops=434.4 lat_p50_ms=8.3 lat_p95_ms=18.0 lat_p99_ms=27.9 status=ok
02:25:43 RUN n=452/6120 pass=7 test=seq ra=81920 mbps=830.1 secs=12.1 minsec_mbps=692 slow_secs=0 inflight=220.6 lat_ms=70.5 fio_mib=9542 disk_mib=9532 disk_ratio=1.00 other_writes_mib=4.6 streams_min_mbps=- iops=- lat_p50_ms=- lat_p95_ms=- lat_p99_ms=- status=ok
02:26:09 RUN n=453/6120 pass=7 test=conc ra=16384 mbps=622.6 secs=20.7 minsec_mbps=487 slow_secs=9 inflight=235.6 lat_ms=97.5 fio_mib=12288 disk_mib=11946 disk_ratio=0.97 other_writes_mib=9.2 streams_min_mbps=155.7 iops=- lat_p50_ms=- lat_p95_ms=- lat_p99_ms=- status=ok
02:26:26 RUN n=454/6120 pass=7 test=mixed ra=114688 mbps=795.7 secs=12.6 minsec_mbps=631 slow_secs=0 inflight=220.0 lat_ms=73.3 fio_mib=9542 disk_mib=9540 disk_ratio=1.00 other_writes_mib=17.5 streams_min_mbps=- iops=10.4 lat_p50_ms=89.7 lat_p95_ms=233.8 lat_p99_ms=304.1 status=ok
02:26:43 RUN n=455/6120 pass=7 test=seq ra=40960 mbps=796.6 secs=12.6 minsec_mbps=626 slow_secs=0 inflight=155.7 lat_ms=52.0 fio_mib=9542 disk_mib=9532 disk_ratio=1.00 other_writes_mib=3.2 streams_min_mbps=- iops=- lat_p50_ms=- lat_p95_ms=- lat_p99_ms=- status=ok
02:27:07 RUN n=456/6120 pass=7 test=conc ra=73728 mbps=671.9 secs=19.2 minsec_mbps=557 slow_secs=3 inflight=246.5 lat_ms=92.9 fio_mib=12288 disk_mib=12233 disk_ratio=1.00 other_writes_mib=6.0 streams_min_mbps=168.0 iops=- lat_p50_ms=- lat_p95_ms=- lat_p99_ms=- status=ok
02:27:24 RUN n=457/6120 pass=7 test=seq ra=131072 mbps=810.0 secs=12.4 minsec_mbps=454 slow_secs=1 inflight=224.5 lat_ms=73.7 fio_mib=9542 disk_mib=9532 disk_ratio=1.00 other_writes_mib=19.5 streams_min_mbps=- iops=- lat_p50_ms=- lat_p95_ms=- lat_p99_ms=- status=ok
02:27:39 RUN n=458/6120 pass=7 test=rand ra=49152 mbps=27.9 secs=12.0 minsec_mbps=- slow_secs=- inflight=3.8 lat_ms=9.3 fio_mib=320 disk_mib=350 disk_ratio=1.09 other_writes_mib=5.9 streams_min_mbps=- iops=425.9 lat_p50_ms=8.4 lat_p95_ms=18.0 lat_p99_ms=28.2 status=ok
02:27:55 RUN n=459/6120 pass=7 test=rand ra=57344 mbps=28.5 secs=12.0 minsec_mbps=- slow_secs=- inflight=3.8 lat_ms=9.1 fio_mib=326 disk_mib=358 disk_ratio=1.10 other_writes_mib=3.1 streams_min_mbps=- iops=434.3 lat_p50_ms=8.3 lat_p95_ms=18.0 lat_p99_ms=26.6 status=ok
02:28:10 RUN n=460/6120 pass=7 test=rand ra=73728 mbps=29.6 secs=12.0 minsec_mbps=- slow_secs=- inflight=3.8 lat_ms=8.8 fio_mib=339 disk_mib=369 disk_ratio=1.09 other_writes_mib=6.1 streams_min_mbps=- iops=451.2 lat_p50_ms=8.3 lat_p95_ms=17.4 lat_p99_ms=25.6 status=ok
02:28:31 RUN n=461/6120 pass=7 test=mixed ra=16384 mbps=619.5 secs=16.1 minsec_mbps=328 slow_secs=6 inflight=62.7 lat_ms=26.7 fio_mib=9542 disk_mib=9557 disk_ratio=1.00 other_writes_mib=27.1 streams_min_mbps=- iops=24.9 lat_p50_ms=27.9 lat_p95_ms=124.3 lat_p99_ms=168.8 status=NOISY:writes
02:28:50 RUN n=462/6120 pass=7 test=mixed ra=24576 mbps=708.8 secs=14.1 minsec_mbps=617 slow_secs=0 inflight=95.3 lat_ms=35.2 fio_mib=9542 disk_mib=9549 disk_ratio=1.00 other_writes_mib=5.0 streams_min_mbps=- iops=19.3 lat_p50_ms=37.5 lat_p95_ms=139.5 lat_p99_ms=187.7 status=ok
02:29:05 RUN n=463/6120 pass=7 test=rand ra=106496 mbps=27.9 secs=12.0 minsec_mbps=- slow_secs=- inflight=3.8 lat_ms=9.3 fio_mib=319 disk_mib=349 disk_ratio=1.09 other_writes_mib=2.5 streams_min_mbps=- iops=425.5 lat_p50_ms=8.5 lat_p95_ms=18.0 lat_p99_ms=31.1 status=ok
02:29:21 RUN n=464/6120 pass=7 test=rand ra=16384 mbps=28.2 secs=12.0 minsec_mbps=- slow_secs=- inflight=3.8 lat_ms=9.2 fio_mib=322 disk_mib=353 disk_ratio=1.09 other_writes_mib=2.8 streams_min_mbps=- iops=429.6 lat_p50_ms=8.4 lat_p95_ms=18.0 lat_p99_ms=29.0 status=ok
02:29:36 RUN n=465/6120 pass=7 test=rand ra=98304 mbps=28.7 secs=12.0 minsec_mbps=- slow_secs=- inflight=3.8 lat_ms=9.0 fio_mib=329 disk_mib=361 disk_ratio=1.10 other_writes_mib=4.2 streams_min_mbps=- iops=438.4 lat_p50_ms=8.5 lat_p95_ms=18.0 lat_p99_ms=26.6 status=ok
02:29:53 RUN n=466/6120 pass=7 test=mixed ra=98304 mbps=824.8 secs=12.1 minsec_mbps=662 slow_secs=0 inflight=221.8 lat_ms=72.4 fio_mib=9542 disk_mib=9539 disk_ratio=1.00 other_writes_mib=3.5 streams_min_mbps=- iops=10.0 lat_p50_ms=93.8 lat_p95_ms=221.2 lat_p99_ms=295.7 status=ok
02:30:11 RUN n=467/6120 pass=7 test=seq ra=8192 mbps=780.5 secs=12.8 minsec_mbps=570 slow_secs=1 inflight=31.0 lat_ms=10.6 fio_mib=9542 disk_mib=9532 disk_ratio=1.00 other_writes_mib=16.1 streams_min_mbps=- iops=- lat_p50_ms=- lat_p95_ms=- lat_p99_ms=- status=ok
02:30:47 RUN n=468/6120 pass=7 test=conc ra=4096 mbps=412.5 secs=31.2 minsec_mbps=253 slow_secs=29 inflight=93.3 lat_ms=58.0 fio_mib=12288 disk_mib=11867 disk_ratio=0.97 other_writes_mib=23.1 streams_min_mbps=103.1 iops=- lat_p50_ms=- lat_p95_ms=- lat_p99_ms=- status=NOISY:writes
02:31:02 RUN n=469/6120 pass=7 test=rand ra=8192 mbps=29.6 secs=12.0 minsec_mbps=- slow_secs=- inflight=3.8 lat_ms=8.8 fio_mib=339 disk_mib=371 disk_ratio=1.10 other_writes_mib=2.7 streams_min_mbps=- iops=451.5 lat_p50_ms=8.3 lat_p95_ms=17.4 lat_p99_ms=26.1 status=ok
02:31:19 RUN n=470/6120 pass=7 test=seq ra=57344 mbps=817.1 secs=12.2 minsec_mbps=614 slow_secs=0 inflight=196.1 lat_ms=64.0 fio_mib=9542 disk_mib=9532 disk_ratio=1.00 other_writes_mib=4.5 streams_min_mbps=- iops=- lat_p50_ms=- lat_p95_ms=- lat_p99_ms=- status=ok
02:31:36 RUN n=471/6120 pass=7 test=seq ra=98304 mbps=817.2 secs=12.2 minsec_mbps=602 slow_secs=0 inflight=219.7 lat_ms=72.1 fio_mib=9542 disk_mib=9532 disk_ratio=1.00 other_writes_mib=2.8 streams_min_mbps=- iops=- lat_p50_ms=- lat_p95_ms=- lat_p99_ms=- status=ok
02:32:00 RUN n=472/6120 pass=7 test=conc ra=40960 mbps=687.0 secs=18.8 minsec_mbps=487 slow_secs=2 inflight=249.9 lat_ms=93.8 fio_mib=12288 disk_mib=12063 disk_ratio=0.98 other_writes_mib=7.8 streams_min_mbps=171.8 iops=- lat_p50_ms=- lat_p95_ms=- lat_p99_ms=- status=ok
02:32:24 RUN n=473/6120 pass=7 test=conc ra=49152 mbps=682.6 secs=18.9 minsec_mbps=560 slow_secs=4 inflight=249.2 lat_ms=93.4 fio_mib=12288 disk_mib=12125 disk_ratio=0.99 other_writes_mib=23.4 streams_min_mbps=170.6 iops=- lat_p50_ms=- lat_p95_ms=- lat_p99_ms=- status=NOISY:writes
02:32:41 RUN n=474/6120 pass=7 test=seq ra=16384 mbps=824.1 secs=12.1 minsec_mbps=666 slow_secs=0 inflight=63.7 lat_ms=20.4 fio_mib=9542 disk_mib=9532 disk_ratio=1.00 other_writes_mib=2.3 streams_min_mbps=- iops=- lat_p50_ms=- lat_p95_ms=- lat_p99_ms=- status=ok
02:33:12 RUN n=475/6120 pass=7 test=conc ra=81920 mbps=484.5 secs=26.6 minsec_mbps=68 slow_secs=12 inflight=251.6 lat_ms=131.6 fio_mib=12288 disk_mib=12202 disk_ratio=0.99 other_writes_mib=8.6 streams_min_mbps=121.1 iops=- lat_p50_ms=- lat_p95_ms=- lat_p99_ms=- status=ok
02:33:29 RUN n=476/6120 pass=7 test=seq ra=4096 mbps=794.8 secs=12.6 minsec_mbps=646 slow_secs=0 inflight=17.1 lat_ms=5.7 fio_mib=9542 disk_mib=9532 disk_ratio=1.00 other_writes_mib=2.3 streams_min_mbps=- iops=- lat_p50_ms=- lat_p95_ms=- lat_p99_ms=- status=ok
02:33:48 RUN n=477/6120 pass=8 test=seq ra=65536 mbps=806.1 secs=12.4 minsec_mbps=691 slow_secs=0 inflight=214.4 lat_ms=69.0 fio_mib=9542 disk_mib=9532 disk_ratio=1.00 other_writes_mib=4.0 streams_min_mbps=- iops=- lat_p50_ms=- lat_p95_ms=- lat_p99_ms=- status=ok
02:34:06 RUN n=478/6120 pass=8 test=mixed ra=73728 mbps=779.2 secs=12.8 minsec_mbps=669 slow_secs=0 inflight=216.1 lat_ms=73.1 fio_mib=9542 disk_mib=9541 disk_ratio=1.00 other_writes_mib=6.0 streams_min_mbps=- iops=11.4 lat_p50_ms=92.8 lat_p95_ms=198.2 lat_p99_ms=252.7 status=ok
02:34:23 RUN n=479/6120 pass=8 test=seq ra=131072 mbps=815.3 secs=12.3 minsec_mbps=637 slow_secs=0 inflight=216.4 lat_ms=69.1 fio_mib=9542 disk_mib=9532 disk_ratio=1.00 other_writes_mib=15.3 streams_min_mbps=- iops=- lat_p50_ms=- lat_p95_ms=- lat_p99_ms=- status=ok
02:34:39 RUN n=480/6120 pass=8 test=seq ra=98304 mbps=828.9 secs=12.1 minsec_mbps=687 slow_secs=0 inflight=222.0 lat_ms=71.1 fio_mib=9542 disk_mib=9532 disk_ratio=1.00 other_writes_mib=2.1 streams_min_mbps=- iops=- lat_p50_ms=- lat_p95_ms=- lat_p99_ms=- status=ok
02:35:04 RUN n=481/6120 pass=8 test=conc ra=106496 mbps=659.2 secs=19.5 minsec_mbps=526 slow_secs=1 inflight=250.3 lat_ms=94.6 fio_mib=12288 disk_mib=12512 disk_ratio=1.02 other_writes_mib=6.9 streams_min_mbps=164.8 iops=- lat_p50_ms=- lat_p95_ms=- lat_p99_ms=- status=ok
02:35:20 RUN n=482/6120 pass=8 test=seq ra=122880 mbps=838.4 secs=11.9 minsec_mbps=668 slow_secs=0 inflight=221.4 lat_ms=68.5 fio_mib=9542 disk_mib=9532 disk_ratio=1.00 other_writes_mib=5.1 streams_min_mbps=- iops=- lat_p50_ms=- lat_p95_ms=- lat_p99_ms=- status=ok
02:35:36 RUN n=483/6120 pass=8 test=rand ra=131072 mbps=28.1 secs=12.0 minsec_mbps=- slow_secs=- inflight=3.8 lat_ms=9.2 fio_mib=321 disk_mib=352 disk_ratio=1.09 other_writes_mib=4.9 streams_min_mbps=- iops=428.1 lat_p50_ms=8.4 lat_p95_ms=18.0 lat_p99_ms=29.8 status=ok
02:35:53 RUN n=484/6120 pass=8 test=seq ra=81920 mbps=815.0 secs=12.3 minsec_mbps=602 slow_secs=0 inflight=218.5 lat_ms=71.3 fio_mib=9542 disk_mib=9532 disk_ratio=1.00 other_writes_mib=4.8 streams_min_mbps=- iops=- lat_p50_ms=- lat_p95_ms=- lat_p99_ms=- status=ok
02:36:10 RUN n=485/6120 pass=8 test=mixed ra=57344 mbps=764.3 secs=13.1 minsec_mbps=604 slow_secs=0 inflight=204.8 lat_ms=68.9 fio_mib=9542 disk_mib=9541 disk_ratio=1.00 other_writes_mib=4.5 streams_min_mbps=- iops=11.1 lat_p50_ms=84.4 lat_p95_ms=191.9 lat_p99_ms=244.3 status=ok
02:36:41 RUN n=486/6120 pass=8 test=conc ra=131072 mbps=502.1 secs=25.7 minsec_mbps=79 slow_secs=11 inflight=251.2 lat_ms=121.7 fio_mib=12288 disk_mib=12830 disk_ratio=1.04 other_writes_mib=25.6 streams_min_mbps=125.5 iops=- lat_p50_ms=- lat_p95_ms=- lat_p99_ms=- status=NOISY:writes
02:36:57 RUN n=487/6120 pass=8 test=rand ra=24576 mbps=29.8 secs=12.0 minsec_mbps=- slow_secs=- inflight=3.8 lat_ms=8.7 fio_mib=341 disk_mib=374 disk_ratio=1.09 other_writes_mib=2.6 streams_min_mbps=- iops=454.5 lat_p50_ms=8.3 lat_p95_ms=17.4 lat_p99_ms=24.5 status=ok
02:37:14 RUN n=488/6120 pass=8 test=seq ra=8192 mbps=778.4 secs=12.9 minsec_mbps=581 slow_secs=1 inflight=32.4 lat_ms=10.9 fio_mib=9542 disk_mib=9532 disk_ratio=1.00 other_writes_mib=6.9 streams_min_mbps=- iops=- lat_p50_ms=- lat_p95_ms=- lat_p99_ms=- status=ok
02:37:30 RUN n=489/6120 pass=8 test=rand ra=57344 mbps=26.9 secs=12.0 minsec_mbps=- slow_secs=- inflight=3.8 lat_ms=9.6 fio_mib=309 disk_mib=338 disk_ratio=1.09 other_writes_mib=3.9 streams_min_mbps=- iops=411.1 lat_p50_ms=8.5 lat_p95_ms=18.7 lat_p99_ms=31.6 status=ok
02:37:45 RUN n=490/6120 pass=8 test=rand ra=49152 mbps=29.1 secs=12.0 minsec_mbps=- slow_secs=- inflight=3.8 lat_ms=8.9 fio_mib=334 disk_mib=366 disk_ratio=1.10 other_writes_mib=5.6 streams_min_mbps=- iops=444.0 lat_p50_ms=8.2 lat_p95_ms=18.0 lat_p99_ms=26.1 status=ok
02:38:09 RUN n=491/6120 pass=8 test=conc ra=32768 mbps=680.0 secs=18.9 minsec_mbps=597 slow_secs=1 inflight=248.2 lat_ms=94.6 fio_mib=12288 disk_mib=12057 disk_ratio=0.98 other_writes_mib=6.2 streams_min_mbps=170.0 iops=- lat_p50_ms=- lat_p95_ms=- lat_p99_ms=- status=ok
02:38:26 RUN n=492/6120 pass=8 test=seq ra=57344 mbps=817.4 secs=12.2 minsec_mbps=628 slow_secs=0 inflight=199.5 lat_ms=64.7 fio_mib=9542 disk_mib=9532 disk_ratio=1.00 other_writes_mib=16.1 streams_min_mbps=- iops=- lat_p50_ms=- lat_p95_ms=- lat_p99_ms=- status=ok
02:38:45 RUN n=493/6120 pass=8 test=mixed ra=16384 mbps=678.3 secs=14.8 minsec_mbps=490 slow_secs=2 inflight=64.7 lat_ms=25.0 fio_mib=9542 disk_mib=9553 disk_ratio=1.00 other_writes_mib=4.5 streams_min_mbps=- iops=23.0 lat_p50_ms=27.4 lat_p95_ms=121.1 lat_p99_ms=181.4 status=ok
02:39:14 RUN n=494/6120 pass=8 test=mixed ra=4096 mbps=424.0 secs=23.6 minsec_mbps=378 slow_secs=21 inflight=18.7 lat_ms=11.2 fio_mib=9542 disk_mib=9604 disk_ratio=1.01 other_writes_mib=7.4 streams_min_mbps=- iops=48.8 lat_p50_ms=13.6 lat_p95_ms=50.1 lat_p99_ms=79.2 status=ok
02:39:31 RUN n=495/6120 pass=8 test=mixed ra=98304 mbps=804.2 secs=12.4 minsec_mbps=654 slow_secs=0 inflight=222.8 lat_ms=73.3 fio_mib=9542 disk_mib=9539 disk_ratio=1.00 other_writes_mib=2.6 streams_min_mbps=- iops=9.5 lat_p50_ms=98.0 lat_p95_ms=233.8 lat_p99_ms=263.2 status=ok
02:39:48 RUN n=496/6120 pass=8 test=mixed ra=90112 mbps=793.8 secs=12.6 minsec_mbps=623 slow_secs=0 inflight=224.4 lat_ms=74.5 fio_mib=9542 disk_mib=9540 disk_ratio=1.00 other_writes_mib=3.9 streams_min_mbps=- iops=10.1 lat_p50_ms=88.6 lat_p95_ms=229.6 lat_p99_ms=254.8 status=ok
02:40:05 RUN n=497/6120 pass=8 test=seq ra=49152 mbps=784.7 secs=12.8 minsec_mbps=606 slow_secs=0 inflight=179.2 lat_ms=60.9 fio_mib=9542 disk_mib=9532 disk_ratio=1.00 other_writes_mib=12.4 streams_min_mbps=- iops=- lat_p50_ms=- lat_p95_ms=- lat_p99_ms=- status=ok
02:40:39 RUN n=498/6120 pass=8 test=conc ra=114688 mbps=443.6 secs=29.0 minsec_mbps=61 slow_secs=13 inflight=251.8 lat_ms=138.4 fio_mib=12288 disk_mib=12556 disk_ratio=1.02 other_writes_mib=25.8 streams_min_mbps=110.9 iops=- lat_p50_ms=- lat_p95_ms=- lat_p99_ms=- status=NOISY:writes
02:41:08 RUN n=499/6120 pass=8 test=conc ra=57344 mbps=537.6 secs=24.0 minsec_mbps=80 slow_secs=9 inflight=249.8 lat_ms=118.5 fio_mib=12288 disk_mib=12146 disk_ratio=0.99 other_writes_mib=4.7 streams_min_mbps=134.4 iops=- lat_p50_ms=- lat_p95_ms=- lat_p99_ms=- status=ok
02:41:30 RUN n=500/6120 pass=8 test=mixed ra=8192 mbps=576.6 secs=17.4 minsec_mbps=496 slow_secs=10 inflight=33.5 lat_ms=15.0 fio_mib=9542 disk_mib=9567 disk_ratio=1.00 other_writes_mib=5.7 streams_min_mbps=- iops=32.8 lat_p50_ms=19.5 lat_p95_ms=91.8 lat_p99_ms=133.7 status=ok
02:41:46 RUN n=501/6120 pass=8 test=rand ra=32768 mbps=29.7 secs=12.0 minsec_mbps=- slow_secs=- inflight=3.8 lat_ms=8.7 fio_mib=340 disk_mib=372 disk_ratio=1.09 other_writes_mib=2.7 streams_min_mbps=- iops=452.5 lat_p50_ms=8.4 lat_p95_ms=17.4 lat_p99_ms=25.0 status=ok
02:42:03 RUN n=502/6120 pass=8 test=mixed ra=114688 mbps=804.8 secs=12.4 minsec_mbps=591 slow_secs=1 inflight=218.1 lat_ms=72.1 fio_mib=9542 disk_mib=9540 disk_ratio=1.00 other_writes_mib=4.2 streams_min_mbps=- iops=10.2 lat_p50_ms=100.1 lat_p95_ms=204.5 lat_p99_ms=265.3 status=ok
02:42:27 RUN n=503/6120 pass=8 test=conc ra=49152 mbps=665.3 secs=19.4 minsec_mbps=510 slow_secs=4 inflight=249.6 lat_ms=94.9 fio_mib=12288 disk_mib=12118 disk_ratio=0.99 other_writes_mib=8.3 streams_min_mbps=166.3 iops=- lat_p50_ms=- lat_p95_ms=- lat_p99_ms=- status=ok
02:42:43 RUN n=504/6120 pass=8 test=rand ra=4096 mbps=28.6 secs=12.0 minsec_mbps=- slow_secs=- inflight=3.8 lat_ms=9.1 fio_mib=328 disk_mib=358 disk_ratio=1.09 other_writes_mib=14.1 streams_min_mbps=- iops=436.7 lat_p50_ms=8.3 lat_p95_ms=17.7 lat_p99_ms=26.6 status=ok
02:42:59 RUN n=505/6120 pass=8 test=seq ra=114688 mbps=830.1 secs=12.1 minsec_mbps=638 slow_secs=0 inflight=220.8 lat_ms=70.5 fio_mib=9542 disk_mib=9532 disk_ratio=1.00 other_writes_mib=3.8 streams_min_mbps=- iops=- lat_p50_ms=- lat_p95_ms=- lat_p99_ms=- status=ok
02:43:23 RUN n=506/6120 pass=8 test=conc ra=98304 mbps=681.0 secs=18.9 minsec_mbps=533 slow_secs=1 inflight=250.8 lat_ms=92.7 fio_mib=12288 disk_mib=12305 disk_ratio=1.00 other_writes_mib=5.7 streams_min_mbps=170.2 iops=- lat_p50_ms=- lat_p95_ms=- lat_p99_ms=- status=ok
02:43:39 RUN n=507/6120 pass=8 test=rand ra=122880 mbps=28.8 secs=12.0 minsec_mbps=- slow_secs=- inflight=3.8 lat_ms=9.0 fio_mib=331 disk_mib=363 disk_ratio=1.10 other_writes_mib=3.8 streams_min_mbps=- iops=440.2 lat_p50_ms=8.3 lat_p95_ms=18.0 lat_p99_ms=27.4 status=ok
02:44:04 RUN n=508/6120 pass=8 test=conc ra=65536 mbps=617.5 secs=20.9 minsec_mbps=116 slow_secs=4 inflight=250.3 lat_ms=103.0 fio_mib=12288 disk_mib=12114 disk_ratio=0.99 other_writes_mib=8.1 streams_min_mbps=154.4 iops=- lat_p50_ms=- lat_p95_ms=- lat_p99_ms=- status=ok
02:44:20 RUN n=509/6120 pass=8 test=rand ra=8192 mbps=29.7 secs=12.0 minsec_mbps=- slow_secs=- inflight=3.8 lat_ms=8.7 fio_mib=340 disk_mib=374 disk_ratio=1.10 other_writes_mib=5.6 streams_min_mbps=- iops=452.8 lat_p50_ms=8.2 lat_p95_ms=17.4 lat_p99_ms=25.0 status=ok
02:44:45 RUN n=510/6120 pass=8 test=conc ra=122880 mbps=651.3 secs=19.8 minsec_mbps=476 slow_secs=2 inflight=250.1 lat_ms=95.5 fio_mib=12288 disk_mib=12505 disk_ratio=1.02 other_writes_mib=29.7 streams_min_mbps=162.8 iops=- lat_p50_ms=- lat_p95_ms=- lat_p99_ms=- status=NOISY:writes
02:45:01 RUN n=511/6120 pass=8 test=seq ra=73728 mbps=825.3 secs=12.1 minsec_mbps=642 slow_secs=0 inflight=216.8 lat_ms=69.3 fio_mib=9542 disk_mib=9532 disk_ratio=1.00 other_writes_mib=4.1 streams_min_mbps=- iops=- lat_p50_ms=- lat_p95_ms=- lat_p99_ms=- status=ok
02:45:20 RUN n=512/6120 pass=8 test=mixed ra=24576 mbps=707.2 secs=14.1 minsec_mbps=601 slow_secs=0 inflight=99.5 lat_ms=37.2 fio_mib=9542 disk_mib=9548 disk_ratio=1.00 other_writes_mib=9.8 streams_min_mbps=- iops=18.3 lat_p50_ms=39.1 lat_p95_ms=156.2 lat_p99_ms=196.1 status=ok
02:45:37 RUN n=513/6120 pass=8 test=mixed ra=122880 mbps=804.7 secs=12.4 minsec_mbps=643 slow_secs=0 inflight=224.7 lat_ms=73.7 fio_mib=9542 disk_mib=9540 disk_ratio=1.00 other_writes_mib=3.8 streams_min_mbps=- iops=10.4 lat_p50_ms=95.9 lat_p95_ms=202.4 lat_p99_ms=283.1 status=ok
02:45:54 RUN n=514/6120 pass=8 test=seq ra=90112 mbps=816.4 secs=12.3 minsec_mbps=640 slow_secs=0 inflight=221.3 lat_ms=72.1 fio_mib=9542 disk_mib=9532 disk_ratio=1.00 other_writes_mib=6.3 streams_min_mbps=- iops=- lat_p50_ms=- lat_p95_ms=- lat_p99_ms=- status=ok
02:46:11 RUN n=515/6120 pass=8 test=seq ra=32768 mbps=799.8 secs=12.5 minsec_mbps=593 slow_secs=1 inflight=124.3 lat_ms=41.2 fio_mib=9542 disk_mib=9532 disk_ratio=1.00 other_writes_mib=4.6 streams_min_mbps=- iops=- lat_p50_ms=- lat_p95_ms=- lat_p99_ms=- status=ok
02:46:27 RUN n=516/6120 pass=8 test=rand ra=114688 mbps=28.9 secs=12.0 minsec_mbps=- slow_secs=- inflight=3.8 lat_ms=8.9 fio_mib=331 disk_mib=363 disk_ratio=1.10 other_writes_mib=5.6 streams_min_mbps=- iops=441.5 lat_p50_ms=8.4 lat_p95_ms=17.7 lat_p99_ms=26.6 status=ok
02:46:44 RUN n=517/6120 pass=8 test=seq ra=4096 mbps=773.8 secs=12.9 minsec_mbps=562 slow_secs=1 inflight=16.6 lat_ms=5.6 fio_mib=9542 disk_mib=9532 disk_ratio=1.00 other_writes_mib=20.3 streams_min_mbps=- iops=- lat_p50_ms=- lat_p95_ms=- lat_p99_ms=- status=NOISY:writes
02:47:01 RUN n=518/6120 pass=8 test=seq ra=16384 mbps=814.5 secs=12.3 minsec_mbps=633 slow_secs=0 inflight=60.1 lat_ms=19.6 fio_mib=9542 disk_mib=9532 disk_ratio=1.00 other_writes_mib=4.5 streams_min_mbps=- iops=- lat_p50_ms=- lat_p95_ms=- lat_p99_ms=- status=ok
02:47:17 RUN n=519/6120 pass=8 test=rand ra=98304 mbps=27.9 secs=12.0 minsec_mbps=- slow_secs=- inflight=3.8 lat_ms=9.3 fio_mib=319 disk_mib=349 disk_ratio=1.09 other_writes_mib=3.8 streams_min_mbps=- iops=425.0 lat_p50_ms=8.4 lat_p95_ms=18.5 lat_p99_ms=29.5 status=ok
02:47:40 RUN n=520/6120 pass=8 test=conc ra=73728 mbps=695.3 secs=18.5 minsec_mbps=598 slow_secs=2 inflight=250.3 lat_ms=91.1 fio_mib=12288 disk_mib=12233 disk_ratio=1.00 other_writes_mib=9.4 streams_min_mbps=173.8 iops=- lat_p50_ms=- lat_p95_ms=- lat_p99_ms=- status=ok
02:47:57 RUN n=521/6120 pass=8 test=seq ra=106496 mbps=826.3 secs=12.1 minsec_mbps=704 slow_secs=0 inflight=224.6 lat_ms=72.0 fio_mib=9542 disk_mib=9532 disk_ratio=1.00 other_writes_mib=3.8 streams_min_mbps=- iops=- lat_p50_ms=- lat_p95_ms=- lat_p99_ms=- status=ok
02:48:12 RUN n=522/6120 pass=8 test=rand ra=90112 mbps=29.1 secs=12.0 minsec_mbps=- slow_secs=- inflight=3.8 lat_ms=8.9 fio_mib=333 disk_mib=366 disk_ratio=1.10 other_writes_mib=7.2 streams_min_mbps=- iops=443.4 lat_p50_ms=8.3 lat_p95_ms=17.7 lat_p99_ms=26.1 status=ok
02:48:29 RUN n=523/6120 pass=8 test=mixed ra=65536 mbps=804.3 secs=12.4 minsec_mbps=666 slow_secs=0 inflight=215.7 lat_ms=70.9 fio_mib=9542 disk_mib=9541 disk_ratio=1.00 other_writes_mib=3.4 streams_min_mbps=- iops=11.8 lat_p50_ms=78.1 lat_p95_ms=198.2 lat_p99_ms=291.5 status=ok
02:48:55 RUN n=524/6120 pass=8 test=conc ra=16384 mbps=637.2 secs=20.2 minsec_mbps=479 slow_secs=6 inflight=234.0 lat_ms=96.0 fio_mib=12288 disk_mib=11946 disk_ratio=0.97 other_writes_mib=20.4 streams_min_mbps=159.3 iops=- lat_p50_ms=- lat_p95_ms=- lat_p99_ms=- status=NOISY:writes
02:49:10 RUN n=525/6120 pass=8 test=rand ra=106496 mbps=28.6 secs=12.0 minsec_mbps=- slow_secs=- inflight=3.8 lat_ms=9.1 fio_mib=328 disk_mib=359 disk_ratio=1.09 other_writes_mib=2.5 streams_min_mbps=- iops=437.1 lat_p50_ms=8.3 lat_p95_ms=18.0 lat_p99_ms=27.4 status=ok
02:49:27 RUN n=526/6120 pass=8 test=seq ra=24576 mbps=818.8 secs=12.2 minsec_mbps=600 slow_secs=0 inflight=100.1 lat_ms=31.9 fio_mib=9542 disk_mib=9532 disk_ratio=1.00 other_writes_mib=5.0 streams_min_mbps=- iops=- lat_p50_ms=- lat_p95_ms=- lat_p99_ms=- status=ok
02:50:04 RUN n=527/6120 pass=8 test=conc ra=4096 mbps=405.8 secs=31.8 minsec_mbps=336 slow_secs=30 inflight=94.3 lat_ms=60.5 fio_mib=12288 disk_mib=11867 disk_ratio=0.97 other_writes_mib=18.5 streams_min_mbps=101.5 iops=- lat_p50_ms=- lat_p95_ms=- lat_p99_ms=- status=ok
02:50:21 RUN n=528/6120 pass=8 test=mixed ra=81920 mbps=807.2 secs=12.4 minsec_mbps=660 slow_secs=0 inflight=223.1 lat_ms=73.3 fio_mib=9542 disk_mib=9540 disk_ratio=1.00 other_writes_mib=4.3 streams_min_mbps=- iops=10.4 lat_p50_ms=91.8 lat_p95_ms=210.8 lat_p99_ms=242.2 status=ok
02:50:53 RUN n=529/6120 pass=8 test=conc ra=8192 mbps=477.7 secs=27.0 minsec_mbps=337 slow_secs=25 inflight=167.3 lat_ms=91.3 fio_mib=12288 disk_mib=11891 disk_ratio=0.97 other_writes_mib=25.3 streams_min_mbps=119.4 iops=- lat_p50_ms=- lat_p95_ms=- lat_p99_ms=- status=NOISY:writes
02:51:09 RUN n=530/6120 pass=8 test=rand ra=16384 mbps=27.4 secs=12.0 minsec_mbps=- slow_secs=- inflight=3.8 lat_ms=9.4 fio_mib=314 disk_mib=344 disk_ratio=1.10 other_writes_mib=2.4 streams_min_mbps=- iops=418.5 lat_p50_ms=8.4 lat_p95_ms=18.0 lat_p99_ms=29.8 status=ok
02:51:26 RUN n=531/6120 pass=8 test=mixed ra=106496 mbps=797.1 secs=12.6 minsec_mbps=681 slow_secs=0 inflight=219.6 lat_ms=72.5 fio_mib=9542 disk_mib=9540 disk_ratio=1.00 other_writes_mib=2.4 streams_min_mbps=- iops=10.8 lat_p50_ms=83.4 lat_p95_ms=212.9 lat_p99_ms=254.8 status=ok
02:51:44 RUN n=532/6120 pass=8 test=mixed ra=40960 mbps=744.3 secs=13.4 minsec_mbps=618 slow_secs=0 inflight=158.1 lat_ms=55.9 fio_mib=9542 disk_mib=9544 disk_ratio=1.00 other_writes_mib=6.6 streams_min_mbps=- iops=14.1 lat_p50_ms=62.7 lat_p95_ms=168.8 lat_p99_ms=206.6 status=ok
02:52:01 RUN n=533/6120 pass=8 test=mixed ra=131072 mbps=805.1 secs=12.4 minsec_mbps=701 slow_secs=0 inflight=222.5 lat_ms=72.9 fio_mib=9542 disk_mib=9540 disk_ratio=1.00 other_writes_mib=4.6 streams_min_mbps=- iops=10.1 lat_p50_ms=93.8 lat_p95_ms=212.9 lat_p99_ms=244.3 status=ok
02:52:18 RUN n=534/6120 pass=8 test=mixed ra=49152 mbps=781.6 secs=12.8 minsec_mbps=651 slow_secs=0 inflight=188.0 lat_ms=63.7 fio_mib=9542 disk_mib=9540 disk_ratio=1.00 other_writes_mib=3.6 streams_min_mbps=- iops=10.8 lat_p50_ms=82.3 lat_p95_ms=212.9 lat_p99_ms=242.2 status=ok
02:52:34 RUN n=535/6120 pass=8 test=rand ra=81920 mbps=29.1 secs=12.0 minsec_mbps=- slow_secs=- inflight=3.8 lat_ms=8.9 fio_mib=333 disk_mib=365 disk_ratio=1.10 other_writes_mib=6.8 streams_min_mbps=- iops=443.3 lat_p50_ms=8.3 lat_p95_ms=17.4 lat_p99_ms=26.3 status=ok
02:52:51 RUN n=536/6120 pass=8 test=seq ra=40960 mbps=796.6 secs=12.6 minsec_mbps=628 slow_secs=0 inflight=150.5 lat_ms=50.0 fio_mib=9542 disk_mib=9532 disk_ratio=1.00 other_writes_mib=2.5 streams_min_mbps=- iops=- lat_p50_ms=- lat_p95_ms=- lat_p99_ms=- status=ok
02:53:06 RUN n=537/6120 pass=8 test=rand ra=73728 mbps=29.2 secs=12.0 minsec_mbps=- slow_secs=- inflight=3.8 lat_ms=8.9 fio_mib=335 disk_mib=364 disk_ratio=1.09 other_writes_mib=5.3 streams_min_mbps=- iops=446.1 lat_p50_ms=8.3 lat_p95_ms=17.7 lat_p99_ms=25.8 status=ok
02:53:31 RUN n=538/6120 pass=8 test=conc ra=24576 mbps=667.9 secs=19.3 minsec_mbps=520 slow_secs=5 inflight=247.1 lat_ms=95.2 fio_mib=12288 disk_mib=11992 disk_ratio=0.98 other_writes_mib=4.1 streams_min_mbps=167.0 iops=- lat_p50_ms=- lat_p95_ms=- lat_p99_ms=- status=ok
02:54:05 RUN n=539/6120 pass=8 test=conc ra=40960 mbps=447.6 secs=28.8 minsec_mbps=76 slow_secs=15 inflight=250.0 lat_ms=143.6 fio_mib=12288 disk_mib=12042 disk_ratio=0.98 other_writes_mib=10.5 streams_min_mbps=111.9 iops=- lat_p50_ms=- lat_p95_ms=- lat_p99_ms=- status=ok
02:54:23 RUN n=540/6120 pass=8 test=mixed ra=32768 mbps=710.1 secs=14.1 minsec_mbps=566 slow_secs=1 inflight=133.8 lat_ms=48.3 fio_mib=9542 disk_mib=9545 disk_ratio=1.00 other_writes_mib=5.0 streams_min_mbps=- iops=15.1 lat_p50_ms=56.4 lat_p95_ms=179.3 lat_p99_ms=235.9 status=ok
02:55:01 RUN n=541/6120 pass=8 test=conc ra=90112 mbps=388.8 secs=33.1 minsec_mbps=44 slow_secs=18 inflight=251.7 lat_ms=162.9 fio_mib=12288 disk_mib=12371 disk_ratio=1.01 other_writes_mib=115.3 streams_min_mbps=97.2 iops=- lat_p50_ms=- lat_p95_ms=- lat_p99_ms=- status=NOISY:writes
02:55:17 RUN n=542/6120 pass=8 test=rand ra=40960 mbps=20.4 secs=12.0 minsec_mbps=- slow_secs=- inflight=3.8 lat_ms=12.8 fio_mib=233 disk_mib=256 disk_ratio=1.10 other_writes_mib=10.1 streams_min_mbps=- iops=311.0 lat_p50_ms=8.6 lat_p95_ms=25.8 lat_p99_ms=123.2 status=ok
02:55:32 RUN n=543/6120 pass=8 test=rand ra=65536 mbps=24.6 secs=12.0 minsec_mbps=- slow_secs=- inflight=3.8 lat_ms=10.6 fio_mib=281 disk_mib=308 disk_ratio=1.09 other_writes_mib=4.0 streams_min_mbps=- iops=374.8 lat_p50_ms=8.5 lat_p95_ms=19.0 lat_p99_ms=83.4 status=ok
02:56:00 RUN n=544/6120 pass=8 test=conc ra=81920 mbps=581.6 secs=22.2 minsec_mbps=81 slow_secs=8 inflight=250.0 lat_ms=110.2 fio_mib=12288 disk_mib=12219 disk_ratio=0.99 other_writes_mib=7.4 streams_min_mbps=145.4 iops=- lat_p50_ms=- lat_p95_ms=- lat_p99_ms=- status=ok
02:56:31 RUN n=545/6120 pass=9 test=conc ra=81920 mbps=523.1 secs=24.6 minsec_mbps=73 slow_secs=14 inflight=250.4 lat_ms=122.4 fio_mib=12288 disk_mib=12219 disk_ratio=0.99 other_writes_mib=12.4 streams_min_mbps=130.8 iops=- lat_p50_ms=- lat_p95_ms=- lat_p99_ms=- status=ok
02:57:00 RUN n=546/6120 pass=9 test=mixed ra=24576 mbps=421.8 secs=23.7 minsec_mbps=119 slow_secs=15 inflight=119.7 lat_ms=73.4 fio_mib=9542 disk_mib=9550 disk_ratio=1.00 other_writes_mib=99.6 streams_min_mbps=- iops=11.9 lat_p50_ms=53.2 lat_p95_ms=295.7 lat_p99_ms=408.9 status=NOISY:writes
02:57:18 RUN n=547/6120 pass=9 test=seq ra=57344 mbps=761.6 secs=13.1 minsec_mbps=539 slow_secs=1 inflight=199.5 lat_ms=69.8 fio_mib=9542 disk_mib=9532 disk_ratio=1.00 other_writes_mib=3.1 streams_min_mbps=- iops=- lat_p50_ms=- lat_p95_ms=- lat_p99_ms=- status=ok
02:57:35 RUN n=548/6120 pass=9 test=mixed ra=90112 mbps=787.8 secs=12.7 minsec_mbps=613 slow_secs=0 inflight=225.0 lat_ms=76.5 fio_mib=9542 disk_mib=9540 disk_ratio=1.00 other_writes_mib=2.9 streams_min_mbps=- iops=9.8 lat_p50_ms=97.0 lat_p95_ms=246.4 lat_p99_ms=278.9 status=ok
02:57:53 RUN n=549/6120 pass=9 test=seq ra=90112 mbps=771.6 secs=13.0 minsec_mbps=429 slow_secs=1 inflight=225.2 lat_ms=76.6 fio_mib=9542 disk_mib=9532 disk_ratio=1.00 other_writes_mib=4.7 streams_min_mbps=- iops=- lat_p50_ms=- lat_p95_ms=- lat_p99_ms=- status=ok
02:58:08 RUN n=550/6120 pass=9 test=rand ra=73728 mbps=15.4 secs=12.0 minsec_mbps=- slow_secs=- inflight=3.8 lat_ms=17.0 fio_mib=176 disk_mib=194 disk_ratio=1.10 other_writes_mib=3.5 streams_min_mbps=- iops=234.5 lat_p50_ms=9.2 lat_p95_ms=87.6 lat_p99_ms=123.2 status=ok
02:58:26 RUN n=551/6120 pass=9 test=mixed ra=114688 mbps=758.4 secs=13.2 minsec_mbps=643 slow_secs=0 inflight=222.9 lat_ms=78.6 fio_mib=9542 disk_mib=9540 disk_ratio=1.00 other_writes_mib=4.8 streams_min_mbps=- iops=9.5 lat_p50_ms=99.1 lat_p95_ms=246.4 lat_p99_ms=283.1 status=ok
02:58:44 RUN n=552/6120 pass=9 test=seq ra=16384 mbps=739.6 secs=13.5 minsec_mbps=611 slow_secs=0 inflight=64.1 lat_ms=22.8 fio_mib=9542 disk_mib=9532 disk_ratio=1.00 other_writes_mib=7.3 streams_min_mbps=- iops=- lat_p50_ms=- lat_p95_ms=- lat_p99_ms=- status=ok
02:59:05 RUN n=553/6120 pass=9 test=seq ra=4096 mbps=589.9 secs=17.0 minsec_mbps=26 slow_secs=5 inflight=18.1 lat_ms=8.1 fio_mib=9542 disk_mib=9532 disk_ratio=1.00 other_writes_mib=73.7 streams_min_mbps=- iops=- lat_p50_ms=- lat_p95_ms=- lat_p99_ms=- status=NOISY:writes
02:59:27 RUN n=554/6120 pass=9 test=mixed ra=16384 mbps=594.4 secs=16.8 minsec_mbps=417 slow_secs=7 inflight=67.3 lat_ms=29.3 fio_mib=9542 disk_mib=9558 disk_ratio=1.00 other_writes_mib=4.7 streams_min_mbps=- iops=24.5 lat_p50_ms=26.9 lat_p95_ms=120.1 lat_p99_ms=160.4 status=ok
02:59:52 RUN n=555/6120 pass=9 test=conc ra=98304 mbps=656.0 secs=19.6 minsec_mbps=520 slow_secs=4 inflight=247.7 lat_ms=95.3 fio_mib=12288 disk_mib=12329 disk_ratio=1.00 other_writes_mib=7.5 streams_min_mbps=164.0 iops=- lat_p50_ms=- lat_p95_ms=- lat_p99_ms=- status=ok
03:00:07 RUN n=556/6120 pass=9 test=rand ra=122880 mbps=21.1 secs=12.0 minsec_mbps=- slow_secs=- inflight=5.8 lat_ms=13.8 fio_mib=241 disk_mib=319 disk_ratio=1.32 other_writes_mib=10.8 streams_min_mbps=- iops=321.6 lat_p50_ms=9.2 lat_p95_ms=26.1 lat_p99_ms=78.1 status=ok
03:02:08 RUN n=557/6120 pass=9 test=rand ra=24576 status=SKIP:arraybusy
03:04:08 RUN n=558/6120 pass=9 test=mixed ra=106496 status=SKIP:arraybusy
03:06:08 RUN n=559/6120 pass=9 test=rand ra=98304 status=SKIP:arraybusy
03:07:18 RUN n=560/6120 pass=9 test=seq ra=106496 mbps=586.9 secs=17.0 minsec_mbps=336 slow_secs=7 inflight=220.8 lat_ms=99.6 fio_mib=9542 disk_mib=9710 disk_ratio=1.02 other_writes_mib=62.2 streams_min_mbps=- iops=- lat_p50_ms=- lat_p95_ms=- lat_p99_ms=- status=NOISY:writes
03:09:32 RUN n=561/6120 pass=9 test=seq ra=98304 mbps=689.9 secs=14.5 minsec_mbps=531 slow_secs=3 inflight=227.6 lat_ms=84.7 fio_mib=9542 disk_mib=9843 disk_ratio=1.03 other_writes_mib=3.8 streams_min_mbps=- iops=- lat_p50_ms=- lat_p95_ms=- lat_p99_ms=- status=ok
03:11:32 RUN n=562/6120 pass=9 test=conc ra=122880 status=SKIP:arraybusy
03:13:33 RUN n=563/6120 pass=9 test=rand ra=16384 status=SKIP:arraybusy
03:14:49 RUN n=564/6120 pass=9 test=seq ra=131072 mbps=664.4 secs=15.1 minsec_mbps=481 slow_secs=2 inflight=230.0 lat_ms=88.5 fio_mib=9542 disk_mib=9553 disk_ratio=1.00 other_writes_mib=18.3 streams_min_mbps=- iops=- lat_p50_ms=- lat_p95_ms=- lat_p99_ms=- status=ok
03:15:10 RUN n=565/6120 pass=9 test=mixed ra=73728 mbps=629.3 secs=15.9 minsec_mbps=461 slow_secs=4 inflight=225.4 lat_ms=90.9 fio_mib=9542 disk_mib=9559 disk_ratio=1.00 other_writes_mib=11.3 streams_min_mbps=- iops=7.7 lat_p50_ms=111.7 lat_p95_ms=320.9 lat_p99_ms=392.2 status=ok
03:15:29 RUN n=566/6120 pass=9 test=seq ra=65536 mbps=683.2 secs=14.6 minsec_mbps=556 slow_secs=1 inflight=215.1 lat_ms=82.7 fio_mib=9542 disk_mib=9543 disk_ratio=1.00 other_writes_mib=44.4 streams_min_mbps=- iops=- lat_p50_ms=- lat_p95_ms=- lat_p99_ms=- status=NOISY:writes
03:15:59 RUN n=567/6120 pass=9 test=mixed ra=8192 mbps=400.6 secs=25.0 minsec_mbps=226 slow_secs=22 inflight=43.2 lat_ms=25.6 fio_mib=9542 disk_mib=9626 disk_ratio=1.01 other_writes_mib=5.6 streams_min_mbps=- iops=30.3 lat_p50_ms=25.6 lat_p95_ms=85.5 lat_p99_ms=114.8 status=ok
03:16:17 RUN n=568/6120 pass=9 test=mixed ra=122880 mbps=763.9 secs=13.1 minsec_mbps=681 slow_secs=0 inflight=223.9 lat_ms=77.5 fio_mib=9542 disk_mib=9539 disk_ratio=1.00 other_writes_mib=5.3 streams_min_mbps=- iops=9.3 lat_p50_ms=109.6 lat_p95_ms=235.9 lat_p99_ms=308.3 status=ok
03:16:34 RUN n=569/6120 pass=9 test=mixed ra=81920 mbps=765.0 secs=13.1 minsec_mbps=591 slow_secs=1 inflight=219.4 lat_ms=75.7 fio_mib=9542 disk_mib=9541 disk_ratio=1.00 other_writes_mib=2.8 streams_min_mbps=- iops=11.8 lat_p50_ms=79.2 lat_p95_ms=198.2 lat_p99_ms=244.3 status=ok
03:16:59 RUN n=570/6120 pass=9 test=conc ra=73728 mbps=651.0 secs=19.8 minsec_mbps=420 slow_secs=3 inflight=250.1 lat_ms=97.9 fio_mib=12288 disk_mib=12233 disk_ratio=1.00 other_writes_mib=10.3 streams_min_mbps=162.7 iops=- lat_p50_ms=- lat_p95_ms=- lat_p99_ms=- status=ok
03:17:15 RUN n=571/6120 pass=9 test=rand ra=57344 mbps=26.8 secs=12.0 minsec_mbps=- slow_secs=- inflight=3.8 lat_ms=9.7 fio_mib=307 disk_mib=337 disk_ratio=1.10 other_writes_mib=4.8 streams_min_mbps=- iops=408.7 lat_p50_ms=8.5 lat_p95_ms=18.2 lat_p99_ms=42.2 status=ok
03:17:40 RUN n=572/6120 pass=9 test=conc ra=57344 mbps=617.4 secs=20.9 minsec_mbps=288 slow_secs=7 inflight=248.8 lat_ms=102.8 fio_mib=12288 disk_mib=12135 disk_ratio=0.99 other_writes_mib=42.0 streams_min_mbps=154.3 iops=- lat_p50_ms=- lat_p95_ms=- lat_p99_ms=- status=NOISY:writes
03:17:56 RUN n=573/6120 pass=9 test=rand ra=81920 mbps=24.4 secs=12.0 minsec_mbps=- slow_secs=- inflight=3.8 lat_ms=10.6 fio_mib=280 disk_mib=305 disk_ratio=1.09 other_writes_mib=3.7 streams_min_mbps=- iops=372.2 lat_p50_ms=8.5 lat_p95_ms=19.8 lat_p99_ms=97.0 status=ok
03:18:25 RUN n=574/6120 pass=9 test=mixed ra=4096 mbps=401.2 secs=24.9 minsec_mbps=192 slow_secs=23 inflight=18.8 lat_ms=11.6 fio_mib=9542 disk_mib=9603 disk_ratio=1.01 other_writes_mib=7.7 streams_min_mbps=- iops=45.7 lat_p50_ms=13.8 lat_p95_ms=54.3 lat_p99_ms=106.4 status=ok
03:18:43 RUN n=575/6120 pass=9 test=seq ra=32768 mbps=768.5 secs=13.0 minsec_mbps=478 slow_secs=1 inflight=125.4 lat_ms=43.4 fio_mib=9542 disk_mib=9532 disk_ratio=1.00 other_writes_mib=4.6 streams_min_mbps=- iops=- lat_p50_ms=- lat_p95_ms=- lat_p99_ms=- status=ok
03:19:01 RUN n=576/6120 pass=9 test=mixed ra=65536 mbps=765.1 secs=13.1 minsec_mbps=599 slow_secs=1 inflight=218.4 lat_ms=75.4 fio_mib=9542 disk_mib=9540 disk_ratio=1.00 other_writes_mib=4.1 streams_min_mbps=- iops=10.0 lat_p50_ms=91.8 lat_p95_ms=229.6 lat_p99_ms=320.9 status=ok
03:19:16 RUN n=577/6120 pass=9 test=rand ra=4096 mbps=26.3 secs=12.0 minsec_mbps=- slow_secs=- inflight=3.8 lat_ms=9.8 fio_mib=301 disk_mib=330 disk_ratio=1.10 other_writes_mib=5.1 streams_min_mbps=- iops=401.4 lat_p50_ms=8.4 lat_p95_ms=18.5 lat_p99_ms=46.4 status=ok
03:19:34 RUN n=578/6120 pass=9 test=seq ra=8192 mbps=773.4 secs=12.9 minsec_mbps=600 slow_secs=0 inflight=31.4 lat_ms=10.7 fio_mib=9542 disk_mib=9532 disk_ratio=1.00 other_writes_mib=4.5 streams_min_mbps=- iops=- lat_p50_ms=- lat_p95_ms=- lat_p99_ms=- status=ok
03:19:49 RUN n=579/6120 pass=9 test=rand ra=90112 mbps=23.4 secs=12.0 minsec_mbps=- slow_secs=- inflight=3.8 lat_ms=11.1 fio_mib=268 disk_mib=293 disk_ratio=1.09 other_writes_mib=23.9 streams_min_mbps=- iops=356.6 lat_p50_ms=8.5 lat_p95_ms=21.4 lat_p99_ms=102.2 status=NOISY:writes
03:20:05 RUN n=580/6120 pass=9 test=rand ra=114688 mbps=28.6 secs=12.0 minsec_mbps=- slow_secs=- inflight=3.8 lat_ms=9.0 fio_mib=328 disk_mib=361 disk_ratio=1.10 other_writes_mib=5.0 streams_min_mbps=- iops=437.1 lat_p50_ms=8.2 lat_p95_ms=17.7 lat_p99_ms=27.4 status=ok
03:20:20 RUN n=581/6120 pass=9 test=rand ra=49152 mbps=26.9 secs=12.0 minsec_mbps=- slow_secs=- inflight=3.8 lat_ms=9.6 fio_mib=308 disk_mib=336 disk_ratio=1.09 other_writes_mib=4.2 streams_min_mbps=- iops=410.1 lat_p50_ms=8.5 lat_p95_ms=18.5 lat_p99_ms=39.1 status=ok
03:20:45 RUN n=582/6120 pass=9 test=conc ra=40960 mbps=650.8 secs=19.8 minsec_mbps=493 slow_secs=3 inflight=247.8 lat_ms=97.6 fio_mib=12288 disk_mib=12049 disk_ratio=0.98 other_writes_mib=11.4 streams_min_mbps=162.7 iops=- lat_p50_ms=- lat_p95_ms=- lat_p99_ms=- status=ok
03:21:01 RUN n=583/6120 pass=9 test=rand ra=40960 mbps=26.5 secs=12.0 minsec_mbps=- slow_secs=- inflight=3.8 lat_ms=9.8 fio_mib=303 disk_mib=332 disk_ratio=1.09 other_writes_mib=4.0 streams_min_mbps=- iops=404.1 lat_p50_ms=8.4 lat_p95_ms=18.5 lat_p99_ms=42.7 status=ok
03:21:19 RUN n=584/6120 pass=9 test=mixed ra=49152 mbps=720.0 secs=13.9 minsec_mbps=491 slow_secs=2 inflight=187.5 lat_ms=68.6 fio_mib=9542 disk_mib=9542 disk_ratio=1.00 other_writes_mib=8.2 streams_min_mbps=- iops=11.7 lat_p50_ms=73.9 lat_p95_ms=221.2 lat_p99_ms=287.3 status=ok
03:21:58 RUN n=585/6120 pass=9 test=conc ra=106496 mbps=385.9 secs=33.4 minsec_mbps=56 slow_secs=19 inflight=251.5 lat_ms=161.9 fio_mib=12288 disk_mib=12522 disk_ratio=1.02 other_writes_mib=38.6 streams_min_mbps=96.5 iops=- lat_p50_ms=- lat_p95_ms=- lat_p99_ms=- status=NOISY:writes
03:22:15 RUN n=586/6120 pass=9 test=mixed ra=98304 mbps=779.5 secs=12.8 minsec_mbps=616 slow_secs=0 inflight=219.4 lat_ms=73.1 fio_mib=9542 disk_mib=9541 disk_ratio=1.00 other_writes_mib=5.9 streams_min_mbps=- iops=11.0 lat_p50_ms=83.4 lat_p95_ms=204.5 lat_p99_ms=267.4 status=ok
03:22:33 RUN n=587/6120 pass=9 test=mixed ra=40960 mbps=761.9 secs=13.1 minsec_mbps=616 slow_secs=0 inflight=165.7 lat_ms=57.7 fio_mib=9542 disk_mib=9542 disk_ratio=1.00 other_writes_mib=3.2 streams_min_mbps=- iops=12.3 lat_p50_ms=76.0 lat_p95_ms=181.4 lat_p99_ms=233.8 status=ok
03:22:51 RUN n=588/6120 pass=9 test=seq ra=49152 mbps=768.8 secs=13.0 minsec_mbps=599 slow_secs=1 inflight=185.5 lat_ms=63.1 fio_mib=9542 disk_mib=9532 disk_ratio=1.00 other_writes_mib=2.9 streams_min_mbps=- iops=- lat_p50_ms=- lat_p95_ms=- lat_p99_ms=- status=ok
03:23:08 RUN n=589/6120 pass=9 test=mixed ra=131072 mbps=772.7 secs=12.9 minsec_mbps=541 slow_secs=1 inflight=220.3 lat_ms=74.7 fio_mib=9542 disk_mib=9540 disk_ratio=1.00 other_writes_mib=3.8 streams_min_mbps=- iops=10.0 lat_p50_ms=97.0 lat_p95_ms=240.1 lat_p99_ms=320.9 status=ok
03:23:33 RUN n=590/6120 pass=9 test=conc ra=24576 mbps=654.3 secs=19.7 minsec_mbps=541 slow_secs=5 inflight=243.3 lat_ms=96.9 fio_mib=12288 disk_mib=11994 disk_ratio=0.98 other_writes_mib=7.0 streams_min_mbps=163.6 iops=- lat_p50_ms=- lat_p95_ms=- lat_p99_ms=- status=ok
03:23:51 RUN n=591/6120 pass=9 test=seq ra=24576 mbps=731.5 secs=13.7 minsec_mbps=271 slow_secs=1 inflight=101.3 lat_ms=36.3 fio_mib=9542 disk_mib=9532 disk_ratio=1.00 other_writes_mib=24.7 streams_min_mbps=- iops=- lat_p50_ms=- lat_p95_ms=- lat_p99_ms=- status=NOISY:writes
03:24:10 RUN n=592/6120 pass=9 test=mixed ra=32768 mbps=740.8 secs=13.5 minsec_mbps=617 slow_secs=0 inflight=129.1 lat_ms=45.7 fio_mib=9542 disk_mib=9545 disk_ratio=1.00 other_writes_mib=2.6 streams_min_mbps=- iops=15.3 lat_p50_ms=52.2 lat_p95_ms=164.6 lat_p99_ms=215.0 status=ok
03:24:34 RUN n=593/6120 pass=9 test=conc ra=49152 mbps=659.6 secs=19.5 minsec_mbps=473 slow_secs=3 inflight=249.8 lat_ms=97.2 fio_mib=12288 disk_mib=12145 disk_ratio=0.99 other_writes_mib=6.6 streams_min_mbps=164.9 iops=- lat_p50_ms=- lat_p95_ms=- lat_p99_ms=- status=ok
03:25:11 RUN n=594/6120 pass=9 test=conc ra=4096 mbps=405.4 secs=31.8 minsec_mbps=292 slow_secs=30 inflight=88.6 lat_ms=56.9 fio_mib=12288 disk_mib=11867 disk_ratio=0.97 other_writes_mib=13.0 streams_min_mbps=101.3 iops=- lat_p50_ms=- lat_p95_ms=- lat_p99_ms=- status=ok
03:25:26 RUN n=595/6120 pass=9 test=rand ra=32768 mbps=25.1 secs=12.0 minsec_mbps=- slow_secs=- inflight=3.8 lat_ms=10.3 fio_mib=288 disk_mib=314 disk_ratio=1.09 other_writes_mib=4.6 streams_min_mbps=- iops=383.2 lat_p50_ms=8.5 lat_p95_ms=19.8 lat_p99_ms=68.7 status=ok
03:25:42 RUN n=596/6120 pass=9 test=rand ra=65536 mbps=27.6 secs=12.0 minsec_mbps=- slow_secs=- inflight=3.8 lat_ms=9.4 fio_mib=316 disk_mib=347 disk_ratio=1.10 other_writes_mib=4.1 streams_min_mbps=- iops=421.4 lat_p50_ms=8.4 lat_p95_ms=18.2 lat_p99_ms=33.8 status=ok
03:25:59 RUN n=597/6120 pass=9 test=seq ra=122880 mbps=776.4 secs=12.9 minsec_mbps=476 slow_secs=2 inflight=224.1 lat_ms=76.3 fio_mib=9542 disk_mib=9532 disk_ratio=1.00 other_writes_mib=31.6 streams_min_mbps=- iops=- lat_p50_ms=- lat_p95_ms=- lat_p99_ms=- status=NOISY:writes
03:26:24 RUN n=598/6120 pass=9 test=conc ra=65536 mbps=648.5 secs=19.9 minsec_mbps=380 slow_secs=4 inflight=250.5 lat_ms=99.1 fio_mib=12288 disk_mib=12115 disk_ratio=0.99 other_writes_mib=5.0 streams_min_mbps=162.1 iops=- lat_p50_ms=- lat_p95_ms=- lat_p99_ms=- status=ok
03:26:41 RUN n=599/6120 pass=9 test=seq ra=114688 mbps=804.6 secs=12.4 minsec_mbps=697 slow_secs=0 inflight=219.4 lat_ms=71.6 fio_mib=9542 disk_mib=9532 disk_ratio=1.00 other_writes_mib=2.6 streams_min_mbps=- iops=- lat_p50_ms=- lat_p95_ms=- lat_p99_ms=- status=ok
03:27:08 RUN n=600/6120 pass=9 test=conc ra=32768 mbps=583.8 secs=22.1 minsec_mbps=79 slow_secs=5 inflight=249.9 lat_ms=110.0 fio_mib=12288 disk_mib=12057 disk_ratio=0.98 other_writes_mib=10.6 streams_min_mbps=145.9 iops=- lat_p50_ms=- lat_p95_ms=- lat_p99_ms=- status=ok
03:27:26 RUN n=601/6120 pass=9 test=seq ra=73728 mbps=784.1 secs=12.8 minsec_mbps=615 slow_secs=0 inflight=217.3 lat_ms=73.4 fio_mib=9542 disk_mib=9532 disk_ratio=1.00 other_writes_mib=4.1 streams_min_mbps=- iops=- lat_p50_ms=- lat_p95_ms=- lat_p99_ms=- status=ok
03:27:54 RUN n=602/6120 pass=9 test=conc ra=131072 mbps=570.3 secs=22.6 minsec_mbps=100 slow_secs=8 inflight=251.4 lat_ms=106.9 fio_mib=12288 disk_mib=12802 disk_ratio=1.04 other_writes_mib=9.9 streams_min_mbps=142.6 iops=- lat_p50_ms=- lat_p95_ms=- lat_p99_ms=- status=ok
03:28:26 RUN n=603/6120 pass=9 test=conc ra=8192 mbps=475.7 secs=27.1 minsec_mbps=356 slow_secs=25 inflight=163.6 lat_ms=89.4 fio_mib=12288 disk_mib=11891 disk_ratio=0.97 other_writes_mib=7.9 streams_min_mbps=118.9 iops=- lat_p50_ms=- lat_p95_ms=- lat_p99_ms=- status=ok
03:28:43 RUN n=604/6120 pass=9 test=seq ra=40960 mbps=796.9 secs=12.6 minsec_mbps=622 slow_secs=0 inflight=161.3 lat_ms=52.9 fio_mib=9542 disk_mib=9532 disk_ratio=1.00 other_writes_mib=3.0 streams_min_mbps=- iops=- lat_p50_ms=- lat_p95_ms=- lat_p99_ms=- status=ok
03:29:09 RUN n=605/6120 pass=9 test=conc ra=16384 mbps=609.4 secs=21.1 minsec_mbps=496 slow_secs=10 inflight=234.9 lat_ms=100.8 fio_mib=12288 disk_mib=11946 disk_ratio=0.97 other_writes_mib=4.2 streams_min_mbps=152.3 iops=- lat_p50_ms=- lat_p95_ms=- lat_p99_ms=- status=ok
03:29:24 RUN n=606/6120 pass=9 test=rand ra=8192 mbps=27.6 secs=12.0 minsec_mbps=- slow_secs=- inflight=3.8 lat_ms=9.4 fio_mib=316 disk_mib=348 disk_ratio=1.10 other_writes_mib=5.6 streams_min_mbps=- iops=420.9 lat_p50_ms=8.4 lat_p95_ms=18.0 lat_p99_ms=31.9 status=ok
03:29:41 RUN n=607/6120 pass=9 test=seq ra=81920 mbps=804.9 secs=12.4 minsec_mbps=609 slow_secs=0 inflight=221.7 lat_ms=72.4 fio_mib=9542 disk_mib=9532 disk_ratio=1.00 other_writes_mib=3.7 streams_min_mbps=- iops=- lat_p50_ms=- lat_p95_ms=- lat_p99_ms=- status=ok
03:29:57 RUN n=608/6120 pass=9 test=rand ra=131072 mbps=25.2 secs=12.0 minsec_mbps=- slow_secs=- inflight=3.8 lat_ms=10.3 fio_mib=289 disk_mib=315 disk_ratio=1.09 other_writes_mib=31.0 streams_min_mbps=- iops=384.4 lat_p50_ms=8.4 lat_p95_ms=18.5 lat_p99_ms=52.2 status=NOISY:writes
03:30:15 RUN n=609/6120 pass=9 test=mixed ra=57344 mbps=759.8 secs=13.2 minsec_mbps=573 slow_secs=1 inflight=200.1 lat_ms=69.0 fio_mib=9542 disk_mib=9542 disk_ratio=1.00 other_writes_mib=4.3 streams_min_mbps=- iops=12.4 lat_p50_ms=68.7 lat_p95_ms=187.7 lat_p99_ms=304.1 status=ok
03:30:30 RUN n=610/6120 pass=9 test=rand ra=106496 mbps=27.2 secs=12.0 minsec_mbps=- slow_secs=- inflight=3.8 lat_ms=9.5 fio_mib=312 disk_mib=342 disk_ratio=1.10 other_writes_mib=2.8 streams_min_mbps=- iops=414.9 lat_p50_ms=8.5 lat_p95_ms=19.0 lat_p99_ms=32.9 status=ok
03:30:57 RUN n=611/6120 pass=9 test=conc ra=90112 mbps=584.3 secs=22.1 minsec_mbps=63 slow_secs=8 inflight=251.0 lat_ms=108.0 fio_mib=12288 disk_mib=12371 disk_ratio=1.01 other_writes_mib=11.0 streams_min_mbps=146.1 iops=- lat_p50_ms=- lat_p95_ms=- lat_p99_ms=- status=ok
03:31:23 RUN n=612/6120 pass=9 test=conc ra=114688 mbps=624.9 secs=20.6 minsec_mbps=555 slow_secs=2 inflight=250.4 lat_ms=99.1 fio_mib=12288 disk_mib=12532 disk_ratio=1.02 other_writes_mib=10.6 streams_min_mbps=156.2 iops=- lat_p50_ms=- lat_p95_ms=- lat_p99_ms=- status=ok
03:31:42 RUN n=613/6120 pass=10 test=seq ra=106496 mbps=802.0 secs=12.5 minsec_mbps=544 slow_secs=1 inflight=223.7 lat_ms=73.3 fio_mib=9542 disk_mib=9532 disk_ratio=1.00 other_writes_mib=4.6 streams_min_mbps=- iops=- lat_p50_ms=- lat_p95_ms=- lat_p99_ms=- status=ok
03:32:15 RUN n=614/6120 pass=10 test=conc ra=81920 mbps=464.5 secs=27.7 minsec_mbps=65 slow_secs=16 inflight=252.0 lat_ms=136.4 fio_mib=12288 disk_mib=12219 disk_ratio=0.99 other_writes_mib=61.6 streams_min_mbps=116.1 iops=- lat_p50_ms=- lat_p95_ms=- lat_p99_ms=- status=NOISY:writes
03:32:39 RUN n=615/6120 pass=10 test=conc ra=57344 mbps=649.8 secs=19.8 minsec_mbps=413 slow_secs=3 inflight=250.0 lat_ms=98.1 fio_mib=12288 disk_mib=12146 disk_ratio=0.99 other_writes_mib=5.7 streams_min_mbps=162.5 iops=- lat_p50_ms=- lat_p95_ms=- lat_p99_ms=- status=ok
03:33:04 RUN n=616/6120 pass=10 test=conc ra=65536 mbps=656.7 secs=19.6 minsec_mbps=561 slow_secs=4 inflight=250.0 lat_ms=96.8 fio_mib=12288 disk_mib=12128 disk_ratio=0.99 other_writes_mib=5.6 streams_min_mbps=164.2 iops=- lat_p50_ms=- lat_p95_ms=- lat_p99_ms=- status=ok
03:33:21 RUN n=617/6120 pass=10 test=seq ra=40960 mbps=793.1 secs=12.6 minsec_mbps=629 slow_secs=0 inflight=157.0 lat_ms=52.2 fio_mib=9542 disk_mib=9532 disk_ratio=1.00 other_writes_mib=3.5 streams_min_mbps=- iops=- lat_p50_ms=- lat_p95_ms=- lat_p99_ms=- status=ok
03:33:53 RUN n=618/6120 pass=10 test=conc ra=106496 mbps=486.3 secs=26.5 minsec_mbps=80 slow_secs=13 inflight=251.5 lat_ms=127.9 fio_mib=12288 disk_mib=12515 disk_ratio=1.02 other_writes_mib=9.5 streams_min_mbps=121.6 iops=- lat_p50_ms=- lat_p95_ms=- lat_p99_ms=- status=ok
03:34:11 RUN n=619/6120 pass=10 test=seq ra=81920 mbps=742.6 secs=13.5 minsec_mbps=210 slow_secs=2 inflight=229.0 lat_ms=80.9 fio_mib=9542 disk_mib=9532 disk_ratio=1.00 other_writes_mib=31.1 streams_min_mbps=- iops=- lat_p50_ms=- lat_p95_ms=- lat_p99_ms=- status=NOISY:writes
03:34:26 RUN n=620/6120 pass=10 test=rand ra=98304 mbps=27.7 secs=12.0 minsec_mbps=- slow_secs=- inflight=3.8 lat_ms=9.4 fio_mib=318 disk_mib=347 disk_ratio=1.09 other_writes_mib=2.3 streams_min_mbps=- iops=423.1 lat_p50_ms=8.3 lat_p95_ms=17.7 lat_p99_ms=34.3 status=ok
03:34:44 RUN n=621/6120 pass=10 test=seq ra=8192 mbps=761.9 secs=13.1 minsec_mbps=640 slow_secs=0 inflight=31.5 lat_ms=11.1 fio_mib=9542 disk_mib=9532 disk_ratio=1.00 other_writes_mib=3.1 streams_min_mbps=- iops=- lat_p50_ms=- lat_p95_ms=- lat_p99_ms=- status=ok
03:35:02 RUN n=622/6120 pass=10 test=seq ra=24576 mbps=768.8 secs=13.0 minsec_mbps=488 slow_secs=1 inflight=97.0 lat_ms=33.2 fio_mib=9542 disk_mib=9532 disk_ratio=1.00 other_writes_mib=4.3 streams_min_mbps=- iops=- lat_p50_ms=- lat_p95_ms=- lat_p99_ms=- status=ok
03:35:20 RUN n=623/6120 pass=10 test=mixed ra=32768 mbps=714.7 secs=14.0 minsec_mbps=621 slow_secs=0 inflight=128.7 lat_ms=47.5 fio_mib=9542 disk_mib=9545 disk_ratio=1.00 other_writes_mib=8.5 streams_min_mbps=- iops=15.3 lat_p50_ms=52.7 lat_p95_ms=170.9 lat_p99_ms=227.5 status=ok
03:35:37 RUN n=624/6120 pass=10 test=seq ra=114688 mbps=806.1 secs=12.4 minsec_mbps=601 slow_secs=0 inflight=221.6 lat_ms=72.5 fio_mib=9542 disk_mib=9532 disk_ratio=1.00 other_writes_mib=3.5 streams_min_mbps=- iops=- lat_p50_ms=- lat_p95_ms=- lat_p99_ms=- status=ok
03:35:53 RUN n=625/6120 pass=10 test=rand ra=49152 mbps=27.4 secs=12.0 minsec_mbps=- slow_secs=- inflight=3.8 lat_ms=9.5 fio_mib=314 disk_mib=344 disk_ratio=1.09 other_writes_mib=8.0 streams_min_mbps=- iops=418.6 lat_p50_ms=8.4 lat_p95_ms=17.4 lat_p99_ms=29.5 status=ok
03:36:11 RUN n=626/6120 pass=10 test=mixed ra=81920 mbps=750.3 secs=13.3 minsec_mbps=376 slow_secs=2 inflight=222.4 lat_ms=78.0 fio_mib=9542 disk_mib=9540 disk_ratio=1.00 other_writes_mib=32.1 streams_min_mbps=- iops=10.1 lat_p50_ms=92.8 lat_p95_ms=212.9 lat_p99_ms=320.9 status=NOISY:writes
03:36:29 RUN n=627/6120 pass=10 test=seq ra=32768 mbps=741.0 secs=13.5 minsec_mbps=558 slow_secs=1 inflight=125.3 lat_ms=44.6 fio_mib=9542 disk_mib=9532 disk_ratio=1.00 other_writes_mib=6.7 streams_min_mbps=- iops=- lat_p50_ms=- lat_p95_ms=- lat_p99_ms=- status=ok
03:36:53 RUN n=628/6120 pass=10 test=conc ra=49152 mbps=669.9 secs=19.2 minsec_mbps=473 slow_secs=3 inflight=249.1 lat_ms=95.6 fio_mib=12288 disk_mib=12145 disk_ratio=0.99 other_writes_mib=5.7 streams_min_mbps=167.5 iops=- lat_p50_ms=- lat_p95_ms=- lat_p99_ms=- status=ok
03:37:09 RUN n=629/6120 pass=10 test=rand ra=24576 mbps=29.3 secs=12.0 minsec_mbps=- slow_secs=- inflight=3.8 lat_ms=8.8 fio_mib=335 disk_mib=365 disk_ratio=1.09 other_writes_mib=4.2 streams_min_mbps=- iops=446.5 lat_p50_ms=8.4 lat_p95_ms=17.7 lat_p99_ms=26.3 status=ok
03:37:26 RUN n=630/6120 pass=10 test=seq ra=49152 mbps=805.9 secs=12.4 minsec_mbps=611 slow_secs=0 inflight=189.6 lat_ms=61.4 fio_mib=9542 disk_mib=9532 disk_ratio=1.00 other_writes_mib=4.1 streams_min_mbps=- iops=- lat_p50_ms=- lat_p95_ms=- lat_p99_ms=- status=ok
03:37:41 RUN n=631/6120 pass=10 test=rand ra=106496 mbps=28.3 secs=12.0 minsec_mbps=- slow_secs=- inflight=3.8 lat_ms=9.2 fio_mib=324 disk_mib=352 disk_ratio=1.09 other_writes_mib=6.5 streams_min_mbps=- iops=431.1 lat_p50_ms=8.4 lat_p95_ms=18.2 lat_p99_ms=28.7 status=ok
03:38:07 RUN n=632/6120 pass=10 test=conc ra=114688 mbps=623.3 secs=20.7 minsec_mbps=462 slow_secs=6 inflight=248.3 lat_ms=99.5 fio_mib=12288 disk_mib=12575 disk_ratio=1.02 other_writes_mib=8.6 streams_min_mbps=155.8 iops=- lat_p50_ms=- lat_p95_ms=- lat_p99_ms=- status=ok
03:38:28 RUN n=633/6120 pass=10 test=seq ra=16384 mbps=598.4 secs=16.7 minsec_mbps=428 slow_secs=8 inflight=67.6 lat_ms=28.9 fio_mib=9542 disk_mib=9543 disk_ratio=1.00 other_writes_mib=5.1 streams_min_mbps=- iops=- lat_p50_ms=- lat_p95_ms=- lat_p99_ms=- status=ok
03:38:48 RUN n=634/6120 pass=10 test=seq ra=122880 mbps=679.2 secs=14.7 minsec_mbps=486 slow_secs=4 inflight=223.6 lat_ms=86.1 fio_mib=9542 disk_mib=9561 disk_ratio=1.00 other_writes_mib=17.0 streams_min_mbps=- iops=- lat_p50_ms=- lat_p95_ms=- lat_p99_ms=- status=ok
03:39:03 RUN n=635/6120 pass=10 test=rand ra=8192 mbps=20.1 secs=12.0 minsec_mbps=- slow_secs=- inflight=5.2 lat_ms=14.5 fio_mib=231 disk_mib=353 disk_ratio=1.53 other_writes_mib=27.1 streams_min_mbps=- iops=307.3 lat_p50_ms=9.0 lat_p95_ms=27.4 lat_p99_ms=116.9 status=NOISY:writes
03:40:00 RUN n=636/6120 pass=10 test=conc ra=90112 mbps=248.9 secs=51.8 minsec_mbps=53 slow_secs=46 inflight=253.7 lat_ms=248.2 fio_mib=12288 disk_mib=12450 disk_ratio=1.01 other_writes_mib=117.9 streams_min_mbps=62.2 iops=- lat_p50_ms=- lat_p95_ms=- lat_p99_ms=- status=NOISY:writes
03:40:27 RUN n=637/6120 pass=10 test=conc ra=122880 mbps=591.7 secs=21.8 minsec_mbps=464 slow_secs=10 inflight=249.7 lat_ms=104.8 fio_mib=12288 disk_mib=12482 disk_ratio=1.02 other_writes_mib=36.4 streams_min_mbps=147.9 iops=- lat_p50_ms=- lat_p95_ms=- lat_p99_ms=- status=NOISY:writes
03:40:46 RUN n=638/6120 pass=10 test=seq ra=57344 mbps=727.4 secs=13.8 minsec_mbps=616 slow_secs=0 inflight=200.1 lat_ms=71.8 fio_mib=9542 disk_mib=9536 disk_ratio=1.00 other_writes_mib=12.8 streams_min_mbps=- iops=- lat_p50_ms=- lat_p95_ms=- lat_p99_ms=- status=ok
03:41:10 RUN n=639/6120 pass=10 test=conc ra=32768 mbps=658.8 secs=19.6 minsec_mbps=538 slow_secs=3 inflight=247.5 lat_ms=96.3 fio_mib=12288 disk_mib=12057 disk_ratio=0.98 other_writes_mib=5.4 streams_min_mbps=164.7 iops=- lat_p50_ms=- lat_p95_ms=- lat_p99_ms=- status=ok
03:41:35 RUN n=640/6120 pass=10 test=conc ra=73728 mbps=649.6 secs=19.8 minsec_mbps=393 slow_secs=5 inflight=249.7 lat_ms=97.6 fio_mib=12288 disk_mib=12213 disk_ratio=0.99 other_writes_mib=4.5 streams_min_mbps=162.4 iops=- lat_p50_ms=- lat_p95_ms=- lat_p99_ms=- status=ok
03:41:51 RUN n=641/6120 pass=10 test=rand ra=122880 mbps=27.9 secs=12.0 minsec_mbps=- slow_secs=- inflight=3.8 lat_ms=9.3 fio_mib=319 disk_mib=350 disk_ratio=1.10 other_writes_mib=5.3 streams_min_mbps=- iops=425.4 lat_p50_ms=8.4 lat_p95_ms=18.5 lat_p99_ms=33.8 status=ok
03:42:08 RUN n=642/6120 pass=10 test=mixed ra=131072 mbps=767.2 secs=13.0 minsec_mbps=643 slow_secs=0 inflight=223.4 lat_ms=76.9 fio_mib=9542 disk_mib=9541 disk_ratio=1.00 other_writes_mib=3.6 streams_min_mbps=- iops=11.3 lat_p50_ms=81.3 lat_p95_ms=229.6 lat_p99_ms=325.1 status=ok
03:42:26 RUN n=643/6120 pass=10 test=mixed ra=65536 mbps=778.5 secs=12.9 minsec_mbps=604 slow_secs=0 inflight=215.4 lat_ms=73.2 fio_mib=9542 disk_mib=9540 disk_ratio=1.00 other_writes_mib=4.4 streams_min_mbps=- iops=10.6 lat_p50_ms=83.4 lat_p95_ms=219.2 lat_p99_ms=254.8 status=ok
03:42:41 RUN n=644/6120 pass=10 test=rand ra=81920 mbps=29.2 secs=12.0 minsec_mbps=- slow_secs=- inflight=3.8 lat_ms=8.9 fio_mib=334 disk_mib=376 disk_ratio=1.12 other_writes_mib=3.8 streams_min_mbps=- iops=445.2 lat_p50_ms=8.2 lat_p95_ms=17.7 lat_p99_ms=28.4 status=ok
03:42:59 RUN n=645/6120 pass=10 test=mixed ra=106496 mbps=756.9 secs=13.2 minsec_mbps=492 slow_secs=1 inflight=223.5 lat_ms=78.4 fio_mib=9542 disk_mib=9540 disk_ratio=1.00 other_writes_mib=17.8 streams_min_mbps=- iops=9.3 lat_p50_ms=100.1 lat_p95_ms=238.0 lat_p99_ms=278.9 status=ok
03:43:15 RUN n=646/6120 pass=10 test=rand ra=16384 mbps=27.4 secs=12.0 minsec_mbps=- slow_secs=- inflight=3.8 lat_ms=9.5 fio_mib=314 disk_mib=341 disk_ratio=1.09 other_writes_mib=2.5 streams_min_mbps=- iops=418.8 lat_p50_ms=8.3 lat_p95_ms=18.7 lat_p99_ms=33.2 status=ok
03:43:41 RUN n=647/6120 pass=10 test=conc ra=16384 mbps=602.7 secs=21.4 minsec_mbps=376 slow_secs=10 inflight=234.4 lat_ms=100.8 fio_mib=12288 disk_mib=11946 disk_ratio=0.97 other_writes_mib=6.6 streams_min_mbps=150.7 iops=- lat_p50_ms=- lat_p95_ms=- lat_p99_ms=- status=ok
03:43:59 RUN n=648/6120 pass=10 test=seq ra=4096 mbps=766.5 secs=13.1 minsec_mbps=641 slow_secs=0 inflight=16.2 lat_ms=5.6 fio_mib=9542 disk_mib=9532 disk_ratio=1.00 other_writes_mib=2.5 streams_min_mbps=- iops=- lat_p50_ms=- lat_p95_ms=- lat_p99_ms=- status=ok
03:44:14 RUN n=649/6120 pass=10 test=rand ra=73728 mbps=27.9 secs=12.0 minsec_mbps=- slow_secs=- inflight=3.8 lat_ms=9.3 fio_mib=320 disk_mib=351 disk_ratio=1.10 other_writes_mib=3.0 streams_min_mbps=- iops=426.1 lat_p50_ms=8.4 lat_p95_ms=18.0 lat_p99_ms=29.2 status=ok
03:44:32 RUN n=650/6120 pass=10 test=mixed ra=98304 mbps=759.1 secs=13.2 minsec_mbps=620 slow_secs=0 inflight=219.2 lat_ms=76.9 fio_mib=9542 disk_mib=9540 disk_ratio=1.00 other_writes_mib=5.5 streams_min_mbps=- iops=10.2 lat_p50_ms=91.8 lat_p95_ms=229.6 lat_p99_ms=333.4 status=ok
03:44:52 RUN n=651/6120 pass=10 test=mixed ra=24576 mbps=678.4 secs=14.7 minsec_mbps=542 slow_secs=2 inflight=99.0 lat_ms=38.0 fio_mib=9542 disk_mib=9549 disk_ratio=1.00 other_writes_mib=14.7 streams_min_mbps=- iops=18.2 lat_p50_ms=43.3 lat_p95_ms=149.9 lat_p99_ms=194.0 status=ok
03:45:07 RUN n=652/6120 pass=10 test=rand ra=65536 mbps=27.6 secs=12.0 minsec_mbps=- slow_secs=- inflight=3.8 lat_ms=9.4 fio_mib=316 disk_mib=348 disk_ratio=1.10 other_writes_mib=5.5 streams_min_mbps=- iops=420.5 lat_p50_ms=8.3 lat_p95_ms=18.2 lat_p99_ms=35.9 status=ok
03:45:25 RUN n=653/6120 pass=10 test=mixed ra=122880 mbps=759.0 secs=13.2 minsec_mbps=627 slow_secs=0 inflight=218.7 lat_ms=76.9 fio_mib=9542 disk_mib=9540 disk_ratio=1.00 other_writes_mib=4.2 streams_min_mbps=- iops=9.9 lat_p50_ms=98.0 lat_p95_ms=212.9 lat_p99_ms=299.9 status=ok
03:45:53 RUN n=654/6120 pass=10 test=mixed ra=4096 mbps=425.1 secs=23.5 minsec_mbps=297 slow_secs=21 inflight=18.6 lat_ms=11.1 fio_mib=9542 disk_mib=9603 disk_ratio=1.01 other_writes_mib=12.3 streams_min_mbps=- iops=48.2 lat_p50_ms=14.4 lat_p95_ms=51.1 lat_p99_ms=87.6 status=ok
03:46:11 RUN n=655/6120 pass=10 test=seq ra=65536 mbps=788.3 secs=12.7 minsec_mbps=668 slow_secs=0 inflight=209.0 lat_ms=70.8 fio_mib=9542 disk_mib=9532 disk_ratio=1.00 other_writes_mib=5.9 streams_min_mbps=- iops=- lat_p50_ms=- lat_p95_ms=- lat_p99_ms=- status=ok
03:46:30 RUN n=656/6120 pass=10 test=mixed ra=114688 mbps=687.7 secs=14.5 minsec_mbps=502 slow_secs=2 inflight=223.1 lat_ms=85.1 fio_mib=9542 disk_mib=9541 disk_ratio=1.00 other_writes_mib=76.3 streams_min_mbps=- iops=9.7 lat_p50_ms=105.4 lat_p95_ms=221.2 lat_p99_ms=329.3 status=NOISY:writes
03:46:45 RUN n=657/6120 pass=10 test=rand ra=32768 mbps=20.1 secs=12.1 minsec_mbps=- slow_secs=- inflight=4.0 lat_ms=13.3 fio_mib=231 disk_mib=254 disk_ratio=1.10 other_writes_mib=36.1 streams_min_mbps=- iops=306.9 lat_p50_ms=8.7 lat_p95_ms=26.1 lat_p99_ms=123.2 status=NOISY:writes
03:47:03 RUN n=658/6120 pass=10 test=seq ra=131072 mbps=769.9 secs=13.0 minsec_mbps=608 slow_secs=0 inflight=219.1 lat_ms=75.1 fio_mib=9542 disk_mib=9534 disk_ratio=1.00 other_writes_mib=4.2 streams_min_mbps=- iops=- lat_p50_ms=- lat_p95_ms=- lat_p99_ms=- status=ok
03:47:28 RUN n=659/6120 pass=10 test=conc ra=24576 mbps=661.9 secs=19.5 minsec_mbps=573 slow_secs=4 inflight=244.2 lat_ms=96.0 fio_mib=12288 disk_mib=11994 disk_ratio=0.98 other_writes_mib=4.5 streams_min_mbps=165.5 iops=- lat_p50_ms=- lat_p95_ms=- lat_p99_ms=- status=ok
03:48:05 RUN n=660/6120 pass=10 test=conc ra=4096 mbps=406.0 secs=31.7 minsec_mbps=318 slow_secs=30 inflight=91.5 lat_ms=58.7 fio_mib=12288 disk_mib=11867 disk_ratio=0.97 other_writes_mib=8.4 streams_min_mbps=101.5 iops=- lat_p50_ms=- lat_p95_ms=- lat_p99_ms=- status=ok
03:48:20 RUN n=661/6120 pass=10 test=rand ra=90112 mbps=29.3 secs=12.0 minsec_mbps=- slow_secs=- inflight=3.8 lat_ms=8.9 fio_mib=336 disk_mib=367 disk_ratio=1.09 other_writes_mib=2.9 streams_min_mbps=- iops=446.9 lat_p50_ms=8.4 lat_p95_ms=17.7 lat_p99_ms=25.8 status=ok
03:48:36 RUN n=662/6120 pass=10 test=rand ra=57344 mbps=29.3 secs=12.0 minsec_mbps=- slow_secs=- inflight=3.8 lat_ms=8.9 fio_mib=335 disk_mib=366 disk_ratio=1.09 other_writes_mib=3.6 streams_min_mbps=- iops=446.7 lat_p50_ms=8.3 lat_p95_ms=17.7 lat_p99_ms=25.8 status=ok
03:48:53 RUN n=663/6120 pass=10 test=seq ra=90112 mbps=781.1 secs=12.8 minsec_mbps=555 slow_secs=1 inflight=217.0 lat_ms=72.3 fio_mib=9542 disk_mib=9532 disk_ratio=1.00 other_writes_mib=4.6 streams_min_mbps=- iops=- lat_p50_ms=- lat_p95_ms=- lat_p99_ms=- status=ok
03:49:08 RUN n=664/6120 pass=10 test=rand ra=131072 mbps=26.1 secs=12.0 minsec_mbps=- slow_secs=- inflight=3.8 lat_ms=10.0 fio_mib=299 disk_mib=329 disk_ratio=1.10 other_writes_mib=19.7 streams_min_mbps=- iops=398.6 lat_p50_ms=8.5 lat_p95_ms=18.7 lat_p99_ms=41.7 status=ok
03:49:33 RUN n=665/6120 pass=10 test=conc ra=40960 mbps=653.8 secs=19.7 minsec_mbps=367 slow_secs=5 inflight=248.6 lat_ms=98.4 fio_mib=12288 disk_mib=12063 disk_ratio=0.98 other_writes_mib=5.8 streams_min_mbps=163.5 iops=- lat_p50_ms=- lat_p95_ms=- lat_p99_ms=- status=ok
03:49:51 RUN n=666/6120 pass=10 test=mixed ra=73728 mbps=739.0 secs=13.5 minsec_mbps=621 slow_secs=0 inflight=215.3 lat_ms=76.7 fio_mib=9542 disk_mib=9541 disk_ratio=1.00 other_writes_mib=4.3 streams_min_mbps=- iops=11.4 lat_p50_ms=76.0 lat_p95_ms=206.6 lat_p99_ms=274.7 status=ok
03:50:07 RUN n=667/6120 pass=10 test=rand ra=40960 mbps=27.3 secs=12.0 minsec_mbps=- slow_secs=- inflight=3.8 lat_ms=9.5 fio_mib=312 disk_mib=343 disk_ratio=1.10 other_writes_mib=6.9 streams_min_mbps=- iops=416.3 lat_p50_ms=8.4 lat_p95_ms=18.5 lat_p99_ms=38.5 status=ok
03:50:25 RUN n=668/6120 pass=10 test=seq ra=73728 mbps=773.9 secs=12.9 minsec_mbps=642 slow_secs=0 inflight=219.1 lat_ms=74.9 fio_mib=9542 disk_mib=9532 disk_ratio=1.00 other_writes_mib=6.0 streams_min_mbps=- iops=- lat_p50_ms=- lat_p95_ms=- lat_p99_ms=- status=ok
03:50:43 RUN n=669/6120 pass=10 test=mixed ra=49152 mbps=718.2 secs=13.9 minsec_mbps=524 slow_secs=2 inflight=186.8 lat_ms=68.3 fio_mib=9542 disk_mib=9542 disk_ratio=1.00 other_writes_mib=9.7 streams_min_mbps=- iops=12.1 lat_p50_ms=62.1 lat_p95_ms=212.9 lat_p99_ms=278.9 status=ok
03:51:09 RUN n=670/6120 pass=10 test=conc ra=131072 mbps=615.5 secs=20.9 minsec_mbps=436 slow_secs=3 inflight=250.4 lat_ms=98.5 fio_mib=12288 disk_mib=12813 disk_ratio=1.04 other_writes_mib=6.4 streams_min_mbps=153.9 iops=- lat_p50_ms=- lat_p95_ms=- lat_p99_ms=- status=ok
03:51:27 RUN n=671/6120 pass=10 test=mixed ra=40960 mbps=737.3 secs=13.6 minsec_mbps=551 slow_secs=1 inflight=166.4 lat_ms=58.2 fio_mib=9542 disk_mib=9543 disk_ratio=1.00 other_writes_mib=3.0 streams_min_mbps=- iops=13.3 lat_p50_ms=64.7 lat_p95_ms=185.6 lat_p99_ms=235.9 status=ok
03:51:45 RUN n=672/6120 pass=10 test=seq ra=98304 mbps=783.8 secs=12.8 minsec_mbps=606 slow_secs=0 inflight=220.7 lat_ms=74.5 fio_mib=9542 disk_mib=9532 disk_ratio=1.00 other_writes_mib=3.2 streams_min_mbps=- iops=- lat_p50_ms=- lat_p95_ms=- lat_p99_ms=- status=ok
03:52:16 RUN n=673/6120 pass=10 test=conc ra=8192 mbps=483.6 secs=26.6 minsec_mbps=400 slow_secs=25 inflight=158.8 lat_ms=86.1 fio_mib=12288 disk_mib=11891 disk_ratio=0.97 other_writes_mib=11.4 streams_min_mbps=120.9 iops=- lat_p50_ms=- lat_p95_ms=- lat_p99_ms=- status=ok
03:52:39 RUN n=674/6120 pass=10 test=mixed ra=8192 mbps=549.0 secs=18.2 minsec_mbps=428 slow_secs=12 inflight=34.8 lat_ms=16.1 fio_mib=9542 disk_mib=9572 disk_ratio=1.00 other_writes_mib=5.5 streams_min_mbps=- iops=35.2 lat_p50_ms=18.5 lat_p95_ms=83.4 lat_p99_ms=132.6 status=ok
03:52:55 RUN n=675/6120 pass=10 test=rand ra=4096 mbps=26.9 secs=12.0 minsec_mbps=- slow_secs=- inflight=3.8 lat_ms=9.6 fio_mib=308 disk_mib=338 disk_ratio=1.10 other_writes_mib=7.0 streams_min_mbps=- iops=411.1 lat_p50_ms=8.5 lat_p95_ms=18.7 lat_p99_ms=34.9 status=ok
03:53:10 RUN n=676/6120 pass=10 test=rand ra=114688 mbps=27.7 secs=12.0 minsec_mbps=- slow_secs=- inflight=3.8 lat_ms=9.4 fio_mib=317 disk_mib=346 disk_ratio=1.09 other_writes_mib=3.8 streams_min_mbps=- iops=422.4 lat_p50_ms=8.4 lat_p95_ms=18.2 lat_p99_ms=33.8 status=ok
03:53:29 RUN n=677/6120 pass=10 test=mixed ra=57344 mbps=731.2 secs=13.7 minsec_mbps=527 slow_secs=1 inflight=194.7 lat_ms=70.3 fio_mib=9542 disk_mib=9542 disk_ratio=1.00 other_writes_mib=3.5 streams_min_mbps=- iops=12.0 lat_p50_ms=61.1 lat_p95_ms=210.8 lat_p99_ms=270.5 status=ok
03:53:46 RUN n=678/6120 pass=10 test=mixed ra=90112 mbps=793.9 secs=12.6 minsec_mbps=613 slow_secs=0 inflight=224.9 lat_ms=74.1 fio_mib=9542 disk_mib=9540 disk_ratio=1.00 other_writes_mib=2.4 streams_min_mbps=- iops=10.3 lat_p50_ms=97.0 lat_p95_ms=212.9 lat_p99_ms=270.5 status=ok
03:54:16 RUN n=679/6120 pass=10 test=conc ra=98304 mbps=509.5 secs=25.3 minsec_mbps=76 slow_secs=9 inflight=250.6 lat_ms=123.0 fio_mib=12288 disk_mib=12329 disk_ratio=1.00 other_writes_mib=5.3 streams_min_mbps=127.4 iops=- lat_p50_ms=- lat_p95_ms=- lat_p99_ms=- status=ok
03:54:36 RUN n=680/6120 pass=10 test=mixed ra=16384 mbps=630.1 secs=15.9 minsec_mbps=396 slow_secs=3 inflight=65.8 lat_ms=27.2 fio_mib=9542 disk_mib=9556 disk_ratio=1.00 other_writes_mib=9.2 streams_min_mbps=- iops=24.6 lat_p50_ms=27.9 lat_p95_ms=110.6 lat_p99_ms=185.6 status=ok
03:55:25 RUN n=681/6120 pass=11 test=conc ra=106496 mbps=306.6 secs=42.0 minsec_mbps=52 slow_secs=33 inflight=251.0 lat_ms=201.7 fio_mib=12288 disk_mib=12521 disk_ratio=1.02 other_writes_mib=42.4 streams_min_mbps=76.7 iops=- lat_p50_ms=- lat_p95_ms=- lat_p99_ms=- status=NOISY:writes
03:55:54 RUN n=682/6120 pass=11 test=conc ra=131072 mbps=543.8 secs=23.7 minsec_mbps=99 slow_secs=10 inflight=251.1 lat_ms=112.4 fio_mib=12288 disk_mib=12830 disk_ratio=1.04 other_writes_mib=9.3 streams_min_mbps=135.9 iops=- lat_p50_ms=- lat_p95_ms=- lat_p99_ms=- status=ok
03:56:12 RUN n=683/6120 pass=11 test=seq ra=32768 mbps=767.3 secs=13.0 minsec_mbps=454 slow_secs=1 inflight=131.6 lat_ms=44.7 fio_mib=9542 disk_mib=9532 disk_ratio=1.00 other_writes_mib=4.8 streams_min_mbps=- iops=- lat_p50_ms=- lat_p95_ms=- lat_p99_ms=- status=ok
03:56:40 RUN n=684/6120 pass=11 test=conc ra=122880 mbps=550.0 secs=23.4 minsec_mbps=76 slow_secs=11 inflight=249.3 lat_ms=113.3 fio_mib=12288 disk_mib=12513 disk_ratio=1.02 other_writes_mib=11.1 streams_min_mbps=137.5 iops=- lat_p50_ms=- lat_p95_ms=- lat_p99_ms=- status=ok
03:57:05 RUN n=685/6120 pass=11 test=conc ra=73728 mbps=649.7 secs=19.8 minsec_mbps=496 slow_secs=5 inflight=249.6 lat_ms=97.7 fio_mib=12288 disk_mib=12224 disk_ratio=0.99 other_writes_mib=8.3 streams_min_mbps=162.4 iops=- lat_p50_ms=- lat_p95_ms=- lat_p99_ms=- status=ok
03:57:24 RUN n=686/6120 pass=11 test=mixed ra=49152 mbps=716.4 secs=14.0 minsec_mbps=592 slow_secs=1 inflight=185.1 lat_ms=67.7 fio_mib=9542 disk_mib=9543 disk_ratio=1.00 other_writes_mib=25.9 streams_min_mbps=- iops=12.4 lat_p50_ms=64.7 lat_p95_ms=198.2 lat_p99_ms=283.1 status=NOISY:writes
03:57:41 RUN n=687/6120 pass=11 test=seq ra=122880 mbps=816.5 secs=12.3 minsec_mbps=653 slow_secs=0 inflight=222.7 lat_ms=72.9 fio_mib=9542 disk_mib=9532 disk_ratio=1.00 other_writes_mib=4.4 streams_min_mbps=- iops=- lat_p50_ms=- lat_p95_ms=- lat_p99_ms=- status=ok
03:57:56 RUN n=688/6120 pass=11 test=rand ra=65536 mbps=28.7 secs=12.0 minsec_mbps=- slow_secs=- inflight=3.8 lat_ms=9.0 fio_mib=329 disk_mib=360 disk_ratio=1.10 other_writes_mib=2.1 streams_min_mbps=- iops=437.6 lat_p50_ms=8.3 lat_p95_ms=18.2 lat_p99_ms=28.4 status=ok
03:58:14 RUN n=689/6120 pass=11 test=mixed ra=122880 mbps=785.8 secs=12.7 minsec_mbps=642 slow_secs=0 inflight=219.1 lat_ms=74.0 fio_mib=9542 disk_mib=9541 disk_ratio=1.00 other_writes_mib=3.1 streams_min_mbps=- iops=11.1 lat_p50_ms=87.6 lat_p95_ms=210.8 lat_p99_ms=299.9 status=ok
03:58:32 RUN n=690/6120 pass=11 test=mixed ra=131072 mbps=743.2 secs=13.5 minsec_mbps=631 slow_secs=0 inflight=220.2 lat_ms=78.6 fio_mib=9542 disk_mib=9541 disk_ratio=1.00 other_writes_mib=4.9 streams_min_mbps=- iops=11.0 lat_p50_ms=83.4 lat_p95_ms=235.9 lat_p99_ms=270.5 status=ok
03:58:47 RUN n=691/6120 pass=11 test=rand ra=98304 mbps=27.0 secs=12.0 minsec_mbps=- slow_secs=- inflight=3.8 lat_ms=9.6 fio_mib=309 disk_mib=338 disk_ratio=1.09 other_writes_mib=3.0 streams_min_mbps=- iops=411.7 lat_p50_ms=8.5 lat_p95_ms=19.0 lat_p99_ms=33.8 status=ok
03:59:03 RUN n=692/6120 pass=11 test=rand ra=49152 mbps=27.8 secs=12.1 minsec_mbps=- slow_secs=- inflight=3.8 lat_ms=9.3 fio_mib=321 disk_mib=349 disk_ratio=1.09 other_writes_mib=6.3 streams_min_mbps=- iops=424.0 lat_p50_ms=8.4 lat_p95_ms=18.2 lat_p99_ms=31.1 status=ok
03:59:18 RUN n=693/6120 pass=11 test=rand ra=90112 mbps=27.7 secs=12.0 minsec_mbps=- slow_secs=- inflight=3.8 lat_ms=9.3 fio_mib=318 disk_mib=348 disk_ratio=1.10 other_writes_mib=3.3 streams_min_mbps=- iops=422.9 lat_p50_ms=8.5 lat_p95_ms=18.0 lat_p99_ms=30.5 status=ok
03:59:46 RUN n=694/6120 pass=11 test=conc ra=57344 mbps=553.8 secs=23.3 minsec_mbps=72 slow_secs=10 inflight=248.2 lat_ms=114.7 fio_mib=12288 disk_mib=12146 disk_ratio=0.99 other_writes_mib=18.2 streams_min_mbps=138.4 iops=- lat_p50_ms=- lat_p95_ms=- lat_p99_ms=- status=ok
04:00:02 RUN n=695/6120 pass=11 test=rand ra=24576 mbps=28.1 secs=12.0 minsec_mbps=- slow_secs=- inflight=3.8 lat_ms=9.2 fio_mib=322 disk_mib=351 disk_ratio=1.09 other_writes_mib=5.1 streams_min_mbps=- iops=428.8 lat_p50_ms=8.4 lat_p95_ms=18.2 lat_p99_ms=31.3 status=ok
04:00:17 RUN n=696/6120 pass=11 test=rand ra=122880 mbps=27.6 secs=12.0 minsec_mbps=- slow_secs=- inflight=3.8 lat_ms=9.4 fio_mib=316 disk_mib=345 disk_ratio=1.09 other_writes_mib=7.4 streams_min_mbps=- iops=420.8 lat_p50_ms=8.4 lat_p95_ms=18.0 lat_p99_ms=34.3 status=ok
04:00:33 RUN n=697/6120 pass=11 test=rand ra=8192 mbps=26.1 secs=12.0 minsec_mbps=- slow_secs=- inflight=3.8 lat_ms=9.9 fio_mib=298 disk_mib=327 disk_ratio=1.09 other_writes_mib=5.6 streams_min_mbps=- iops=397.7 lat_p50_ms=8.6 lat_p95_ms=20.3 lat_p99_ms=44.3 status=ok
04:00:50 RUN n=698/6120 pass=11 test=mixed ra=98304 mbps=780.7 secs=12.8 minsec_mbps=667 slow_secs=0 inflight=224.3 lat_ms=75.7 fio_mib=9542 disk_mib=9540 disk_ratio=1.00 other_writes_mib=4.7 streams_min_mbps=- iops=9.7 lat_p50_ms=106.4 lat_p95_ms=215.0 lat_p99_ms=312.5 status=ok
04:01:18 RUN n=699/6120 pass=11 test=conc ra=16384 mbps=576.1 secs=22.4 minsec_mbps=380 slow_secs=13 inflight=234.9 lat_ms=105.6 fio_mib=12288 disk_mib=11946 disk_ratio=0.97 other_writes_mib=11.4 streams_min_mbps=144.0 iops=- lat_p50_ms=- lat_p95_ms=- lat_p99_ms=- status=ok
04:01:50 RUN n=700/6120 pass=11 test=conc ra=8192 mbps=465.5 secs=27.7 minsec_mbps=346 slow_secs=26 inflight=164.3 lat_ms=92.2 fio_mib=12288 disk_mib=11891 disk_ratio=0.97 other_writes_mib=29.8 streams_min_mbps=116.4 iops=- lat_p50_ms=- lat_p95_ms=- lat_p99_ms=- status=NOISY:writes
04:02:16 RUN n=701/6120 pass=11 test=conc ra=40960 mbps=624.0 secs=20.6 minsec_mbps=408 slow_secs=7 inflight=247.6 lat_ms=102.8 fio_mib=12288 disk_mib=12063 disk_ratio=0.98 other_writes_mib=22.4 streams_min_mbps=156.0 iops=- lat_p50_ms=- lat_p95_ms=- lat_p99_ms=- status=NOISY:writes
04:02:35 RUN n=702/6120 pass=11 test=seq ra=114688 mbps=720.1 secs=13.9 minsec_mbps=558 slow_secs=1 inflight=225.5 lat_ms=82.6 fio_mib=9542 disk_mib=9532 disk_ratio=1.00 other_writes_mib=13.0 streams_min_mbps=- iops=- lat_p50_ms=- lat_p95_ms=- lat_p99_ms=- status=ok
04:02:50 RUN n=703/6120 pass=11 test=rand ra=57344 mbps=28.1 secs=12.0 minsec_mbps=- slow_secs=- inflight=3.8 lat_ms=9.2 fio_mib=322 disk_mib=353 disk_ratio=1.10 other_writes_mib=6.2 streams_min_mbps=- iops=428.6 lat_p50_ms=8.4 lat_p95_ms=18.5 lat_p99_ms=27.4 status=ok
04:03:06 RUN n=704/6120 pass=11 test=rand ra=16384 mbps=26.8 secs=12.0 minsec_mbps=- slow_secs=- inflight=3.8 lat_ms=9.7 fio_mib=306 disk_mib=336 disk_ratio=1.10 other_writes_mib=3.9 streams_min_mbps=- iops=408.3 lat_p50_ms=8.5 lat_p95_ms=19.0 lat_p99_ms=39.1 status=ok
04:03:25 RUN n=705/6120 pass=11 test=mixed ra=24576 mbps=674.6 secs=14.8 minsec_mbps=530 slow_secs=3 inflight=98.7 lat_ms=38.1 fio_mib=9542 disk_mib=9548 disk_ratio=1.00 other_writes_mib=6.6 streams_min_mbps=- iops=17.9 lat_p50_ms=41.2 lat_p95_ms=154.1 lat_p99_ms=204.5 status=ok
04:03:58 RUN n=706/6120 pass=11 test=mixed ra=8192 mbps=355.3 secs=28.2 minsec_mbps=40 slow_secs=23 inflight=40.4 lat_ms=28.8 fio_mib=9542 disk_mib=9582 disk_ratio=1.00 other_writes_mib=126.3 streams_min_mbps=- iops=24.2 lat_p50_ms=24.0 lat_p95_ms=133.7 lat_p99_ms=316.7 status=NOISY:writes
04:04:31 RUN n=707/6120 pass=11 test=seq ra=73728 mbps=353.1 secs=28.3 minsec_mbps=165 slow_secs=25 inflight=230.1 lat_ms=170.0 fio_mib=9542 disk_mib=9534 disk_ratio=1.00 other_writes_mib=223.5 streams_min_mbps=- iops=- lat_p50_ms=- lat_p95_ms=- lat_p99_ms=- status=NOISY:writes
04:04:49 RUN n=708/6120 pass=11 test=seq ra=57344 mbps=759.9 secs=13.2 minsec_mbps=506 slow_secs=2 inflight=200.7 lat_ms=70.3 fio_mib=9542 disk_mib=9532 disk_ratio=1.00 other_writes_mib=2.6 streams_min_mbps=- iops=- lat_p50_ms=- lat_p95_ms=- lat_p99_ms=- status=ok
04:05:07 RUN n=709/6120 pass=11 test=seq ra=90112 mbps=760.9 secs=13.1 minsec_mbps=537 slow_secs=2 inflight=220.9 lat_ms=78.0 fio_mib=9542 disk_mib=9532 disk_ratio=1.00 other_writes_mib=8.8 streams_min_mbps=- iops=- lat_p50_ms=- lat_p95_ms=- lat_p99_ms=- status=ok
04:05:33 RUN n=710/6120 pass=11 test=conc ra=65536 mbps=620.8 secs=20.8 minsec_mbps=329 slow_secs=6 inflight=250.3 lat_ms=103.5 fio_mib=12288 disk_mib=12151 disk_ratio=0.99 other_writes_mib=15.2 streams_min_mbps=155.2 iops=- lat_p50_ms=- lat_p95_ms=- lat_p99_ms=- status=ok
04:06:01 RUN n=711/6120 pass=11 test=conc ra=49152 mbps=556.0 secs=23.2 minsec_mbps=69 slow_secs=7 inflight=250.5 lat_ms=116.0 fio_mib=12288 disk_mib=12145 disk_ratio=0.99 other_writes_mib=9.8 streams_min_mbps=139.0 iops=- lat_p50_ms=- lat_p95_ms=- lat_p99_ms=- status=ok
04:06:16 RUN n=712/6120 pass=11 test=rand ra=4096 mbps=12.0 secs=12.0 minsec_mbps=- slow_secs=- inflight=3.8 lat_ms=21.7 fio_mib=138 disk_mib=151 disk_ratio=1.10 other_writes_mib=4.1 streams_min_mbps=- iops=183.2 lat_p50_ms=9.5 lat_p95_ms=106.4 lat_p99_ms=135.3 status=ok
04:06:36 RUN n=713/6120 pass=11 test=mixed ra=106496 mbps=661.7 secs=15.1 minsec_mbps=235 slow_secs=4 inflight=231.2 lat_ms=90.8 fio_mib=9542 disk_mib=9541 disk_ratio=1.00 other_writes_mib=64.0 streams_min_mbps=- iops=9.3 lat_p50_ms=111.7 lat_p95_ms=242.2 lat_p99_ms=400.6 status=NOISY:writes
04:06:54 RUN n=714/6120 pass=11 test=seq ra=16384 mbps=731.9 secs=13.7 minsec_mbps=475 slow_secs=2 inflight=60.5 lat_ms=22.0 fio_mib=9542 disk_mib=9532 disk_ratio=1.00 other_writes_mib=3.7 streams_min_mbps=- iops=- lat_p50_ms=- lat_p95_ms=- lat_p99_ms=- status=ok
04:07:23 RUN n=715/6120 pass=11 test=mixed ra=4096 mbps=424.6 secs=23.6 minsec_mbps=336 slow_secs=21 inflight=19.2 lat_ms=11.5 fio_mib=9542 disk_mib=9597 disk_ratio=1.01 other_writes_mib=8.3 streams_min_mbps=- iops=44.3 lat_p50_ms=14.7 lat_p95_ms=56.9 lat_p99_ms=119.0 status=ok
04:07:40 RUN n=716/6120 pass=11 test=mixed ra=65536 mbps=760.6 secs=13.2 minsec_mbps=591 slow_secs=1 inflight=213.9 lat_ms=75.1 fio_mib=9542 disk_mib=9541 disk_ratio=1.00 other_writes_mib=3.7 streams_min_mbps=- iops=11.3 lat_p50_ms=83.4 lat_p95_ms=200.3 lat_p99_ms=274.7 status=ok
04:08:06 RUN n=717/6120 pass=11 test=conc ra=32768 mbps=646.6 secs=19.9 minsec_mbps=511 slow_secs=5 inflight=247.7 lat_ms=99.3 fio_mib=12288 disk_mib=12057 disk_ratio=0.98 other_writes_mib=6.6 streams_min_mbps=161.7 iops=- lat_p50_ms=- lat_p95_ms=- lat_p99_ms=- status=ok
04:08:32 RUN n=718/6120 pass=11 test=conc ra=24576 mbps=588.7 secs=21.9 minsec_mbps=220 slow_secs=8 inflight=247.7 lat_ms=109.0 fio_mib=12288 disk_mib=11994 disk_ratio=0.98 other_writes_mib=59.6 streams_min_mbps=147.2 iops=- lat_p50_ms=- lat_p95_ms=- lat_p99_ms=- status=NOISY:writes
04:08:51 RUN n=719/6120 pass=11 test=seq ra=40960 mbps=710.8 secs=14.1 minsec_mbps=518 slow_secs=3 inflight=151.7 lat_ms=56.1 fio_mib=9542 disk_mib=9532 disk_ratio=1.00 other_writes_mib=4.4 streams_min_mbps=- iops=- lat_p50_ms=- lat_p95_ms=- lat_p99_ms=- status=ok
04:09:08 RUN n=720/6120 pass=11 test=seq ra=49152 mbps=787.2 secs=12.7 minsec_mbps=634 slow_secs=0 inflight=181.4 lat_ms=61.6 fio_mib=9542 disk_mib=9532 disk_ratio=1.00 other_writes_mib=2.3 streams_min_mbps=- iops=- lat_p50_ms=- lat_p95_ms=- lat_p99_ms=- status=ok
04:09:24 RUN n=721/6120 pass=11 test=rand ra=106496 mbps=13.2 secs=12.1 minsec_mbps=- slow_secs=- inflight=3.9 lat_ms=19.7 fio_mib=152 disk_mib=168 disk_ratio=1.10 other_writes_mib=2.9 streams_min_mbps=- iops=201.5 lat_p50_ms=9.2 lat_p95_ms=100.1 lat_p99_ms=127.4 status=ok
04:09:41 RUN n=722/6120 pass=11 test=seq ra=81920 mbps=817.7 secs=12.2 minsec_mbps=631 slow_secs=0 inflight=222.4 lat_ms=72.4 fio_mib=9542 disk_mib=9532 disk_ratio=1.00 other_writes_mib=2.5 streams_min_mbps=- iops=- lat_p50_ms=- lat_p95_ms=- lat_p99_ms=- status=ok
04:09:56 RUN n=723/6120 pass=11 test=rand ra=40960 mbps=22.2 secs=12.0 minsec_mbps=- slow_secs=- inflight=3.8 lat_ms=11.7 fio_mib=254 disk_mib=278 disk_ratio=1.09 other_writes_mib=2.2 streams_min_mbps=- iops=339.0 lat_p50_ms=8.5 lat_p95_ms=22.9 lat_p99_ms=107.5 status=ok
04:10:15 RUN n=724/6120 pass=11 test=mixed ra=40960 mbps=721.4 secs=13.9 minsec_mbps=514 slow_secs=1 inflight=159.1 lat_ms=57.9 fio_mib=9542 disk_mib=9544 disk_ratio=1.00 other_writes_mib=10.6 streams_min_mbps=- iops=13.7 lat_p50_ms=57.4 lat_p95_ms=179.3 lat_p99_ms=233.8 status=ok
04:10:47 RUN n=725/6120 pass=11 test=conc ra=81920 mbps=466.1 secs=27.6 minsec_mbps=93 slow_secs=16 inflight=250.5 lat_ms=136.6 fio_mib=12288 disk_mib=12219 disk_ratio=0.99 other_writes_mib=57.2 streams_min_mbps=116.5 iops=- lat_p50_ms=- lat_p95_ms=- lat_p99_ms=- status=NOISY:writes
04:11:05 RUN n=726/6120 pass=11 test=seq ra=24576 mbps=755.3 secs=13.2 minsec_mbps=596 slow_secs=1 inflight=95.0 lat_ms=33.4 fio_mib=9542 disk_mib=9532 disk_ratio=1.00 other_writes_mib=4.8 streams_min_mbps=- iops=- lat_p50_ms=- lat_p95_ms=- lat_p99_ms=- status=ok
04:11:23 RUN n=727/6120 pass=11 test=mixed ra=73728 mbps=744.4 secs=13.4 minsec_mbps=550 slow_secs=2 inflight=217.8 lat_ms=77.3 fio_mib=9542 disk_mib=9541 disk_ratio=1.00 other_writes_mib=3.1 streams_min_mbps=- iops=11.3 lat_p50_ms=88.6 lat_p95_ms=198.2 lat_p99_ms=252.7 status=ok
04:12:02 RUN n=728/6120 pass=11 test=conc ra=4096 mbps=390.3 secs=33.0 minsec_mbps=293 slow_secs=31 inflight=89.1 lat_ms=58.4 fio_mib=12288 disk_mib=11881 disk_ratio=0.97 other_writes_mib=13.2 streams_min_mbps=97.6 iops=- lat_p50_ms=- lat_p95_ms=- lat_p99_ms=- status=ok
04:12:32 RUN n=729/6120 pass=11 test=conc ra=114688 mbps=513.6 secs=25.1 minsec_mbps=63 slow_secs=12 inflight=251.6 lat_ms=120.7 fio_mib=12288 disk_mib=12560 disk_ratio=1.02 other_writes_mib=9.2 streams_min_mbps=128.4 iops=- lat_p50_ms=- lat_p95_ms=- lat_p99_ms=- status=ok
04:12:49 RUN n=730/6120 pass=11 test=seq ra=65536 mbps=773.7 secs=12.9 minsec_mbps=460 slow_secs=1 inflight=215.9 lat_ms=72.7 fio_mib=9542 disk_mib=9532 disk_ratio=1.00 other_writes_mib=3.5 streams_min_mbps=- iops=- lat_p50_ms=- lat_p95_ms=- lat_p99_ms=- status=ok
04:13:06 RUN n=731/6120 pass=11 test=seq ra=106496 mbps=793.4 secs=12.6 minsec_mbps=673 slow_secs=0 inflight=227.3 lat_ms=75.5 fio_mib=9542 disk_mib=9532 disk_ratio=1.00 other_writes_mib=2.5 streams_min_mbps=- iops=- lat_p50_ms=- lat_p95_ms=- lat_p99_ms=- status=ok
04:13:25 RUN n=732/6120 pass=11 test=mixed ra=57344 mbps=734.8 secs=13.6 minsec_mbps=579 slow_secs=1 inflight=197.5 lat_ms=70.6 fio_mib=9542 disk_mib=9542 disk_ratio=1.00 other_writes_mib=5.4 streams_min_mbps=- iops=11.6 lat_p50_ms=79.2 lat_p95_ms=206.6 lat_p99_ms=278.9 status=ok
04:13:40 RUN n=733/6120 pass=11 test=rand ra=73728 mbps=27.6 secs=12.0 minsec_mbps=- slow_secs=- inflight=3.8 lat_ms=9.4 fio_mib=317 disk_mib=347 disk_ratio=1.09 other_writes_mib=2.7 streams_min_mbps=- iops=421.9 lat_p50_ms=8.5 lat_p95_ms=18.0 lat_p99_ms=30.3 status=ok
04:13:58 RUN n=734/6120 pass=11 test=mixed ra=90112 mbps=747.9 secs=13.4 minsec_mbps=638 slow_secs=0 inflight=225.6 lat_ms=78.9 fio_mib=9542 disk_mib=9540 disk_ratio=1.00 other_writes_mib=4.5 streams_min_mbps=- iops=9.4 lat_p50_ms=105.4 lat_p95_ms=215.0 lat_p99_ms=263.2 status=ok
04:14:14 RUN n=735/6120 pass=11 test=rand ra=32768 mbps=29.1 secs=12.0 minsec_mbps=- slow_secs=- inflight=3.8 lat_ms=8.9 fio_mib=333 disk_mib=364 disk_ratio=1.09 other_writes_mib=4.2 streams_min_mbps=- iops=443.3 lat_p50_ms=8.3 lat_p95_ms=17.4 lat_p99_ms=25.6 status=ok
04:14:33 RUN n=736/6120 pass=11 test=seq ra=4096 mbps=687.7 secs=14.6 minsec_mbps=353 slow_secs=4 inflight=17.5 lat_ms=6.6 fio_mib=9542 disk_mib=9532 disk_ratio=1.00 other_writes_mib=7.5 streams_min_mbps=- iops=- lat_p50_ms=- lat_p95_ms=- lat_p99_ms=- status=ok
04:14:50 RUN n=737/6120 pass=11 test=seq ra=8192 mbps=774.3 secs=12.9 minsec_mbps=682 slow_secs=0 inflight=33.7 lat_ms=11.4 fio_mib=9542 disk_mib=9532 disk_ratio=1.00 other_writes_mib=2.8 streams_min_mbps=- iops=- lat_p50_ms=- lat_p95_ms=- lat_p99_ms=- status=ok
04:15:08 RUN n=738/6120 pass=11 test=mixed ra=81920 mbps=734.8 secs=13.6 minsec_mbps=523 slow_secs=2 inflight=223.8 lat_ms=78.5 fio_mib=9542 disk_mib=9540 disk_ratio=1.00 other_writes_mib=7.3 streams_min_mbps=- iops=9.8 lat_p50_ms=86.5 lat_p95_ms=231.7 lat_p99_ms=312.5 status=ok
04:15:26 RUN n=739/6120 pass=11 test=mixed ra=114688 mbps=771.0 secs=13.0 minsec_mbps=683 slow_secs=0 inflight=220.9 lat_ms=75.7 fio_mib=9542 disk_mib=9540 disk_ratio=1.00 other_writes_mib=2.2 streams_min_mbps=- iops=9.8 lat_p50_ms=86.5 lat_p95_ms=254.8 lat_p99_ms=312.5 status=ok
04:15:41 RUN n=740/6120 pass=11 test=rand ra=114688 mbps=26.3 secs=12.0 minsec_mbps=- slow_secs=- inflight=3.8 lat_ms=9.8 fio_mib=302 disk_mib=331 disk_ratio=1.10 other_writes_mib=3.5 streams_min_mbps=- iops=401.9 lat_p50_ms=8.5 lat_p95_ms=19.0 lat_p99_ms=45.9 status=ok
04:16:09 RUN n=741/6120 pass=11 test=conc ra=98304 mbps=571.9 secs=22.5 minsec_mbps=81 slow_secs=7 inflight=250.2 lat_ms=110.5 fio_mib=12288 disk_mib=12329 disk_ratio=1.00 other_writes_mib=9.2 streams_min_mbps=143.0 iops=- lat_p50_ms=- lat_p95_ms=- lat_p99_ms=- status=ok
04:16:25 RUN n=742/6120 pass=11 test=rand ra=81920 mbps=28.5 secs=12.0 minsec_mbps=- slow_secs=- inflight=3.8 lat_ms=9.1 fio_mib=326 disk_mib=358 disk_ratio=1.10 other_writes_mib=3.6 streams_min_mbps=- iops=434.5 lat_p50_ms=8.3 lat_p95_ms=17.7 lat_p99_ms=27.1 status=ok
04:16:44 RUN n=743/6120 pass=11 test=seq ra=98304 mbps=670.7 secs=14.9 minsec_mbps=284 slow_secs=4 inflight=226.1 lat_ms=87.2 fio_mib=9542 disk_mib=9532 disk_ratio=1.00 other_writes_mib=58.8 streams_min_mbps=- iops=- lat_p50_ms=- lat_p95_ms=- lat_p99_ms=- status=NOISY:writes
04:17:22 RUN n=744/6120 pass=11 test=conc ra=90112 mbps=390.9 secs=33.0 minsec_mbps=53 slow_secs=18 inflight=253.2 lat_ms=161.7 fio_mib=12288 disk_mib=12352 disk_ratio=1.01 other_writes_mib=8.7 streams_min_mbps=97.7 iops=- lat_p50_ms=- lat_p95_ms=- lat_p99_ms=- status=ok
04:17:42 RUN n=745/6120 pass=11 test=mixed ra=16384 mbps=639.1 secs=15.7 minsec_mbps=399 slow_secs=5 inflight=66.3 lat_ms=27.3 fio_mib=9542 disk_mib=9554 disk_ratio=1.00 other_writes_mib=5.9 streams_min_mbps=- iops=22.7 lat_p50_ms=29.5 lat_p95_ms=131.6 lat_p99_ms=198.2 status=ok
04:18:01 RUN n=746/6120 pass=11 test=mixed ra=32768 mbps=684.9 secs=14.6 minsec_mbps=561 slow_secs=1 inflight=130.4 lat_ms=49.6 fio_mib=9542 disk_mib=9546 disk_ratio=1.00 other_writes_mib=4.2 streams_min_mbps=- iops=15.3 lat_p50_ms=54.8 lat_p95_ms=166.7 lat_p99_ms=240.1 status=ok
04:18:19 RUN n=747/6120 pass=11 test=seq ra=131072 mbps=793.9 secs=12.6 minsec_mbps=632 slow_secs=0 inflight=221.2 lat_ms=73.7 fio_mib=9542 disk_mib=9532 disk_ratio=1.00 other_writes_mib=6.1 streams_min_mbps=- iops=- lat_p50_ms=- lat_p95_ms=- lat_p99_ms=- status=ok
04:18:34 RUN n=748/6120 pass=11 test=rand ra=131072 mbps=26.0 secs=12.0 minsec_mbps=- slow_secs=- inflight=3.8 lat_ms=10.0 fio_mib=298 disk_mib=328 disk_ratio=1.10 other_writes_mib=4.3 streams_min_mbps=- iops=397.0 lat_p50_ms=8.5 lat_p95_ms=18.5 lat_p99_ms=54.8 status=ok
04:18:53 RUN n=749/6120 pass=12 test=seq ra=4096 mbps=770.4 secs=13.0 minsec_mbps=595 slow_secs=1 inflight=16.9 lat_ms=5.8 fio_mib=9542 disk_mib=9532 disk_ratio=1.00 other_writes_mib=4.0 streams_min_mbps=- iops=- lat_p50_ms=- lat_p95_ms=- lat_p99_ms=- status=ok
04:19:22 RUN n=750/6120 pass=12 test=mixed ra=4096 mbps=412.1 secs=24.3 minsec_mbps=283 slow_secs=22 inflight=18.9 lat_ms=11.7 fio_mib=9542 disk_mib=9600 disk_ratio=1.01 other_writes_mib=7.3 streams_min_mbps=- iops=45.2 lat_p50_ms=14.2 lat_p95_ms=57.9 lat_p99_ms=114.8 status=ok
04:20:00 RUN n=751/6120 pass=12 test=conc ra=4096 mbps=394.8 secs=32.6 minsec_mbps=263 slow_secs=30 inflight=89.1 lat_ms=58.6 fio_mib=12288 disk_mib=11867 disk_ratio=0.97 other_writes_mib=10.1 streams_min_mbps=98.7 iops=- lat_p50_ms=- lat_p95_ms=- lat_p99_ms=- status=ok
04:20:18 RUN n=752/6120 pass=12 test=seq ra=106496 mbps=762.7 secs=13.1 minsec_mbps=589 slow_secs=1 inflight=220.2 lat_ms=75.2 fio_mib=9542 disk_mib=9532 disk_ratio=1.00 other_writes_mib=4.6 streams_min_mbps=- iops=- lat_p50_ms=- lat_p95_ms=- lat_p99_ms=- status=ok
04:20:33 RUN n=753/6120 pass=12 test=rand ra=24576 mbps=27.2 secs=12.0 minsec_mbps=- slow_secs=- inflight=3.8 lat_ms=9.5 fio_mib=312 disk_mib=341 disk_ratio=1.09 other_writes_mib=5.7 streams_min_mbps=- iops=415.6 lat_p50_ms=8.3 lat_p95_ms=18.2 lat_p99_ms=38.5 status=ok
04:20:49 RUN n=754/6120 pass=12 test=rand ra=81920 mbps=17.3 secs=12.0 minsec_mbps=- slow_secs=- inflight=3.8 lat_ms=15.0 fio_mib=199 disk_mib=219 disk_ratio=1.10 other_writes_mib=41.8 streams_min_mbps=- iops=264.3 lat_p50_ms=8.8 lat_p95_ms=35.4 lat_p99_ms=133.7 status=NOISY:writes
04:21:04 RUN n=755/6120 pass=12 test=rand ra=57344 mbps=28.6 secs=12.0 minsec_mbps=- slow_secs=- inflight=3.8 lat_ms=9.1 fio_mib=327 disk_mib=357 disk_ratio=1.09 other_writes_mib=2.7 streams_min_mbps=- iops=435.7 lat_p50_ms=8.2 lat_p95_ms=17.7 lat_p99_ms=27.1 status=ok
04:21:33 RUN n=756/6120 pass=12 test=conc ra=114688 mbps=543.8 secs=23.7 minsec_mbps=100 slow_secs=7 inflight=251.4 lat_ms=114.8 fio_mib=12288 disk_mib=12575 disk_ratio=1.02 other_writes_mib=10.3 streams_min_mbps=135.9 iops=- lat_p50_ms=- lat_p95_ms=- lat_p99_ms=- status=ok
04:21:51 RUN n=757/6120 pass=12 test=mixed ra=90112 mbps=752.5 secs=13.3 minsec_mbps=551 slow_secs=1 inflight=221.5 lat_ms=76.5 fio_mib=9542 disk_mib=9540 disk_ratio=1.00 other_writes_mib=4.7 streams_min_mbps=- iops=9.9 lat_p50_ms=92.8 lat_p95_ms=231.7 lat_p99_ms=320.9 status=ok
04:22:07 RUN n=758/6120 pass=12 test=rand ra=131072 mbps=27.9 secs=12.0 minsec_mbps=- slow_secs=- inflight=3.8 lat_ms=9.3 fio_mib=319 disk_mib=350 disk_ratio=1.09 other_writes_mib=5.2 streams_min_mbps=- iops=425.2 lat_p50_ms=8.5 lat_p95_ms=18.0 lat_p99_ms=29.2 status=ok
04:22:24 RUN n=759/6120 pass=12 test=seq ra=73728 mbps=774.2 secs=12.9 minsec_mbps=541 slow_secs=1 inflight=217.5 lat_ms=73.4 fio_mib=9542 disk_mib=9532 disk_ratio=1.00 other_writes_mib=4.7 streams_min_mbps=- iops=- lat_p50_ms=- lat_p95_ms=- lat_p99_ms=- status=ok
04:22:43 RUN n=760/6120 pass=12 test=seq ra=57344 mbps=678.0 secs=14.8 minsec_mbps=297 slow_secs=4 inflight=201.7 lat_ms=77.5 fio_mib=9542 disk_mib=9532 disk_ratio=1.00 other_writes_mib=46.5 streams_min_mbps=- iops=- lat_p50_ms=- lat_p95_ms=- lat_p99_ms=- status=NOISY:writes
04:23:01 RUN n=761/6120 pass=12 test=seq ra=98304 mbps=793.0 secs=12.6 minsec_mbps=603 slow_secs=0 inflight=227.0 lat_ms=74.5 fio_mib=9542 disk_mib=9532 disk_ratio=1.00 other_writes_mib=3.8 streams_min_mbps=- iops=- lat_p50_ms=- lat_p95_ms=- lat_p99_ms=- status=ok
04:23:19 RUN n=762/6120 pass=12 test=mixed ra=98304 mbps=759.8 secs=13.2 minsec_mbps=632 slow_secs=0 inflight=219.7 lat_ms=75.8 fio_mib=9542 disk_mib=9540 disk_ratio=1.00 other_writes_mib=2.4 streams_min_mbps=- iops=10.2 lat_p50_ms=87.6 lat_p95_ms=221.2 lat_p99_ms=278.9 status=ok
04:23:51 RUN n=763/6120 pass=12 test=conc ra=8192 mbps=478.3 secs=26.9 minsec_mbps=383 slow_secs=25 inflight=159.3 lat_ms=87.2 fio_mib=12288 disk_mib=11891 disk_ratio=0.97 other_writes_mib=5.2 streams_min_mbps=119.6 iops=- lat_p50_ms=- lat_p95_ms=- lat_p99_ms=- status=ok
04:24:06 RUN n=764/6120 pass=12 test=rand ra=98304 mbps=27.3 secs=12.0 minsec_mbps=- slow_secs=- inflight=3.8 lat_ms=9.5 fio_mib=313 disk_mib=341 disk_ratio=1.09 other_writes_mib=2.2 streams_min_mbps=- iops=417.1 lat_p50_ms=8.5 lat_p95_ms=18.2 lat_p99_ms=32.4 status=ok
04:24:22 RUN n=765/6120 pass=12 test=rand ra=4096 mbps=27.5 secs=12.1 minsec_mbps=- slow_secs=- inflight=3.8 lat_ms=9.4 fio_mib=316 disk_mib=346 disk_ratio=1.09 other_writes_mib=4.8 streams_min_mbps=- iops=418.9 lat_p50_ms=8.4 lat_p95_ms=17.7 lat_p99_ms=33.8 status=ok
04:24:39 RUN n=766/6120 pass=12 test=seq ra=122880 mbps=804.1 secs=12.4 minsec_mbps=568 slow_secs=1 inflight=224.0 lat_ms=73.1 fio_mib=9542 disk_mib=9532 disk_ratio=1.00 other_writes_mib=5.2 streams_min_mbps=- iops=- lat_p50_ms=- lat_p95_ms=- lat_p99_ms=- status=ok
04:24:57 RUN n=767/6120 pass=12 test=mixed ra=49152 mbps=762.3 secs=13.1 minsec_mbps=607 slow_secs=0 inflight=186.3 lat_ms=65.1 fio_mib=9542 disk_mib=9542 disk_ratio=1.00 other_writes_mib=2.3 streams_min_mbps=- iops=12.3 lat_p50_ms=62.1 lat_p95_ms=198.2 lat_p99_ms=238.0 status=ok
04:25:14 RUN n=768/6120 pass=12 test=seq ra=40960 mbps=781.0 secs=12.8 minsec_mbps=606 slow_secs=0 inflight=154.7 lat_ms=52.4 fio_mib=9542 disk_mib=9532 disk_ratio=1.00 other_writes_mib=4.2 streams_min_mbps=- iops=- lat_p50_ms=- lat_p95_ms=- lat_p99_ms=- status=ok
04:25:29 RUN n=769/6120 pass=12 test=rand ra=114688 mbps=28.2 secs=12.0 minsec_mbps=- slow_secs=- inflight=3.8 lat_ms=9.2 fio_mib=322 disk_mib=354 disk_ratio=1.10 other_writes_mib=3.6 streams_min_mbps=- iops=429.7 lat_p50_ms=8.4 lat_p95_ms=17.7 lat_p99_ms=29.0 status=ok
04:25:55 RUN n=770/6120 pass=12 test=conc ra=49152 mbps=645.2 secs=20.0 minsec_mbps=334 slow_secs=3 inflight=247.7 lat_ms=98.6 fio_mib=12288 disk_mib=12145 disk_ratio=0.99 other_writes_mib=10.5 streams_min_mbps=161.3 iops=- lat_p50_ms=- lat_p95_ms=- lat_p99_ms=- status=ok
04:26:19 RUN n=771/6120 pass=12 test=conc ra=73728 mbps=657.7 secs=19.6 minsec_mbps=557 slow_secs=4 inflight=249.5 lat_ms=96.8 fio_mib=12288 disk_mib=12229 disk_ratio=1.00 other_writes_mib=8.3 streams_min_mbps=164.4 iops=- lat_p50_ms=- lat_p95_ms=- lat_p99_ms=- status=ok
04:26:37 RUN n=772/6120 pass=12 test=mixed ra=114688 mbps=765.2 secs=13.1 minsec_mbps=675 slow_secs=0 inflight=223.7 lat_ms=76.3 fio_mib=9542 disk_mib=9541 disk_ratio=1.00 other_writes_mib=5.1 streams_min_mbps=- iops=10.9 lat_p50_ms=87.6 lat_p95_ms=206.6 lat_p99_ms=256.9 status=ok
04:26:56 RUN n=773/6120 pass=12 test=mixed ra=73728 mbps=696.9 secs=14.4 minsec_mbps=382 slow_secs=3 inflight=204.9 lat_ms=76.6 fio_mib=9542 disk_mib=9541 disk_ratio=1.00 other_writes_mib=3.6 streams_min_mbps=- iops=10.5 lat_p50_ms=81.3 lat_p95_ms=200.3 lat_p99_ms=522.2 status=ok
04:27:21 RUN n=774/6120 pass=12 test=conc ra=131072 mbps=620.6 secs=20.8 minsec_mbps=524 slow_secs=3 inflight=250.7 lat_ms=98.0 fio_mib=12288 disk_mib=12815 disk_ratio=1.04 other_writes_mib=6.1 streams_min_mbps=155.2 iops=- lat_p50_ms=- lat_p95_ms=- lat_p99_ms=- status=ok
04:27:39 RUN n=775/6120 pass=12 test=mixed ra=131072 mbps=772.1 secs=13.0 minsec_mbps=583 slow_secs=1 inflight=223.1 lat_ms=75.1 fio_mib=9542 disk_mib=9540 disk_ratio=1.00 other_writes_mib=5.3 streams_min_mbps=- iops=9.9 lat_p50_ms=93.8 lat_p95_ms=238.0 lat_p99_ms=299.9 status=ok
04:27:57 RUN n=776/6120 pass=12 test=mixed ra=40960 mbps=741.1 secs=13.5 minsec_mbps=610 slow_secs=0 inflight=162.9 lat_ms=57.6 fio_mib=9542 disk_mib=9543 disk_ratio=1.00 other_writes_mib=2.6 streams_min_mbps=- iops=13.5 lat_p50_ms=54.3 lat_p95_ms=194.0 lat_p99_ms=246.4 status=ok
04:28:22 RUN n=777/6120 pass=12 test=conc ra=32768 mbps=640.2 secs=20.1 minsec_mbps=413 slow_secs=6 inflight=249.2 lat_ms=100.2 fio_mib=12288 disk_mib=12041 disk_ratio=0.98 other_writes_mib=8.0 streams_min_mbps=160.1 iops=- lat_p50_ms=- lat_p95_ms=- lat_p99_ms=- status=ok
04:29:00 RUN n=778/6120 pass=12 test=conc ra=98304 mbps=387.9 secs=33.2 minsec_mbps=61 slow_secs=20 inflight=252.1 lat_ms=163.1 fio_mib=12288 disk_mib=12329 disk_ratio=1.00 other_writes_mib=28.0 streams_min_mbps=97.0 iops=- lat_p50_ms=- lat_p95_ms=- lat_p99_ms=- status=NOISY:writes
04:29:26 RUN n=779/6120 pass=12 test=conc ra=16384 mbps=615.5 secs=20.9 minsec_mbps=513 slow_secs=9 inflight=239.1 lat_ms=101.7 fio_mib=12288 disk_mib=11946 disk_ratio=0.97 other_writes_mib=4.0 streams_min_mbps=153.9 iops=- lat_p50_ms=- lat_p95_ms=- lat_p99_ms=- status=ok
04:29:44 RUN n=780/6120 pass=12 test=mixed ra=65536 mbps=756.3 secs=13.2 minsec_mbps=591 slow_secs=2 inflight=212.9 lat_ms=73.7 fio_mib=9542 disk_mib=9540 disk_ratio=1.00 other_writes_mib=6.0 streams_min_mbps=- iops=10.5 lat_p50_ms=87.6 lat_p95_ms=227.5 lat_p99_ms=248.5 status=ok
04:30:01 RUN n=781/6120 pass=12 test=seq ra=90112 mbps=808.8 secs=12.4 minsec_mbps=664 slow_secs=0 inflight=220.7 lat_ms=71.5 fio_mib=9542 disk_mib=9532 disk_ratio=1.00 other_writes_mib=4.2 streams_min_mbps=- iops=- lat_p50_ms=- lat_p95_ms=- lat_p99_ms=- status=ok
04:30:26 RUN n=782/6120 pass=12 test=conc ra=122880 mbps=651.1 secs=19.8 minsec_mbps=575 slow_secs=2 inflight=250.1 lat_ms=95.6 fio_mib=12288 disk_mib=12502 disk_ratio=1.02 other_writes_mib=9.5 streams_min_mbps=162.8 iops=- lat_p50_ms=- lat_p95_ms=- lat_p99_ms=- status=ok
04:30:57 RUN n=783/6120 pass=12 test=conc ra=57344 mbps=504.4 secs=25.5 minsec_mbps=75 slow_secs=11 inflight=251.3 lat_ms=127.2 fio_mib=12288 disk_mib=12146 disk_ratio=0.99 other_writes_mib=31.0 streams_min_mbps=126.1 iops=- lat_p50_ms=- lat_p95_ms=- lat_p99_ms=- status=NOISY:writes
04:31:12 RUN n=784/6120 pass=12 test=rand ra=90112 mbps=27.5 secs=12.0 minsec_mbps=- slow_secs=- inflight=3.8 lat_ms=9.4 fio_mib=315 disk_mib=345 disk_ratio=1.10 other_writes_mib=3.9 streams_min_mbps=- iops=419.6 lat_p50_ms=8.5 lat_p95_ms=18.5 lat_p99_ms=33.4 status=ok
04:31:28 RUN n=785/6120 pass=12 test=rand ra=8192 mbps=28.1 secs=12.1 minsec_mbps=- slow_secs=- inflight=3.8 lat_ms=9.2 fio_mib=323 disk_mib=354 disk_ratio=1.10 other_writes_mib=6.1 streams_min_mbps=- iops=428.6 lat_p50_ms=8.3 lat_p95_ms=18.0 lat_p99_ms=27.4 status=ok
04:31:58 RUN n=786/6120 pass=12 test=conc ra=81920 mbps=501.4 secs=25.7 minsec_mbps=64 slow_secs=9 inflight=-163911.5 lat_ms=-83110.6 fio_mib=12288 disk_mib=12219 disk_ratio=0.99 other_writes_mib=10.4 streams_min_mbps=125.3 iops=- lat_p50_ms=- lat_p95_ms=- lat_p99_ms=- status=ok
04:32:21 RUN n=787/6120 pass=12 test=mixed ra=8192 mbps=564.5 secs=17.7 minsec_mbps=432 slow_secs=10 inflight=33.9 lat_ms=15.6 fio_mib=9542 disk_mib=9570 disk_ratio=1.00 other_writes_mib=6.8 streams_min_mbps=- iops=34.2 lat_p50_ms=19.3 lat_p95_ms=85.5 lat_p99_ms=128.5 status=ok
04:32:38 RUN n=788/6120 pass=12 test=mixed ra=122880 mbps=774.2 secs=12.9 minsec_mbps=601 slow_secs=0 inflight=223.9 lat_ms=76.3 fio_mib=9542 disk_mib=9540 disk_ratio=1.00 other_writes_mib=6.3 streams_min_mbps=- iops=10.2 lat_p50_ms=93.8 lat_p95_ms=231.7 lat_p99_ms=304.1 status=ok
04:32:54 RUN n=789/6120 pass=12 test=rand ra=73728 mbps=22.4 secs=12.1 minsec_mbps=- slow_secs=- inflight=3.8 lat_ms=11.6 fio_mib=258 disk_mib=284 disk_ratio=1.10 other_writes_mib=37.1 streams_min_mbps=- iops=342.3 lat_p50_ms=8.6 lat_p95_ms=20.6 lat_p99_ms=99.1 status=NOISY:writes
04:33:09 RUN n=790/6120 pass=12 test=rand ra=32768 mbps=26.2 secs=12.0 minsec_mbps=- slow_secs=- inflight=3.8 lat_ms=9.9 fio_mib=300 disk_mib=327 disk_ratio=1.09 other_writes_mib=3.8 streams_min_mbps=- iops=399.7 lat_p50_ms=8.5 lat_p95_ms=18.5 lat_p99_ms=44.3 status=ok
04:33:28 RUN n=791/6120 pass=12 test=mixed ra=24576 mbps=708.8 secs=14.1 minsec_mbps=625 slow_secs=0 inflight=100.5 lat_ms=36.8 fio_mib=9542 disk_mib=9550 disk_ratio=1.00 other_writes_mib=2.4 streams_min_mbps=- iops=20.4 lat_p50_ms=37.0 lat_p95_ms=147.8 lat_p99_ms=189.8 status=ok
04:33:45 RUN n=792/6120 pass=12 test=seq ra=16384 mbps=800.8 secs=12.5 minsec_mbps=684 slow_secs=0 inflight=60.0 lat_ms=20.0 fio_mib=9542 disk_mib=9532 disk_ratio=1.00 other_writes_mib=4.9 streams_min_mbps=- iops=- lat_p50_ms=- lat_p95_ms=- lat_p99_ms=- status=ok
04:34:11 RUN n=793/6120 pass=12 test=conc ra=90112 mbps=612.5 secs=21.0 minsec_mbps=270 slow_secs=4 inflight=249.7 lat_ms=101.7 fio_mib=12288 disk_mib=12371 disk_ratio=1.01 other_writes_mib=24.9 streams_min_mbps=153.1 iops=- lat_p50_ms=- lat_p95_ms=- lat_p99_ms=- status=NOISY:writes
04:34:28 RUN n=794/6120 pass=12 test=seq ra=32768 mbps=781.9 secs=12.8 minsec_mbps=562 slow_secs=2 inflight=122.2 lat_ms=41.2 fio_mib=9542 disk_mib=9532 disk_ratio=1.00 other_writes_mib=3.6 streams_min_mbps=- iops=- lat_p50_ms=- lat_p95_ms=- lat_p99_ms=- status=ok
04:34:46 RUN n=795/6120 pass=12 test=seq ra=24576 mbps=753.9 secs=13.3 minsec_mbps=545 slow_secs=1 inflight=93.5 lat_ms=32.8 fio_mib=9542 disk_mib=9532 disk_ratio=1.00 other_writes_mib=6.0 streams_min_mbps=- iops=- lat_p50_ms=- lat_p95_ms=- lat_p99_ms=- status=ok
04:35:02 RUN n=796/6120 pass=12 test=rand ra=122880 mbps=19.2 secs=12.0 minsec_mbps=- slow_secs=- inflight=3.8 lat_ms=13.5 fio_mib=220 disk_mib=242 disk_ratio=1.10 other_writes_mib=47.7 streams_min_mbps=- iops=293.5 lat_p50_ms=8.7 lat_p95_ms=25.3 lat_p99_ms=128.5 status=NOISY:writes
04:35:19 RUN n=797/6120 pass=12 test=seq ra=81920 mbps=790.6 secs=12.7 minsec_mbps=621 slow_secs=0 inflight=217.3 lat_ms=73.3 fio_mib=9542 disk_mib=9532 disk_ratio=1.00 other_writes_mib=3.3 streams_min_mbps=- iops=- lat_p50_ms=- lat_p95_ms=- lat_p99_ms=- status=ok
04:35:35 RUN n=798/6120 pass=12 test=rand ra=65536 mbps=26.6 secs=12.1 minsec_mbps=- slow_secs=- inflight=3.8 lat_ms=9.7 fio_mib=307 disk_mib=337 disk_ratio=1.10 other_writes_mib=7.1 streams_min_mbps=- iops=406.0 lat_p50_ms=8.4 lat_p95_ms=18.2 lat_p99_ms=40.6 status=ok
04:35:50 RUN n=799/6120 pass=12 test=rand ra=40960 mbps=27.9 secs=12.0 minsec_mbps=- slow_secs=- inflight=3.8 lat_ms=9.3 fio_mib=320 disk_mib=351 disk_ratio=1.10 other_writes_mib=7.3 streams_min_mbps=- iops=425.8 lat_p50_ms=8.4 lat_p95_ms=18.0 lat_p99_ms=30.0 status=ok
04:36:08 RUN n=800/6120 pass=12 test=seq ra=49152 mbps=763.8 secs=13.1 minsec_mbps=499 slow_secs=1 inflight=178.4 lat_ms=61.6 fio_mib=9542 disk_mib=9532 disk_ratio=1.00 other_writes_mib=4.9 streams_min_mbps=- iops=- lat_p50_ms=- lat_p95_ms=- lat_p99_ms=- status=ok
04:36:25 RUN n=801/6120 pass=12 test=mixed ra=81920 mbps=777.5 secs=12.9 minsec_mbps=614 slow_secs=0 inflight=221.0 lat_ms=74.7 fio_mib=9542 disk_mib=9541 disk_ratio=1.00 other_writes_mib=4.0 streams_min_mbps=- iops=11.0 lat_p50_ms=81.3 lat_p95_ms=240.1 lat_p99_ms=299.9 status=ok
04:36:50 RUN n=802/6120 pass=12 test=conc ra=24576 mbps=636.4 secs=20.2 minsec_mbps=383 slow_secs=6 inflight=245.4 lat_ms=99.5 fio_mib=12288 disk_mib=11994 disk_ratio=0.98 other_writes_mib=8.8 streams_min_mbps=159.1 iops=- lat_p50_ms=- lat_p95_ms=- lat_p99_ms=- status=ok
04:37:07 RUN n=803/6120 pass=12 test=seq ra=131072 mbps=834.4 secs=12.0 minsec_mbps=736 slow_secs=0 inflight=220.5 lat_ms=70.5 fio_mib=9542 disk_mib=9532 disk_ratio=1.00 other_writes_mib=2.1 streams_min_mbps=- iops=- lat_p50_ms=- lat_p95_ms=- lat_p99_ms=- status=ok
04:37:23 RUN n=804/6120 pass=12 test=seq ra=114688 mbps=843.7 secs=11.9 minsec_mbps=696 slow_secs=0 inflight=222.1 lat_ms=69.6 fio_mib=9542 disk_mib=9532 disk_ratio=1.00 other_writes_mib=3.3 streams_min_mbps=- iops=- lat_p50_ms=- lat_p95_ms=- lat_p99_ms=- status=ok
04:37:43 RUN n=805/6120 pass=12 test=mixed ra=16384 mbps=670.1 secs=14.9 minsec_mbps=483 slow_secs=2 inflight=66.3 lat_ms=25.8 fio_mib=9542 disk_mib=9553 disk_ratio=1.00 other_writes_mib=6.0 streams_min_mbps=- iops=22.3 lat_p50_ms=30.5 lat_p95_ms=145.8 lat_p99_ms=202.4 status=ok
04:37:58 RUN n=806/6120 pass=12 test=rand ra=16384 mbps=29.0 secs=12.0 minsec_mbps=- slow_secs=- inflight=3.8 lat_ms=8.9 fio_mib=332 disk_mib=364 disk_ratio=1.10 other_writes_mib=2.4 streams_min_mbps=- iops=442.9 lat_p50_ms=8.3 lat_p95_ms=17.4 lat_p99_ms=25.3 status=ok
04:38:23 RUN n=807/6120 pass=12 test=conc ra=40960 mbps=667.9 secs=19.3 minsec_mbps=562 slow_secs=4 inflight=248.4 lat_ms=94.9 fio_mib=12288 disk_mib=12063 disk_ratio=0.98 other_writes_mib=6.6 streams_min_mbps=167.0 iops=- lat_p50_ms=- lat_p95_ms=- lat_p99_ms=- status=ok
04:38:40 RUN n=808/6120 pass=12 test=seq ra=65536 mbps=768.3 secs=13.0 minsec_mbps=539 slow_secs=1 inflight=206.8 lat_ms=71.4 fio_mib=9542 disk_mib=9532 disk_ratio=1.00 other_writes_mib=4.5 streams_min_mbps=- iops=- lat_p50_ms=- lat_p95_ms=- lat_p99_ms=- status=ok
04:39:00 RUN n=809/6120 pass=12 test=mixed ra=32768 mbps=654.4 secs=15.3 minsec_mbps=196 slow_secs=4 inflight=134.4 lat_ms=53.8 fio_mib=9542 disk_mib=9545 disk_ratio=1.00 other_writes_mib=29.1 streams_min_mbps=- iops=14.1 lat_p50_ms=61.6 lat_p95_ms=166.7 lat_p99_ms=250.6 status=NOISY:writes
04:39:16 RUN n=810/6120 pass=12 test=rand ra=106496 mbps=26.0 secs=12.0 minsec_mbps=- slow_secs=- inflight=3.8 lat_ms=10.0 fio_mib=298 disk_mib=326 disk_ratio=1.09 other_writes_mib=2.4 streams_min_mbps=- iops=396.3 lat_p50_ms=8.5 lat_p95_ms=18.7 lat_p99_ms=60.0 status=ok
04:39:44 RUN n=811/6120 pass=12 test=conc ra=106496 mbps=545.7 secs=23.6 minsec_mbps=73 slow_secs=8 inflight=251.6 lat_ms=114.3 fio_mib=12288 disk_mib=12495 disk_ratio=1.02 other_writes_mib=7.1 streams_min_mbps=136.4 iops=- lat_p50_ms=- lat_p95_ms=- lat_p99_ms=- status=ok
04:40:02 RUN n=812/6120 pass=12 test=seq ra=8192 mbps=757.9 secs=13.2 minsec_mbps=469 slow_secs=1 inflight=31.3 lat_ms=11.0 fio_mib=9542 disk_mib=9532 disk_ratio=1.00 other_writes_mib=6.8 streams_min_mbps=- iops=- lat_p50_ms=- lat_p95_ms=- lat_p99_ms=- status=ok
04:40:28 RUN n=813/6120 pass=12 test=conc ra=65536 mbps=634.5 secs=20.3 minsec_mbps=193 slow_secs=5 inflight=249.9 lat_ms=100.8 fio_mib=12288 disk_mib=12151 disk_ratio=0.99 other_writes_mib=9.8 streams_min_mbps=158.6 iops=- lat_p50_ms=- lat_p95_ms=- lat_p99_ms=- status=ok
04:40:43 RUN n=814/6120 pass=12 test=rand ra=49152 mbps=27.4 secs=12.0 minsec_mbps=- slow_secs=- inflight=3.8 lat_ms=9.5 fio_mib=314 disk_mib=345 disk_ratio=1.10 other_writes_mib=4.6 streams_min_mbps=- iops=418.1 lat_p50_ms=8.4 lat_p95_ms=18.2 lat_p99_ms=33.2 status=ok
04:41:01 RUN n=815/6120 pass=12 test=mixed ra=57344 mbps=733.8 secs=13.6 minsec_mbps=287 slow_secs=1 inflight=204.7 lat_ms=73.8 fio_mib=9542 disk_mib=9541 disk_ratio=1.00 other_writes_mib=31.6 streams_min_mbps=- iops=10.3 lat_p50_ms=93.8 lat_p95_ms=212.9 lat_p99_ms=325.1 status=NOISY:writes
04:41:18 RUN n=816/6120 pass=12 test=mixed ra=106496 mbps=803.5 secs=12.5 minsec_mbps=663 slow_secs=0 inflight=220.4 lat_ms=72.2 fio_mib=9542 disk_mib=9539 disk_ratio=1.00 other_writes_mib=2.4 streams_min_mbps=- iops=9.6 lat_p50_ms=93.8 lat_p95_ms=210.8 lat_p99_ms=278.9 status=ok
04:41:38 RUN n=817/6120 pass=13 test=mixed ra=114688 mbps=791.8 secs=12.6 minsec_mbps=618 slow_secs=0 inflight=219.3 lat_ms=73.6 fio_mib=9542 disk_mib=9539 disk_ratio=1.00 other_writes_mib=4.8 streams_min_mbps=- iops=9.2 lat_p50_ms=105.4 lat_p95_ms=256.9 lat_p99_ms=299.9 status=ok
04:41:53 RUN n=818/6120 pass=13 test=rand ra=122880 mbps=27.1 secs=12.0 minsec_mbps=- slow_secs=- inflight=3.8 lat_ms=9.5 fio_mib=311 disk_mib=341 disk_ratio=1.10 other_writes_mib=3.0 streams_min_mbps=- iops=414.0 lat_p50_ms=8.5 lat_p95_ms=18.0 lat_p99_ms=37.0 status=ok
04:42:09 RUN n=819/6120 pass=13 test=rand ra=106496 mbps=29.1 secs=12.0 minsec_mbps=- slow_secs=- inflight=3.8 lat_ms=8.9 fio_mib=334 disk_mib=365 disk_ratio=1.09 other_writes_mib=3.0 streams_min_mbps=- iops=444.6 lat_p50_ms=8.2 lat_p95_ms=17.7 lat_p99_ms=26.1 status=ok
04:42:34 RUN n=820/6120 pass=13 test=conc ra=16384 mbps=619.1 secs=20.8 minsec_mbps=523 slow_secs=8 inflight=237.5 lat_ms=99.1 fio_mib=12288 disk_mib=11946 disk_ratio=0.97 other_writes_mib=7.4 streams_min_mbps=154.8 iops=- lat_p50_ms=- lat_p95_ms=- lat_p99_ms=- status=ok
04:42:54 RUN n=821/6120 pass=13 test=mixed ra=16384 mbps=657.8 secs=15.2 minsec_mbps=488 slow_secs=3 inflight=65.4 lat_ms=26.1 fio_mib=9542 disk_mib=9553 disk_ratio=1.00 other_writes_mib=8.1 streams_min_mbps=- iops=21.9 lat_p50_ms=27.9 lat_p95_ms=143.7 lat_p99_ms=210.8 status=ok
04:43:10 RUN n=822/6120 pass=13 test=rand ra=57344 mbps=27.9 secs=12.0 minsec_mbps=- slow_secs=- inflight=3.8 lat_ms=9.3 fio_mib=320 disk_mib=349 disk_ratio=1.09 other_writes_mib=4.0 streams_min_mbps=- iops=426.4 lat_p50_ms=8.5 lat_p95_ms=17.7 lat_p99_ms=28.4 status=ok
04:43:27 RUN n=823/6120 pass=13 test=seq ra=98304 mbps=815.2 secs=12.3 minsec_mbps=659 slow_secs=0 inflight=223.8 lat_ms=72.2 fio_mib=9542 disk_mib=9532 disk_ratio=1.00 other_writes_mib=2.1 streams_min_mbps=- iops=- lat_p50_ms=- lat_p95_ms=- lat_p99_ms=- status=ok
04:43:44 RUN n=824/6120 pass=13 test=seq ra=131072 mbps=816.3 secs=12.3 minsec_mbps=630 slow_secs=0 inflight=221.3 lat_ms=71.9 fio_mib=9542 disk_mib=9532 disk_ratio=1.00 other_writes_mib=5.3 streams_min_mbps=- iops=- lat_p50_ms=- lat_p95_ms=- lat_p99_ms=- status=ok
04:44:01 RUN n=825/6120 pass=13 test=mixed ra=57344 mbps=776.9 secs=12.9 minsec_mbps=554 slow_secs=1 inflight=198.0 lat_ms=66.8 fio_mib=9542 disk_mib=9541 disk_ratio=1.00 other_writes_mib=2.6 streams_min_mbps=- iops=11.8 lat_p50_ms=78.1 lat_p95_ms=196.1 lat_p99_ms=274.7 status=ok
04:44:30 RUN n=826/6120 pass=13 test=mixed ra=4096 mbps=414.5 secs=24.1 minsec_mbps=313 slow_secs=22 inflight=18.5 lat_ms=11.3 fio_mib=9542 disk_mib=9604 disk_ratio=1.01 other_writes_mib=7.6 streams_min_mbps=- iops=48.1 lat_p50_ms=14.0 lat_p95_ms=52.2 lat_p99_ms=86.5 status=ok
04:44:55 RUN n=827/6120 pass=13 test=conc ra=106496 mbps=625.4 secs=20.6 minsec_mbps=401 slow_secs=5 inflight=251.1 lat_ms=99.6 fio_mib=12288 disk_mib=12513 disk_ratio=1.02 other_writes_mib=7.5 streams_min_mbps=156.3 iops=- lat_p50_ms=- lat_p95_ms=- lat_p99_ms=- status=ok
04:45:13 RUN n=828/6120 pass=13 test=mixed ra=40960 mbps=741.9 secs=13.5 minsec_mbps=598 slow_secs=1 inflight=160.7 lat_ms=56.1 fio_mib=9542 disk_mib=9543 disk_ratio=1.00 other_writes_mib=7.5 streams_min_mbps=- iops=13.0 lat_p50_ms=66.3 lat_p95_ms=187.7 lat_p99_ms=206.6 status=ok
04:45:31 RUN n=829/6120 pass=13 test=seq ra=32768 mbps=791.3 secs=12.6 minsec_mbps=637 slow_secs=0 inflight=123.2 lat_ms=41.5 fio_mib=9542 disk_mib=9532 disk_ratio=1.00 other_writes_mib=3.9 streams_min_mbps=- iops=- lat_p50_ms=- lat_p95_ms=- lat_p99_ms=- status=ok
04:45:46 RUN n=830/6120 pass=13 test=rand ra=8192 mbps=27.6 secs=12.0 minsec_mbps=- slow_secs=- inflight=3.8 lat_ms=9.4 fio_mib=316 disk_mib=348 disk_ratio=1.10 other_writes_mib=4.0 streams_min_mbps=- iops=421.0 lat_p50_ms=8.5 lat_p95_ms=18.2 lat_p99_ms=32.1 status=ok
04:46:03 RUN n=831/6120 pass=13 test=seq ra=122880 mbps=815.0 secs=12.3 minsec_mbps=660 slow_secs=0 inflight=220.2 lat_ms=71.7 fio_mib=9542 disk_mib=9532 disk_ratio=1.00 other_writes_mib=4.4 streams_min_mbps=- iops=- lat_p50_ms=- lat_p95_ms=- lat_p99_ms=- status=ok
04:46:19 RUN n=832/6120 pass=13 test=rand ra=98304 mbps=28.8 secs=12.0 minsec_mbps=- slow_secs=- inflight=3.8 lat_ms=9.0 fio_mib=331 disk_mib=364 disk_ratio=1.10 other_writes_mib=5.9 streams_min_mbps=- iops=440.2 lat_p50_ms=8.4 lat_p95_ms=17.7 lat_p99_ms=26.9 status=ok
04:46:34 RUN n=833/6120 pass=13 test=rand ra=73728 mbps=29.6 secs=12.0 minsec_mbps=- slow_secs=- inflight=3.8 lat_ms=8.7 fio_mib=339 disk_mib=371 disk_ratio=1.10 other_writes_mib=5.7 streams_min_mbps=- iops=451.6 lat_p50_ms=8.2 lat_p95_ms=17.2 lat_p99_ms=25.0 status=ok
04:46:50 RUN n=834/6120 pass=13 test=rand ra=4096 mbps=28.2 secs=12.0 minsec_mbps=- slow_secs=- inflight=3.8 lat_ms=9.2 fio_mib=324 disk_mib=353 disk_ratio=1.09 other_writes_mib=6.7 streams_min_mbps=- iops=430.9 lat_p50_ms=8.4 lat_p95_ms=17.4 lat_p99_ms=28.7 status=ok
04:47:08 RUN n=835/6120 pass=13 test=seq ra=16384 mbps=732.6 secs=13.7 minsec_mbps=169 slow_secs=2 inflight=63.5 lat_ms=23.1 fio_mib=9542 disk_mib=9532 disk_ratio=1.00 other_writes_mib=28.1 streams_min_mbps=- iops=- lat_p50_ms=- lat_p95_ms=- lat_p99_ms=- status=NOISY:writes
04:47:26 RUN n=836/6120 pass=13 test=mixed ra=81920 mbps=773.6 secs=12.9 minsec_mbps=490 slow_secs=1 inflight=221.6 lat_ms=75.5 fio_mib=9542 disk_mib=9541 disk_ratio=1.00 other_writes_mib=4.3 streams_min_mbps=- iops=11.8 lat_p50_ms=76.0 lat_p95_ms=196.1 lat_p99_ms=291.5 status=ok
04:47:50 RUN n=837/6120 pass=13 test=conc ra=24576 mbps=660.6 secs=19.5 minsec_mbps=536 slow_secs=4 inflight=245.1 lat_ms=96.2 fio_mib=12288 disk_mib=11994 disk_ratio=0.98 other_writes_mib=5.1 streams_min_mbps=165.1 iops=- lat_p50_ms=- lat_p95_ms=- lat_p99_ms=- status=ok
04:48:06 RUN n=838/6120 pass=13 test=rand ra=16384 mbps=29.6 secs=12.0 minsec_mbps=- slow_secs=- inflight=3.8 lat_ms=8.7 fio_mib=340 disk_mib=373 disk_ratio=1.10 other_writes_mib=3.6 streams_min_mbps=- iops=452.4 lat_p50_ms=8.2 lat_p95_ms=17.7 lat_p99_ms=25.8 status=ok
04:48:33 RUN n=839/6120 pass=13 test=conc ra=57344 mbps=567.7 secs=22.7 minsec_mbps=72 slow_secs=5 inflight=247.2 lat_ms=111.9 fio_mib=12288 disk_mib=12146 disk_ratio=0.99 other_writes_mib=10.3 streams_min_mbps=141.9 iops=- lat_p50_ms=- lat_p95_ms=- lat_p99_ms=- status=ok
04:48:49 RUN n=840/6120 pass=13 test=rand ra=32768 mbps=29.3 secs=12.0 minsec_mbps=- slow_secs=- inflight=3.8 lat_ms=8.8 fio_mib=336 disk_mib=369 disk_ratio=1.10 other_writes_mib=4.1 streams_min_mbps=- iops=447.6 lat_p50_ms=8.3 lat_p95_ms=17.7 lat_p99_ms=25.8 status=ok
04:49:26 RUN n=841/6120 pass=13 test=conc ra=4096 mbps=395.8 secs=32.5 minsec_mbps=242 slow_secs=30 inflight=94.3 lat_ms=61.8 fio_mib=12288 disk_mib=11867 disk_ratio=0.97 other_writes_mib=49.3 streams_min_mbps=99.0 iops=- lat_p50_ms=- lat_p95_ms=- lat_p99_ms=- status=NOISY:writes
04:49:43 RUN n=842/6120 pass=13 test=seq ra=49152 mbps=806.4 secs=12.4 minsec_mbps=670 slow_secs=0 inflight=190.7 lat_ms=61.8 fio_mib=9542 disk_mib=9532 disk_ratio=1.00 other_writes_mib=18.3 streams_min_mbps=- iops=- lat_p50_ms=- lat_p95_ms=- lat_p99_ms=- status=ok
04:50:02 RUN n=843/6120 pass=13 test=mixed ra=24576 mbps=709.9 secs=14.1 minsec_mbps=586 slow_secs=1 inflight=102.8 lat_ms=37.6 fio_mib=9542 disk_mib=9546 disk_ratio=1.00 other_writes_mib=11.2 streams_min_mbps=- iops=16.6 lat_p50_ms=49.0 lat_p95_ms=154.1 lat_p99_ms=256.9 status=ok
04:50:27 RUN n=844/6120 pass=13 test=conc ra=73728 mbps=658.4 secs=19.6 minsec_mbps=345 slow_secs=5 inflight=250.6 lat_ms=97.0 fio_mib=12288 disk_mib=12233 disk_ratio=1.00 other_writes_mib=6.6 streams_min_mbps=164.6 iops=- lat_p50_ms=- lat_p95_ms=- lat_p99_ms=- status=ok
04:50:42 RUN n=845/6120 pass=13 test=rand ra=40960 mbps=26.9 secs=12.0 minsec_mbps=- slow_secs=- inflight=3.8 lat_ms=9.6 fio_mib=308 disk_mib=337 disk_ratio=1.09 other_writes_mib=8.6 streams_min_mbps=- iops=409.9 lat_p50_ms=8.5 lat_p95_ms=18.2 lat_p99_ms=35.4 status=ok
04:50:59 RUN n=846/6120 pass=13 test=mixed ra=106496 mbps=797.8 secs=12.5 minsec_mbps=652 slow_secs=0 inflight=221.7 lat_ms=73.0 fio_mib=9542 disk_mib=9539 disk_ratio=1.00 other_writes_mib=3.6 streams_min_mbps=- iops=9.7 lat_p50_ms=101.2 lat_p95_ms=246.4 lat_p99_ms=287.3 status=ok
04:51:15 RUN n=847/6120 pass=13 test=rand ra=90112 mbps=27.7 secs=12.0 minsec_mbps=- slow_secs=- inflight=3.8 lat_ms=9.4 fio_mib=318 disk_mib=349 disk_ratio=1.10 other_writes_mib=37.6 streams_min_mbps=- iops=422.4 lat_p50_ms=8.3 lat_p95_ms=17.7 lat_p99_ms=30.3 status=NOISY:writes
04:51:32 RUN n=848/6120 pass=13 test=seq ra=90112 mbps=818.6 secs=12.2 minsec_mbps=638 slow_secs=0 inflight=219.1 lat_ms=71.4 fio_mib=9542 disk_mib=9532 disk_ratio=1.00 other_writes_mib=2.9 streams_min_mbps=- iops=- lat_p50_ms=- lat_p95_ms=- lat_p99_ms=- status=ok
04:51:50 RUN n=849/6120 pass=13 test=mixed ra=49152 mbps=744.2 secs=13.4 minsec_mbps=550 slow_secs=1 inflight=185.0 lat_ms=65.1 fio_mib=9542 disk_mib=9543 disk_ratio=1.00 other_writes_mib=5.3 streams_min_mbps=- iops=13.6 lat_p50_ms=60.6 lat_p95_ms=185.6 lat_p99_ms=244.3 status=ok
04:52:07 RUN n=850/6120 pass=13 test=seq ra=73728 mbps=801.6 secs=12.5 minsec_mbps=613 slow_secs=0 inflight=217.4 lat_ms=71.5 fio_mib=9542 disk_mib=9532 disk_ratio=1.00 other_writes_mib=3.3 streams_min_mbps=- iops=- lat_p50_ms=- lat_p95_ms=- lat_p99_ms=- status=ok
04:52:22 RUN n=851/6120 pass=13 test=rand ra=81920 mbps=30.5 secs=12.0 minsec_mbps=- slow_secs=- inflight=3.8 lat_ms=8.5 fio_mib=349 disk_mib=382 disk_ratio=1.09 other_writes_mib=3.7 streams_min_mbps=- iops=465.3 lat_p50_ms=8.2 lat_p95_ms=16.9 lat_p99_ms=24.0 status=ok
04:52:40 RUN n=852/6120 pass=13 test=mixed ra=122880 mbps=775.9 secs=12.9 minsec_mbps=629 slow_secs=0 inflight=220.1 lat_ms=74.6 fio_mib=9542 disk_mib=9541 disk_ratio=1.00 other_writes_mib=6.4 streams_min_mbps=- iops=11.2 lat_p50_ms=76.0 lat_p95_ms=215.0 lat_p99_ms=291.5 status=ok
04:52:56 RUN n=853/6120 pass=13 test=seq ra=57344 mbps=820.5 secs=12.2 minsec_mbps=684 slow_secs=0 inflight=200.7 lat_ms=65.5 fio_mib=9542 disk_mib=9532 disk_ratio=1.00 other_writes_mib=2.9 streams_min_mbps=- iops=- lat_p50_ms=- lat_p95_ms=- lat_p99_ms=- status=ok
04:53:12 RUN n=854/6120 pass=13 test=rand ra=114688 mbps=25.7 secs=12.0 minsec_mbps=- slow_secs=- inflight=3.8 lat_ms=10.1 fio_mib=294 disk_mib=321 disk_ratio=1.09 other_writes_mib=21.2 streams_min_mbps=- iops=392.0 lat_p50_ms=8.4 lat_p95_ms=18.5 lat_p99_ms=55.8 status=NOISY:writes
04:53:27 RUN n=855/6120 pass=13 test=rand ra=131072 mbps=29.7 secs=12.0 minsec_mbps=- slow_secs=- inflight=3.8 lat_ms=8.7 fio_mib=340 disk_mib=374 disk_ratio=1.10 other_writes_mib=2.0 streams_min_mbps=- iops=453.6 lat_p50_ms=8.2 lat_p95_ms=17.7 lat_p99_ms=26.1 status=ok
04:53:45 RUN n=856/6120 pass=13 test=seq ra=24576 mbps=777.0 secs=12.9 minsec_mbps=612 slow_secs=0 inflight=93.8 lat_ms=31.5 fio_mib=9542 disk_mib=9532 disk_ratio=1.00 other_writes_mib=2.6 streams_min_mbps=- iops=- lat_p50_ms=- lat_p95_ms=- lat_p99_ms=- status=ok
04:54:02 RUN n=857/6120 pass=13 test=mixed ra=131072 mbps=803.2 secs=12.5 minsec_mbps=653 slow_secs=0 inflight=223.1 lat_ms=73.4 fio_mib=9542 disk_mib=9540 disk_ratio=1.00 other_writes_mib=2.8 streams_min_mbps=- iops=10.7 lat_p50_ms=90.7 lat_p95_ms=221.2 lat_p99_ms=270.5 status=ok
04:54:18 RUN n=858/6120 pass=13 test=seq ra=81920 mbps=829.5 secs=12.1 minsec_mbps=648 slow_secs=0 inflight=216.9 lat_ms=68.9 fio_mib=9542 disk_mib=9532 disk_ratio=1.00 other_writes_mib=2.3 streams_min_mbps=- iops=- lat_p50_ms=- lat_p95_ms=- lat_p99_ms=- status=ok
04:54:34 RUN n=859/6120 pass=13 test=rand ra=24576 mbps=28.3 secs=12.0 minsec_mbps=- slow_secs=- inflight=3.8 lat_ms=9.1 fio_mib=325 disk_mib=355 disk_ratio=1.09 other_writes_mib=4.8 streams_min_mbps=- iops=432.3 lat_p50_ms=8.4 lat_p95_ms=17.7 lat_p99_ms=27.1 status=ok
04:54:51 RUN n=860/6120 pass=13 test=seq ra=4096 mbps=787.0 secs=12.7 minsec_mbps=608 slow_secs=0 inflight=16.3 lat_ms=5.5 fio_mib=9542 disk_mib=9532 disk_ratio=1.00 other_writes_mib=6.3 streams_min_mbps=- iops=- lat_p50_ms=- lat_p95_ms=- lat_p99_ms=- status=ok
04:55:09 RUN n=861/6120 pass=13 test=seq ra=106496 mbps=754.1 secs=13.3 minsec_mbps=245 slow_secs=1 inflight=221.9 lat_ms=77.4 fio_mib=9542 disk_mib=9532 disk_ratio=1.00 other_writes_mib=28.0 streams_min_mbps=- iops=- lat_p50_ms=- lat_p95_ms=- lat_p99_ms=- status=NOISY:writes
04:55:28 RUN n=862/6120 pass=13 test=mixed ra=32768 mbps=720.2 secs=13.9 minsec_mbps=503 slow_secs=1 inflight=127.1 lat_ms=46.2 fio_mib=9542 disk_mib=9547 disk_ratio=1.00 other_writes_mib=3.4 streams_min_mbps=- iops=17.0 lat_p50_ms=42.7 lat_p95_ms=160.4 lat_p99_ms=189.8 status=ok
04:55:52 RUN n=863/6120 pass=13 test=conc ra=98304 mbps=669.6 secs=19.2 minsec_mbps=584 slow_secs=1 inflight=249.6 lat_ms=94.0 fio_mib=12288 disk_mib=12329 disk_ratio=1.00 other_writes_mib=8.8 streams_min_mbps=167.4 iops=- lat_p50_ms=- lat_p95_ms=- lat_p99_ms=- status=ok
04:56:09 RUN n=864/6120 pass=13 test=mixed ra=98304 mbps=800.5 secs=12.5 minsec_mbps=629 slow_secs=0 inflight=218.7 lat_ms=71.9 fio_mib=9542 disk_mib=9540 disk_ratio=1.00 other_writes_mib=3.6 streams_min_mbps=- iops=10.8 lat_p50_ms=89.7 lat_p95_ms=215.0 lat_p99_ms=248.5 status=ok
04:56:36 RUN n=865/6120 pass=13 test=conc ra=81920 mbps=592.5 secs=21.7 minsec_mbps=72 slow_secs=6 inflight=250.3 lat_ms=108.0 fio_mib=12288 disk_mib=12219 disk_ratio=0.99 other_writes_mib=11.1 streams_min_mbps=148.1 iops=- lat_p50_ms=- lat_p95_ms=- lat_p99_ms=- status=ok
04:56:53 RUN n=866/6120 pass=13 test=seq ra=8192 mbps=805.4 secs=12.4 minsec_mbps=641 slow_secs=0 inflight=31.5 lat_ms=10.3 fio_mib=9542 disk_mib=9532 disk_ratio=1.00 other_writes_mib=4.3 streams_min_mbps=- iops=- lat_p50_ms=- lat_p95_ms=- lat_p99_ms=- status=ok
04:57:12 RUN n=867/6120 pass=13 test=mixed ra=90112 mbps=704.4 secs=14.2 minsec_mbps=184 slow_secs=2 inflight=220.0 lat_ms=82.7 fio_mib=9542 disk_mib=9541 disk_ratio=1.00 other_writes_mib=22.8 streams_min_mbps=- iops=10.5 lat_p50_ms=78.1 lat_p95_ms=227.5 lat_p99_ms=396.4 status=NOISY:writes
04:57:36 RUN n=868/6120 pass=13 test=conc ra=65536 mbps=683.8 secs=18.8 minsec_mbps=547 slow_secs=2 inflight=250.0 lat_ms=92.9 fio_mib=12288 disk_mib=12129 disk_ratio=0.99 other_writes_mib=4.5 streams_min_mbps=171.0 iops=- lat_p50_ms=- lat_p95_ms=- lat_p99_ms=- status=ok
04:58:00 RUN n=869/6120 pass=13 test=conc ra=90112 mbps=667.7 secs=19.3 minsec_mbps=540 slow_secs=2 inflight=249.1 lat_ms=94.0 fio_mib=12288 disk_mib=12371 disk_ratio=1.01 other_writes_mib=7.5 streams_min_mbps=166.9 iops=- lat_p50_ms=- lat_p95_ms=- lat_p99_ms=- status=ok
04:58:17 RUN n=870/6120 pass=13 test=mixed ra=73728 mbps=784.8 secs=12.7 minsec_mbps=601 slow_secs=0 inflight=216.0 lat_ms=72.9 fio_mib=9542 disk_mib=9540 disk_ratio=1.00 other_writes_mib=2.3 streams_min_mbps=- iops=9.8 lat_p50_ms=92.8 lat_p95_ms=242.2 lat_p99_ms=283.1 status=ok
04:58:42 RUN n=871/6120 pass=13 test=conc ra=40960 mbps=666.9 secs=19.3 minsec_mbps=496 slow_secs=3 inflight=248.8 lat_ms=94.9 fio_mib=12288 disk_mib=12061 disk_ratio=0.98 other_writes_mib=8.3 streams_min_mbps=166.7 iops=- lat_p50_ms=- lat_p95_ms=- lat_p99_ms=- status=ok
04:59:06 RUN n=872/6120 pass=13 test=conc ra=32768 mbps=669.1 secs=19.3 minsec_mbps=543 slow_secs=2 inflight=246.7 lat_ms=95.2 fio_mib=12288 disk_mib=12057 disk_ratio=0.98 other_writes_mib=5.5 streams_min_mbps=167.3 iops=- lat_p50_ms=- lat_p95_ms=- lat_p99_ms=- status=ok
04:59:37 RUN n=873/6120 pass=13 test=conc ra=8192 mbps=484.4 secs=26.6 minsec_mbps=405 slow_secs=24 inflight=171.8 lat_ms=91.9 fio_mib=12288 disk_mib=11891 disk_ratio=0.97 other_writes_mib=6.1 streams_min_mbps=121.1 iops=- lat_p50_ms=- lat_p95_ms=- lat_p99_ms=- status=ok
05:00:02 RUN n=874/6120 pass=13 test=conc ra=131072 mbps=648.5 secs=19.9 minsec_mbps=523 slow_secs=2 inflight=250.6 lat_ms=94.0 fio_mib=12288 disk_mib=12798 disk_ratio=1.04 other_writes_mib=11.8 streams_min_mbps=162.1 iops=- lat_p50_ms=- lat_p95_ms=- lat_p99_ms=- status=ok
05:00:27 RUN n=875/6120 pass=13 test=conc ra=49152 mbps=661.5 secs=19.5 minsec_mbps=507 slow_secs=2 inflight=249.7 lat_ms=96.8 fio_mib=12288 disk_mib=12145 disk_ratio=0.99 other_writes_mib=6.4 streams_min_mbps=165.4 iops=- lat_p50_ms=- lat_p95_ms=- lat_p99_ms=- status=ok
05:00:54 RUN n=876/6120 pass=13 test=conc ra=122880 mbps=573.6 secs=22.5 minsec_mbps=101 slow_secs=9 inflight=250.5 lat_ms=108.9 fio_mib=12288 disk_mib=12513 disk_ratio=1.02 other_writes_mib=13.0 streams_min_mbps=143.4 iops=- lat_p50_ms=- lat_p95_ms=- lat_p99_ms=- status=ok
05:01:12 RUN n=877/6120 pass=13 test=seq ra=65536 mbps=783.7 secs=12.8 minsec_mbps=643 slow_secs=0 inflight=207.1 lat_ms=70.0 fio_mib=9542 disk_mib=9532 disk_ratio=1.00 other_writes_mib=25.6 streams_min_mbps=- iops=- lat_p50_ms=- lat_p95_ms=- lat_p99_ms=- status=NOISY:writes
05:01:36 RUN n=878/6120 pass=13 test=conc ra=114688 mbps=660.9 secs=19.5 minsec_mbps=591 slow_secs=1 inflight=250.0 lat_ms=93.1 fio_mib=12288 disk_mib=12575 disk_ratio=1.02 other_writes_mib=4.5 streams_min_mbps=165.2 iops=- lat_p50_ms=- lat_p95_ms=- lat_p99_ms=- status=ok
05:01:52 RUN n=879/6120 pass=13 test=rand ra=65536 mbps=28.1 secs=12.0 minsec_mbps=- slow_secs=- inflight=3.8 lat_ms=9.2 fio_mib=322 disk_mib=352 disk_ratio=1.09 other_writes_mib=2.7 streams_min_mbps=- iops=428.5 lat_p50_ms=8.4 lat_p95_ms=18.0 lat_p99_ms=30.5 status=ok
05:02:07 RUN n=880/6120 pass=13 test=rand ra=49152 mbps=29.9 secs=12.0 minsec_mbps=- slow_secs=- inflight=3.8 lat_ms=8.6 fio_mib=343 disk_mib=374 disk_ratio=1.09 other_writes_mib=2.3 streams_min_mbps=- iops=456.8 lat_p50_ms=8.2 lat_p95_ms=17.4 lat_p99_ms=25.6 status=ok
05:02:25 RUN n=881/6120 pass=13 test=seq ra=40960 mbps=801.1 secs=12.5 minsec_mbps=680 slow_secs=0 inflight=150.8 lat_ms=50.1 fio_mib=9542 disk_mib=9532 disk_ratio=1.00 other_writes_mib=8.1 streams_min_mbps=- iops=- lat_p50_ms=- lat_p95_ms=- lat_p99_ms=- status=ok
05:02:41 RUN n=882/6120 pass=13 test=seq ra=114688 mbps=829.5 secs=12.1 minsec_mbps=707 slow_secs=0 inflight=221.9 lat_ms=71.0 fio_mib=9542 disk_mib=9532 disk_ratio=1.00 other_writes_mib=4.3 streams_min_mbps=- iops=- lat_p50_ms=- lat_p95_ms=- lat_p99_ms=- status=ok
05:03:04 RUN n=883/6120 pass=13 test=mixed ra=8192 mbps=553.1 secs=18.1 minsec_mbps=280 slow_secs=11 inflight=34.5 lat_ms=16.1 fio_mib=9542 disk_mib=9569 disk_ratio=1.00 other_writes_mib=10.4 streams_min_mbps=- iops=32.7 lat_p50_ms=20.3 lat_p95_ms=97.0 lat_p99_ms=137.4 status=ok
05:03:21 RUN n=884/6120 pass=13 test=mixed ra=65536 mbps=779.4 secs=12.8 minsec_mbps=613 slow_secs=0 inflight=215.0 lat_ms=72.8 fio_mib=9542 disk_mib=9540 disk_ratio=1.00 other_writes_mib=26.2 streams_min_mbps=- iops=10.6 lat_p50_ms=82.3 lat_p95_ms=231.7 lat_p99_ms=265.3 status=NOISY:writes
05:03:48 RUN n=885/6120 pass=14 test=conc ra=81920 mbps=657.9 secs=19.6 minsec_mbps=504 slow_secs=2 inflight=249.5 lat_ms=96.5 fio_mib=12288 disk_mib=12210 disk_ratio=0.99 other_writes_mib=6.2 streams_min_mbps=164.5 iops=- lat_p50_ms=- lat_p95_ms=- lat_p99_ms=- status=ok
05:04:03 RUN n=886/6120 pass=14 test=rand ra=24576 mbps=29.5 secs=12.0 minsec_mbps=- slow_secs=- inflight=3.8 lat_ms=8.8 fio_mib=338 disk_mib=370 disk_ratio=1.10 other_writes_mib=2.9 streams_min_mbps=- iops=450.2 lat_p50_ms=8.3 lat_p95_ms=17.4 lat_p99_ms=25.6 status=ok
05:04:22 RUN n=887/6120 pass=14 test=mixed ra=24576 mbps=713.7 secs=14.0 minsec_mbps=531 slow_secs=1 inflight=101.1 lat_ms=36.6 fio_mib=9542 disk_mib=9548 disk_ratio=1.00 other_writes_mib=6.2 streams_min_mbps=- iops=19.0 lat_p50_ms=37.5 lat_p95_ms=147.8 lat_p99_ms=206.6 status=ok
05:04:48 RUN n=888/6120 pass=14 test=conc ra=24576 mbps=614.7 secs=21.0 minsec_mbps=173 slow_secs=6 inflight=243.5 lat_ms=103.0 fio_mib=12288 disk_mib=11994 disk_ratio=0.98 other_writes_mib=7.6 streams_min_mbps=153.7 iops=- lat_p50_ms=- lat_p95_ms=- lat_p99_ms=- status=ok
05:05:12 RUN n=889/6120 pass=14 test=conc ra=40960 mbps=662.9 secs=19.4 minsec_mbps=405 slow_secs=4 inflight=249.8 lat_ms=96.9 fio_mib=12288 disk_mib=12063 disk_ratio=0.98 other_writes_mib=14.2 streams_min_mbps=165.7 iops=- lat_p50_ms=- lat_p95_ms=- lat_p99_ms=- status=ok
05:05:44 RUN n=890/6120 pass=14 test=conc ra=8192 mbps=476.9 secs=27.0 minsec_mbps=351 slow_secs=25 inflight=167.6 lat_ms=91.5 fio_mib=12288 disk_mib=11891 disk_ratio=0.97 other_writes_mib=23.3 streams_min_mbps=119.2 iops=- lat_p50_ms=- lat_p95_ms=- lat_p99_ms=- status=NOISY:writes
05:06:10 RUN n=891/6120 pass=14 test=conc ra=16384 mbps=624.1 secs=20.6 minsec_mbps=526 slow_secs=8 inflight=233.1 lat_ms=98.0 fio_mib=12288 disk_mib=11946 disk_ratio=0.97 other_writes_mib=11.0 streams_min_mbps=156.0 iops=- lat_p50_ms=- lat_p95_ms=- lat_p99_ms=- status=ok
05:06:25 RUN n=892/6120 pass=14 test=rand ra=49152 mbps=28.9 secs=12.0 minsec_mbps=- slow_secs=- inflight=3.8 lat_ms=8.9 fio_mib=331 disk_mib=363 disk_ratio=1.10 other_writes_mib=4.4 streams_min_mbps=- iops=441.3 lat_p50_ms=8.3 lat_p95_ms=17.7 lat_p99_ms=27.1 status=ok
05:06:49 RUN n=893/6120 pass=14 test=conc ra=65536 mbps=675.8 secs=19.1 minsec_mbps=548 slow_secs=3 inflight=249.7 lat_ms=94.9 fio_mib=12288 disk_mib=12124 disk_ratio=0.99 other_writes_mib=5.8 streams_min_mbps=169.0 iops=- lat_p50_ms=- lat_p95_ms=- lat_p99_ms=- status=ok
05:07:06 RUN n=894/6120 pass=14 test=seq ra=32768 mbps=828.1 secs=12.1 minsec_mbps=689 slow_secs=0 inflight=125.5 lat_ms=40.0 fio_mib=9542 disk_mib=9532 disk_ratio=1.00 other_writes_mib=5.7 streams_min_mbps=- iops=- lat_p50_ms=- lat_p95_ms=- lat_p99_ms=- status=ok
05:07:44 RUN n=895/6120 pass=14 test=conc ra=4096 mbps=390.0 secs=33.0 minsec_mbps=73 slow_secs=31 inflight=92.5 lat_ms=61.3 fio_mib=12288 disk_mib=11867 disk_ratio=0.97 other_writes_mib=45.4 streams_min_mbps=97.5 iops=- lat_p50_ms=- lat_p95_ms=- lat_p99_ms=- status=NOISY:writes
05:08:09 RUN n=896/6120 pass=14 test=conc ra=131072 mbps=649.2 secs=19.8 minsec_mbps=592 slow_secs=1 inflight=250.7 lat_ms=93.7 fio_mib=12288 disk_mib=12802 disk_ratio=1.04 other_writes_mib=6.0 streams_min_mbps=162.3 iops=- lat_p50_ms=- lat_p95_ms=- lat_p99_ms=- status=ok
05:08:24 RUN n=897/6120 pass=14 test=rand ra=90112 mbps=29.9 secs=12.0 minsec_mbps=- slow_secs=- inflight=3.8 lat_ms=8.7 fio_mib=343 disk_mib=376 disk_ratio=1.10 other_writes_mib=2.8 streams_min_mbps=- iops=456.5 lat_p50_ms=8.2 lat_p95_ms=17.4 lat_p99_ms=25.6 status=ok
05:08:42 RUN n=898/6120 pass=14 test=mixed ra=40960 mbps=770.1 secs=13.0 minsec_mbps=602 slow_secs=0 inflight=162.3 lat_ms=55.5 fio_mib=9542 disk_mib=9542 disk_ratio=1.00 other_writes_mib=6.0 streams_min_mbps=- iops=12.6 lat_p50_ms=61.6 lat_p95_ms=187.7 lat_p99_ms=223.3 status=ok
05:08:57 RUN n=899/6120 pass=14 test=rand ra=106496 mbps=28.9 secs=12.0 minsec_mbps=- slow_secs=- inflight=3.8 lat_ms=9.0 fio_mib=331 disk_mib=363 disk_ratio=1.10 other_writes_mib=3.2 streams_min_mbps=- iops=440.5 lat_p50_ms=8.4 lat_p95_ms=17.7 lat_p99_ms=26.6 status=ok
05:09:15 RUN n=900/6120 pass=14 test=mixed ra=106496 mbps=777.1 secs=12.9 minsec_mbps=629 slow_secs=0 inflight=217.4 lat_ms=74.6 fio_mib=9542 disk_mib=9540 disk_ratio=1.00 other_writes_mib=6.9 streams_min_mbps=- iops=10.2 lat_p50_ms=89.7 lat_p95_ms=233.8 lat_p99_ms=329.3 status=ok
05:09:32 RUN n=901/6120 pass=14 test=seq ra=40960 mbps=794.5 secs=12.6 minsec_mbps=665 slow_secs=0 inflight=152.4 lat_ms=50.7 fio_mib=9542 disk_mib=9532 disk_ratio=1.00 other_writes_mib=2.9 streams_min_mbps=- iops=- lat_p50_ms=- lat_p95_ms=- lat_p99_ms=- status=ok
05:09:56 RUN n=902/6120 pass=14 test=conc ra=73728 mbps=686.8 secs=18.8 minsec_mbps=590 slow_secs=1 inflight=249.3 lat_ms=91.5 fio_mib=12288 disk_mib=12233 disk_ratio=1.00 other_writes_mib=4.2 streams_min_mbps=171.7 iops=- lat_p50_ms=- lat_p95_ms=- lat_p99_ms=- status=ok
05:10:12 RUN n=903/6120 pass=14 test=rand ra=98304 mbps=28.5 secs=12.0 minsec_mbps=- slow_secs=- inflight=3.8 lat_ms=9.1 fio_mib=327 disk_mib=358 disk_ratio=1.09 other_writes_mib=9.1 streams_min_mbps=- iops=435.5 lat_p50_ms=8.3 lat_p95_ms=17.7 lat_p99_ms=28.2 status=ok
05:10:27 RUN n=904/6120 pass=14 test=rand ra=4096 mbps=29.2 secs=12.1 minsec_mbps=- slow_secs=- inflight=3.8 lat_ms=8.9 fio_mib=336 disk_mib=367 disk_ratio=1.09 other_writes_mib=2.6 streams_min_mbps=- iops=444.9 lat_p50_ms=8.4 lat_p95_ms=17.4 lat_p99_ms=25.3 status=ok
05:10:43 RUN n=905/6120 pass=14 test=rand ra=8192 mbps=29.8 secs=12.0 minsec_mbps=- slow_secs=- inflight=3.8 lat_ms=8.7 fio_mib=341 disk_mib=374 disk_ratio=1.10 other_writes_mib=7.6 streams_min_mbps=- iops=454.2 lat_p50_ms=8.2 lat_p95_ms=17.4 lat_p99_ms=26.1 status=ok
05:10:58 RUN n=906/6120 pass=14 test=rand ra=65536 mbps=28.8 secs=12.0 minsec_mbps=- slow_secs=- inflight=3.8 lat_ms=9.0 fio_mib=330 disk_mib=359 disk_ratio=1.09 other_writes_mib=3.4 streams_min_mbps=- iops=439.1 lat_p50_ms=8.3 lat_p95_ms=18.0 lat_p99_ms=26.3 status=ok
05:11:15 RUN n=907/6120 pass=14 test=mixed ra=122880 mbps=813.9 secs=12.3 minsec_mbps=648 slow_secs=0 inflight=224.1 lat_ms=72.8 fio_mib=9542 disk_mib=9539 disk_ratio=1.00 other_writes_mib=3.4 streams_min_mbps=- iops=9.9 lat_p50_ms=89.7 lat_p95_ms=219.2 lat_p99_ms=316.7 status=ok
05:11:39 RUN n=908/6120 pass=14 test=conc ra=57344 mbps=681.1 secs=18.9 minsec_mbps=591 slow_secs=1 inflight=246.9 lat_ms=93.3 fio_mib=12288 disk_mib=12146 disk_ratio=0.99 other_writes_mib=4.3 streams_min_mbps=170.3 iops=- lat_p50_ms=- lat_p95_ms=- lat_p99_ms=- status=ok
05:12:06 RUN n=909/6120 pass=14 test=conc ra=90112 mbps=599.1 secs=21.5 minsec_mbps=94 slow_secs=4 inflight=250.5 lat_ms=105.4 fio_mib=12288 disk_mib=12353 disk_ratio=1.01 other_writes_mib=4.5 streams_min_mbps=149.8 iops=- lat_p50_ms=- lat_p95_ms=- lat_p99_ms=- status=ok
05:12:21 RUN n=910/6120 pass=14 test=rand ra=114688 mbps=28.5 secs=12.0 minsec_mbps=- slow_secs=- inflight=3.8 lat_ms=9.1 fio_mib=326 disk_mib=359 disk_ratio=1.10 other_writes_mib=2.5 streams_min_mbps=- iops=434.9 lat_p50_ms=8.4 lat_p95_ms=18.0 lat_p99_ms=27.1 status=ok
05:12:38 RUN n=911/6120 pass=14 test=seq ra=106496 mbps=815.8 secs=12.3 minsec_mbps=704 slow_secs=0 inflight=220.4 lat_ms=71.8 fio_mib=9542 disk_mib=9532 disk_ratio=1.00 other_writes_mib=4.5 streams_min_mbps=- iops=- lat_p50_ms=- lat_p95_ms=- lat_p99_ms=- status=ok
05:12:57 RUN n=912/6120 pass=14 test=mixed ra=16384 mbps=686.9 secs=14.6 minsec_mbps=585 slow_secs=1 inflight=63.6 lat_ms=24.2 fio_mib=9542 disk_mib=9553 disk_ratio=1.00 other_writes_mib=8.4 streams_min_mbps=- iops=23.0 lat_p50_ms=27.7 lat_p95_ms=137.4 lat_p99_ms=185.6 status=ok
05:13:14 RUN n=913/6120 pass=14 test=seq ra=98304 mbps=839.2 secs=11.9 minsec_mbps=678 slow_secs=0 inflight=220.5 lat_ms=69.5 fio_mib=9542 disk_mib=9532 disk_ratio=1.00 other_writes_mib=4.3 streams_min_mbps=- iops=- lat_p50_ms=- lat_p95_ms=- lat_p99_ms=- status=ok
05:13:32 RUN n=914/6120 pass=14 test=mixed ra=98304 mbps=756.7 secs=13.2 minsec_mbps=475 slow_secs=2 inflight=219.2 lat_ms=77.0 fio_mib=9542 disk_mib=9541 disk_ratio=1.00 other_writes_mib=17.9 streams_min_mbps=- iops=11.0 lat_p50_ms=81.3 lat_p95_ms=225.4 lat_p99_ms=316.7 status=ok
05:13:48 RUN n=915/6120 pass=14 test=seq ra=90112 mbps=827.0 secs=12.1 minsec_mbps=679 slow_secs=0 inflight=225.7 lat_ms=72.4 fio_mib=9542 disk_mib=9532 disk_ratio=1.00 other_writes_mib=4.2 streams_min_mbps=- iops=- lat_p50_ms=- lat_p95_ms=- lat_p99_ms=- status=ok
05:14:05 RUN n=916/6120 pass=14 test=seq ra=81920 mbps=814.6 secs=12.3 minsec_mbps=657 slow_secs=0 inflight=219.1 lat_ms=71.5 fio_mib=9542 disk_mib=9532 disk_ratio=1.00 other_writes_mib=2.5 streams_min_mbps=- iops=- lat_p50_ms=- lat_p95_ms=- lat_p99_ms=- status=ok
05:14:23 RUN n=917/6120 pass=14 test=mixed ra=32768 mbps=723.2 secs=13.8 minsec_mbps=483 slow_secs=1 inflight=127.6 lat_ms=46.3 fio_mib=9542 disk_mib=9545 disk_ratio=1.00 other_writes_mib=3.3 streams_min_mbps=- iops=15.2 lat_p50_ms=55.3 lat_p95_ms=168.8 lat_p99_ms=223.3 status=ok
05:14:45 RUN n=918/6120 pass=14 test=mixed ra=8192 mbps=576.7 secs=17.4 minsec_mbps=534 slow_secs=11 inflight=33.6 lat_ms=15.0 fio_mib=9542 disk_mib=9568 disk_ratio=1.00 other_writes_mib=6.5 streams_min_mbps=- iops=33.1 lat_p50_ms=20.1 lat_p95_ms=89.7 lat_p99_ms=145.8 status=ok
05:15:01 RUN n=919/6120 pass=14 test=rand ra=57344 mbps=28.6 secs=12.0 minsec_mbps=- slow_secs=- inflight=3.8 lat_ms=9.1 fio_mib=328 disk_mib=359 disk_ratio=1.10 other_writes_mib=6.8 streams_min_mbps=- iops=436.4 lat_p50_ms=8.5 lat_p95_ms=18.0 lat_p99_ms=26.6 status=ok
05:15:16 RUN n=920/6120 pass=14 test=rand ra=16384 mbps=28.2 secs=12.0 minsec_mbps=- slow_secs=- inflight=3.8 lat_ms=9.2 fio_mib=323 disk_mib=353 disk_ratio=1.09 other_writes_mib=7.3 streams_min_mbps=- iops=430.0 lat_p50_ms=8.3 lat_p95_ms=18.2 lat_p99_ms=27.9 status=ok
05:15:32 RUN n=921/6120 pass=14 test=rand ra=122880 mbps=28.2 secs=12.0 minsec_mbps=- slow_secs=- inflight=3.8 lat_ms=9.2 fio_mib=323 disk_mib=353 disk_ratio=1.09 other_writes_mib=16.2 streams_min_mbps=- iops=430.5 lat_p50_ms=8.4 lat_p95_ms=17.7 lat_p99_ms=27.4 status=ok
05:15:49 RUN n=922/6120 pass=14 test=mixed ra=81920 mbps=803.5 secs=12.5 minsec_mbps=663 slow_secs=0 inflight=224.0 lat_ms=73.4 fio_mib=9542 disk_mib=9540 disk_ratio=1.00 other_writes_mib=2.6 streams_min_mbps=- iops=10.3 lat_p50_ms=93.8 lat_p95_ms=194.0 lat_p99_ms=246.4 status=ok
05:16:05 RUN n=923/6120 pass=14 test=seq ra=122880 mbps=835.8 secs=12.0 minsec_mbps=671 slow_secs=0 inflight=221.7 lat_ms=70.3 fio_mib=9542 disk_mib=9532 disk_ratio=1.00 other_writes_mib=2.1 streams_min_mbps=- iops=- lat_p50_ms=- lat_p95_ms=- lat_p99_ms=- status=ok
05:16:21 RUN n=924/6120 pass=14 test=rand ra=73728 mbps=27.5 secs=12.0 minsec_mbps=- slow_secs=- inflight=3.8 lat_ms=9.4 fio_mib=314 disk_mib=344 disk_ratio=1.09 other_writes_mib=8.2 streams_min_mbps=- iops=419.0 lat_p50_ms=8.5 lat_p95_ms=18.0 lat_p99_ms=32.9 status=ok
05:16:38 RUN n=925/6120 pass=14 test=seq ra=49152 mbps=812.5 secs=12.3 minsec_mbps=598 slow_secs=1 inflight=181.4 lat_ms=59.1 fio_mib=9542 disk_mib=9532 disk_ratio=1.00 other_writes_mib=4.4 streams_min_mbps=- iops=- lat_p50_ms=- lat_p95_ms=- lat_p99_ms=- status=ok
05:16:53 RUN n=926/6120 pass=14 test=rand ra=32768 mbps=27.2 secs=12.0 minsec_mbps=- slow_secs=- inflight=3.8 lat_ms=9.5 fio_mib=311 disk_mib=342 disk_ratio=1.10 other_writes_mib=6.9 streams_min_mbps=- iops=414.9 lat_p50_ms=8.4 lat_p95_ms=18.5 lat_p99_ms=35.4 status=ok
05:17:11 RUN n=927/6120 pass=14 test=seq ra=8192 mbps=790.3 secs=12.7 minsec_mbps=660 slow_secs=0 inflight=30.2 lat_ms=10.2 fio_mib=9542 disk_mib=9532 disk_ratio=1.00 other_writes_mib=4.4 streams_min_mbps=- iops=- lat_p50_ms=- lat_p95_ms=- lat_p99_ms=- status=ok
05:17:40 RUN n=928/6120 pass=14 test=mixed ra=4096 mbps=408.6 secs=24.5 minsec_mbps=345 slow_secs=22 inflight=18.6 lat_ms=11.6 fio_mib=9542 disk_mib=9607 disk_ratio=1.01 other_writes_mib=26.3 streams_min_mbps=- iops=48.8 lat_p50_ms=14.4 lat_p95_ms=50.6 lat_p99_ms=89.7 status=NOISY:writes
05:18:04 RUN n=929/6120 pass=14 test=conc ra=98304 mbps=680.2 secs=18.9 minsec_mbps=586 slow_secs=1 inflight=249.1 lat_ms=93.1 fio_mib=12288 disk_mib=12329 disk_ratio=1.00 other_writes_mib=5.4 streams_min_mbps=170.1 iops=- lat_p50_ms=- lat_p95_ms=- lat_p99_ms=- status=ok
05:18:21 RUN n=930/6120 pass=14 test=mixed ra=90112 mbps=796.6 secs=12.6 minsec_mbps=616 slow_secs=0 inflight=219.5 lat_ms=71.5 fio_mib=9542 disk_mib=9540 disk_ratio=1.00 other_writes_mib=2.7 streams_min_mbps=- iops=10.6 lat_p50_ms=89.7 lat_p95_ms=217.1 lat_p99_ms=304.1 status=ok
05:18:38 RUN n=931/6120 pass=14 test=seq ra=4096 mbps=792.1 secs=12.6 minsec_mbps=597 slow_secs=1 inflight=15.8 lat_ms=5.3 fio_mib=9542 disk_mib=9532 disk_ratio=1.00 other_writes_mib=4.9 streams_min_mbps=- iops=- lat_p50_ms=- lat_p95_ms=- lat_p99_ms=- status=ok
05:18:55 RUN n=932/6120 pass=14 test=mixed ra=114688 mbps=811.8 secs=12.3 minsec_mbps=623 slow_secs=0 inflight=223.4 lat_ms=72.8 fio_mib=9542 disk_mib=9539 disk_ratio=1.00 other_writes_mib=3.6 streams_min_mbps=- iops=9.6 lat_p50_ms=97.0 lat_p95_ms=233.8 lat_p99_ms=267.4 status=ok
05:19:12 RUN n=933/6120 pass=14 test=seq ra=24576 mbps=800.8 secs=12.5 minsec_mbps=630 slow_secs=0 inflight=95.5 lat_ms=31.6 fio_mib=9542 disk_mib=9532 disk_ratio=1.00 other_writes_mib=4.9 streams_min_mbps=- iops=- lat_p50_ms=- lat_p95_ms=- lat_p99_ms=- status=ok
05:19:30 RUN n=934/6120 pass=14 test=seq ra=131072 mbps=773.1 secs=12.9 minsec_mbps=270 slow_secs=1 inflight=224.4 lat_ms=76.6 fio_mib=9542 disk_mib=9532 disk_ratio=1.00 other_writes_mib=15.0 streams_min_mbps=- iops=- lat_p50_ms=- lat_p95_ms=- lat_p99_ms=- status=ok
05:19:46 RUN n=935/6120 pass=14 test=seq ra=73728 mbps=833.2 secs=12.0 minsec_mbps=689 slow_secs=0 inflight=218.6 lat_ms=69.7 fio_mib=9542 disk_mib=9532 disk_ratio=1.00 other_writes_mib=3.0 streams_min_mbps=- iops=- lat_p50_ms=- lat_p95_ms=- lat_p99_ms=- status=ok
05:20:04 RUN n=936/6120 pass=14 test=mixed ra=131072 mbps=782.7 secs=12.8 minsec_mbps=665 slow_secs=0 inflight=221.2 lat_ms=74.6 fio_mib=9542 disk_mib=9541 disk_ratio=1.00 other_writes_mib=5.3 streams_min_mbps=- iops=11.3 lat_p50_ms=81.3 lat_p95_ms=223.3 lat_p99_ms=259.0 status=ok
05:20:20 RUN n=937/6120 pass=14 test=seq ra=114688 mbps=835.7 secs=12.0 minsec_mbps=662 slow_secs=0 inflight=220.8 lat_ms=69.6 fio_mib=9542 disk_mib=9532 disk_ratio=1.00 other_writes_mib=2.6 streams_min_mbps=- iops=- lat_p50_ms=- lat_p95_ms=- lat_p99_ms=- status=ok
05:20:38 RUN n=938/6120 pass=14 test=seq ra=16384 mbps=782.0 secs=12.8 minsec_mbps=667 slow_secs=0 inflight=61.8 lat_ms=20.8 fio_mib=9542 disk_mib=9532 disk_ratio=1.00 other_writes_mib=4.6 streams_min_mbps=- iops=- lat_p50_ms=- lat_p95_ms=- lat_p99_ms=- status=ok
05:20:53 RUN n=939/6120 pass=14 test=rand ra=131072 mbps=30.1 secs=12.0 minsec_mbps=- slow_secs=- inflight=3.8 lat_ms=8.6 fio_mib=345 disk_mib=378 disk_ratio=1.10 other_writes_mib=4.6 streams_min_mbps=- iops=459.4 lat_p50_ms=8.3 lat_p95_ms=17.2 lat_p99_ms=24.5 status=ok
05:21:11 RUN n=940/6120 pass=14 test=mixed ra=49152 mbps=769.4 secs=13.0 minsec_mbps=625 slow_secs=0 inflight=186.2 lat_ms=63.8 fio_mib=9542 disk_mib=9542 disk_ratio=1.00 other_writes_mib=5.8 streams_min_mbps=- iops=12.4 lat_p50_ms=68.7 lat_p95_ms=181.4 lat_p99_ms=229.6 status=ok
05:21:26 RUN n=941/6120 pass=14 test=rand ra=40960 mbps=26.7 secs=12.0 minsec_mbps=- slow_secs=- inflight=3.8 lat_ms=9.7 fio_mib=306 disk_mib=336 disk_ratio=1.10 other_writes_mib=45.8 streams_min_mbps=- iops=407.8 lat_p50_ms=8.4 lat_p95_ms=18.2 lat_p99_ms=29.0 status=NOISY:writes
05:21:44 RUN n=942/6120 pass=14 test=mixed ra=65536 mbps=787.7 secs=12.7 minsec_mbps=650 slow_secs=0 inflight=210.5 lat_ms=70.7 fio_mib=9542 disk_mib=9541 disk_ratio=1.00 other_writes_mib=5.0 streams_min_mbps=- iops=11.8 lat_p50_ms=66.3 lat_p95_ms=204.5 lat_p99_ms=299.9 status=ok
05:22:13 RUN n=943/6120 pass=14 test=conc ra=114688 mbps=534.2 secs=24.1 minsec_mbps=90 slow_secs=9 inflight=251.5 lat_ms=115.3 fio_mib=12288 disk_mib=12543 disk_ratio=1.02 other_writes_mib=5.2 streams_min_mbps=133.6 iops=- lat_p50_ms=- lat_p95_ms=- lat_p99_ms=- status=ok
05:22:28 RUN n=944/6120 pass=14 test=rand ra=81920 mbps=29.9 secs=12.0 minsec_mbps=- slow_secs=- inflight=3.8 lat_ms=8.7 fio_mib=343 disk_mib=375 disk_ratio=1.10 other_writes_mib=2.2 streams_min_mbps=- iops=456.3 lat_p50_ms=8.2 lat_p95_ms=17.2 lat_p99_ms=25.6 status=ok
05:22:46 RUN n=945/6120 pass=14 test=mixed ra=73728 mbps=783.9 secs=12.8 minsec_mbps=595 slow_secs=1 inflight=219.8 lat_ms=73.8 fio_mib=9542 disk_mib=9540 disk_ratio=1.00 other_writes_mib=3.5 streams_min_mbps=- iops=10.1 lat_p50_ms=91.8 lat_p95_ms=217.1 lat_p99_ms=259.0 status=ok
05:23:03 RUN n=946/6120 pass=14 test=seq ra=57344 mbps=793.8 secs=12.6 minsec_mbps=610 slow_secs=0 inflight=198.5 lat_ms=65.7 fio_mib=9542 disk_mib=9532 disk_ratio=1.00 other_writes_mib=4.0 streams_min_mbps=- iops=- lat_p50_ms=- lat_p95_ms=- lat_p99_ms=- status=ok
05:23:39 RUN n=947/6120 pass=14 test=conc ra=49152 mbps=412.8 secs=31.2 minsec_mbps=67 slow_secs=17 inflight=251.0 lat_ms=154.7 fio_mib=12288 disk_mib=12145 disk_ratio=0.99 other_writes_mib=21.9 streams_min_mbps=103.2 iops=- lat_p50_ms=- lat_p95_ms=- lat_p99_ms=- status=NOISY:writes
05:24:06 RUN n=948/6120 pass=14 test=conc ra=106496 mbps=594.3 secs=21.7 minsec_mbps=85 slow_secs=4 inflight=250.0 lat_ms=104.2 fio_mib=12288 disk_mib=12521 disk_ratio=1.02 other_writes_mib=3.9 streams_min_mbps=148.6 iops=- lat_p50_ms=- lat_p95_ms=- lat_p99_ms=- status=ok
05:24:31 RUN n=949/6120 pass=14 test=conc ra=122880 mbps=639.4 secs=20.2 minsec_mbps=397 slow_secs=5 inflight=248.2 lat_ms=97.1 fio_mib=12288 disk_mib=12513 disk_ratio=1.02 other_writes_mib=4.5 streams_min_mbps=159.8 iops=- lat_p50_ms=- lat_p95_ms=- lat_p99_ms=- status=ok
05:24:55 RUN n=950/6120 pass=14 test=conc ra=32768 mbps=692.8 secs=18.6 minsec_mbps=532 slow_secs=3 inflight=249.2 lat_ms=91.7 fio_mib=12288 disk_mib=12057 disk_ratio=0.98 other_writes_mib=6.8 streams_min_mbps=173.2 iops=- lat_p50_ms=- lat_p95_ms=- lat_p99_ms=- status=ok
05:25:12 RUN n=951/6120 pass=14 test=seq ra=65536 mbps=791.5 secs=12.6 minsec_mbps=619 slow_secs=0 inflight=205.4 lat_ms=69.2 fio_mib=9542 disk_mib=9532 disk_ratio=1.00 other_writes_mib=9.2 streams_min_mbps=- iops=- lat_p50_ms=- lat_p95_ms=- lat_p99_ms=- status=ok
05:25:30 RUN n=952/6120 pass=14 test=mixed ra=57344 mbps=745.1 secs=13.4 minsec_mbps=602 slow_secs=0 inflight=197.1 lat_ms=69.2 fio_mib=9542 disk_mib=9543 disk_ratio=1.00 other_writes_mib=26.3 streams_min_mbps=- iops=13.0 lat_p50_ms=58.5 lat_p95_ms=215.0 lat_p99_ms=246.4 status=NOISY:writes
05:25:48 RUN n=953/6120 pass=15 test=rand ra=24576 mbps=29.9 secs=12.0 minsec_mbps=- slow_secs=- inflight=3.8 lat_ms=8.7 fio_mib=342 disk_mib=375 disk_ratio=1.10 other_writes_mib=2.3 streams_min_mbps=- iops=455.9 lat_p50_ms=8.2 lat_p95_ms=17.4 lat_p99_ms=25.6 status=ok
05:26:03 RUN n=954/6120 pass=15 test=rand ra=32768 mbps=28.9 secs=12.0 minsec_mbps=- slow_secs=- inflight=3.8 lat_ms=8.9 fio_mib=331 disk_mib=365 disk_ratio=1.10 other_writes_mib=4.8 streams_min_mbps=- iops=441.5 lat_p50_ms=8.3 lat_p95_ms=17.7 lat_p99_ms=25.8 status=ok
05:26:19 RUN n=955/6120 pass=15 test=rand ra=106496 mbps=29.8 secs=12.0 minsec_mbps=- slow_secs=- inflight=3.8 lat_ms=8.7 fio_mib=342 disk_mib=374 disk_ratio=1.09 other_writes_mib=2.4 streams_min_mbps=- iops=455.0 lat_p50_ms=8.2 lat_p95_ms=17.4 lat_p99_ms=25.3 status=ok
05:26:55 RUN n=956/6120 pass=15 test=conc ra=4096 mbps=411.7 secs=31.3 minsec_mbps=328 slow_secs=29 inflight=90.7 lat_ms=57.0 fio_mib=12288 disk_mib=11867 disk_ratio=0.97 other_writes_mib=11.9 streams_min_mbps=102.9 iops=- lat_p50_ms=- lat_p95_ms=- lat_p99_ms=- status=ok
05:27:12 RUN n=957/6120 pass=15 test=seq ra=8192 mbps=786.3 secs=12.7 minsec_mbps=679 slow_secs=0 inflight=31.8 lat_ms=10.7 fio_mib=9542 disk_mib=9532 disk_ratio=1.00 other_writes_mib=6.1 streams_min_mbps=- iops=- lat_p50_ms=- lat_p95_ms=- lat_p99_ms=- status=ok
05:27:29 RUN n=958/6120 pass=15 test=seq ra=90112 mbps=807.1 secs=12.4 minsec_mbps=588 slow_secs=1 inflight=219.9 lat_ms=72.0 fio_mib=9542 disk_mib=9532 disk_ratio=1.00 other_writes_mib=4.5 streams_min_mbps=- iops=- lat_p50_ms=- lat_p95_ms=- lat_p99_ms=- status=ok
05:27:47 RUN n=959/6120 pass=15 test=seq ra=24576 mbps=781.4 secs=12.8 minsec_mbps=634 slow_secs=0 inflight=95.0 lat_ms=31.9 fio_mib=9542 disk_mib=9532 disk_ratio=1.00 other_writes_mib=3.7 streams_min_mbps=- iops=- lat_p50_ms=- lat_p95_ms=- lat_p99_ms=- status=ok
05:28:04 RUN n=960/6120 pass=15 test=mixed ra=114688 mbps=783.5 secs=12.8 minsec_mbps=647 slow_secs=0 inflight=224.0 lat_ms=75.2 fio_mib=9542 disk_mib=9540 disk_ratio=1.00 other_writes_mib=2.8 streams_min_mbps=- iops=10.3 lat_p50_ms=82.3 lat_p95_ms=248.5 lat_p99_ms=341.8 status=ok
05:28:23 RUN n=961/6120 pass=15 test=mixed ra=16384 mbps=674.3 secs=14.8 minsec_mbps=523 slow_secs=2 inflight=65.1 lat_ms=25.0 fio_mib=9542 disk_mib=9554 disk_ratio=1.00 other_writes_mib=3.4 streams_min_mbps=- iops=23.9 lat_p50_ms=28.2 lat_p95_ms=132.6 lat_p99_ms=185.6 status=ok
05:28:39 RUN n=962/6120 pass=15 test=rand ra=4096 mbps=25.7 secs=12.0 minsec_mbps=- slow_secs=- inflight=3.8 lat_ms=10.1 fio_mib=294 disk_mib=322 disk_ratio=1.10 other_writes_mib=5.1 streams_min_mbps=- iops=392.0 lat_p50_ms=8.5 lat_p95_ms=19.3 lat_p99_ms=64.2 status=ok
05:28:54 RUN n=963/6120 pass=15 test=rand ra=8192 mbps=29.5 secs=12.0 minsec_mbps=- slow_secs=- inflight=3.8 lat_ms=8.8 fio_mib=338 disk_mib=370 disk_ratio=1.09 other_writes_mib=3.9 streams_min_mbps=- iops=450.1 lat_p50_ms=8.3 lat_p95_ms=17.4 lat_p99_ms=25.3 status=ok
05:29:10 RUN n=964/6120 pass=15 test=rand ra=65536 mbps=27.1 secs=12.1 minsec_mbps=- slow_secs=- inflight=3.8 lat_ms=9.5 fio_mib=313 disk_mib=343 disk_ratio=1.10 other_writes_mib=3.5 streams_min_mbps=- iops=413.8 lat_p50_ms=8.4 lat_p95_ms=18.2 lat_p99_ms=39.6 status=ok
05:29:25 RUN n=965/6120 pass=15 test=rand ra=40960 mbps=28.9 secs=12.1 minsec_mbps=- slow_secs=- inflight=3.8 lat_ms=8.9 fio_mib=332 disk_mib=364 disk_ratio=1.10 other_writes_mib=5.2 streams_min_mbps=- iops=440.3 lat_p50_ms=8.2 lat_p95_ms=17.7 lat_p99_ms=26.1 status=ok
05:29:46 RUN n=966/6120 pass=15 test=mixed ra=57344 mbps=603.9 secs=16.6 minsec_mbps=233 slow_secs=6 inflight=207.5 lat_ms=89.4 fio_mib=9542 disk_mib=9542 disk_ratio=1.00 other_writes_mib=82.4 streams_min_mbps=- iops=9.5 lat_p50_ms=103.3 lat_p95_ms=278.9 lat_p99_ms=333.4 status=NOISY:writes
05:30:15 RUN n=967/6120 pass=15 test=conc ra=106496 mbps=540.8 secs=23.8 minsec_mbps=85 slow_secs=11 inflight=252.1 lat_ms=114.5 fio_mib=12288 disk_mib=12502 disk_ratio=1.02 other_writes_mib=12.2 streams_min_mbps=135.2 iops=- lat_p50_ms=- lat_p95_ms=- lat_p99_ms=- status=ok
05:30:31 RUN n=968/6120 pass=15 test=rand ra=122880 mbps=16.3 secs=12.0 minsec_mbps=- slow_secs=- inflight=3.8 lat_ms=16.0 fio_mib=187 disk_mib=205 disk_ratio=1.10 other_writes_mib=4.1 streams_min_mbps=- iops=249.1 lat_p50_ms=9.0 lat_p95_ms=81.3 lat_p99_ms=127.4 status=ok
05:30:49 RUN n=969/6120 pass=15 test=mixed ra=73728 mbps=712.9 secs=14.0 minsec_mbps=501 slow_secs=2 inflight=215.3 lat_ms=79.0 fio_mib=9542 disk_mib=9542 disk_ratio=1.00 other_writes_mib=7.3 streams_min_mbps=- iops=11.0 lat_p50_ms=78.1 lat_p95_ms=221.2 lat_p99_ms=304.1 status=ok
05:31:07 RUN n=970/6120 pass=15 test=seq ra=73728 mbps=755.9 secs=13.2 minsec_mbps=539 slow_secs=1 inflight=211.3 lat_ms=73.8 fio_mib=9542 disk_mib=9532 disk_ratio=1.00 other_writes_mib=4.2 streams_min_mbps=- iops=- lat_p50_ms=- lat_p95_ms=- lat_p99_ms=- status=ok
05:31:23 RUN n=971/6120 pass=15 test=rand ra=81920 mbps=26.3 secs=12.0 minsec_mbps=- slow_secs=- inflight=3.8 lat_ms=9.9 fio_mib=301 disk_mib=331 disk_ratio=1.10 other_writes_mib=4.1 streams_min_mbps=- iops=401.1 lat_p50_ms=8.5 lat_p95_ms=18.2 lat_p99_ms=50.6 status=ok
05:31:47 RUN n=972/6120 pass=15 test=seq ra=65536 mbps=504.2 secs=19.8 minsec_mbps=243 slow_secs=11 inflight=226.1 lat_ms=116.6 fio_mib=9542 disk_mib=9532 disk_ratio=1.00 other_writes_mib=110.6 streams_min_mbps=- iops=- lat_p50_ms=- lat_p95_ms=- lat_p99_ms=- status=NOISY:writes
05:32:05 RUN n=973/6120 pass=15 test=seq ra=49152 mbps=741.1 secs=13.5 minsec_mbps=638 slow_secs=0 inflight=178.9 lat_ms=63.7 fio_mib=9542 disk_mib=9532 disk_ratio=1.00 other_writes_mib=2.9 streams_min_mbps=- iops=- lat_p50_ms=- lat_p95_ms=- lat_p99_ms=- status=ok
05:32:30 RUN n=974/6120 pass=15 test=conc ra=90112 mbps=642.5 secs=20.1 minsec_mbps=555 slow_secs=5 inflight=251.0 lat_ms=98.0 fio_mib=12288 disk_mib=12371 disk_ratio=1.01 other_writes_mib=6.9 streams_min_mbps=160.6 iops=- lat_p50_ms=- lat_p95_ms=- lat_p99_ms=- status=ok
05:32:51 RUN n=975/6120 pass=15 test=mixed ra=32768 mbps=631.8 secs=15.8 minsec_mbps=456 slow_secs=5 inflight=135.8 lat_ms=55.7 fio_mib=9542 disk_mib=9549 disk_ratio=1.00 other_writes_mib=4.0 streams_min_mbps=- iops=17.8 lat_p50_ms=37.0 lat_p95_ms=162.5 lat_p99_ms=242.2 status=ok
05:33:06 RUN n=976/6120 pass=15 test=rand ra=90112 mbps=17.2 secs=12.0 minsec_mbps=- slow_secs=- inflight=3.8 lat_ms=15.1 fio_mib=197 disk_mib=215 disk_ratio=1.09 other_writes_mib=6.6 streams_min_mbps=- iops=262.2 lat_p50_ms=9.0 lat_p95_ms=69.7 lat_p99_ms=122.2 status=ok
05:33:36 RUN n=977/6120 pass=15 test=mixed ra=4096 mbps=400.1 secs=25.0 minsec_mbps=226 slow_secs=23 inflight=19.1 lat_ms=12.0 fio_mib=9542 disk_mib=9603 disk_ratio=1.01 other_writes_mib=10.0 streams_min_mbps=- iops=45.3 lat_p50_ms=14.5 lat_p95_ms=58.5 lat_p99_ms=108.5 status=ok
05:33:54 RUN n=978/6120 pass=15 test=seq ra=16384 mbps=733.6 secs=13.6 minsec_mbps=408 slow_secs=2 inflight=62.9 lat_ms=22.8 fio_mib=9542 disk_mib=9532 disk_ratio=1.00 other_writes_mib=3.1 streams_min_mbps=- iops=- lat_p50_ms=- lat_p95_ms=- lat_p99_ms=- status=ok
05:34:10 RUN n=979/6120 pass=15 test=rand ra=49152 mbps=22.1 secs=12.0 minsec_mbps=- slow_secs=- inflight=3.8 lat_ms=11.8 fio_mib=253 disk_mib=277 disk_ratio=1.10 other_writes_mib=2.6 streams_min_mbps=- iops=336.5 lat_p50_ms=8.6 lat_p95_ms=22.9 lat_p99_ms=114.8 status=ok
05:34:35 RUN n=980/6120 pass=15 test=conc ra=57344 mbps=645.7 secs=20.0 minsec_mbps=477 slow_secs=6 inflight=247.8 lat_ms=98.0 fio_mib=12288 disk_mib=12146 disk_ratio=0.99 other_writes_mib=6.1 streams_min_mbps=161.4 iops=- lat_p50_ms=- lat_p95_ms=- lat_p99_ms=- status=ok
05:35:06 RUN n=981/6120 pass=15 test=conc ra=131072 mbps=488.2 secs=26.4 minsec_mbps=99 slow_secs=14 inflight=250.7 lat_ms=124.5 fio_mib=12288 disk_mib=12830 disk_ratio=1.04 other_writes_mib=12.2 streams_min_mbps=122.1 iops=- lat_p50_ms=- lat_p95_ms=- lat_p99_ms=- status=ok
05:35:22 RUN n=982/6120 pass=15 test=rand ra=98304 mbps=24.1 secs=12.0 minsec_mbps=- slow_secs=- inflight=3.8 lat_ms=10.8 fio_mib=276 disk_mib=301 disk_ratio=1.09 other_writes_mib=3.9 streams_min_mbps=- iops=367.3 lat_p50_ms=8.5 lat_p95_ms=21.4 lat_p99_ms=89.7 status=ok
05:35:41 RUN n=983/6120 pass=15 test=seq ra=57344 mbps=693.5 secs=14.4 minsec_mbps=318 slow_secs=3 inflight=204.1 lat_ms=77.9 fio_mib=9542 disk_mib=9532 disk_ratio=1.00 other_writes_mib=51.3 streams_min_mbps=- iops=- lat_p50_ms=- lat_p95_ms=- lat_p99_ms=- status=NOISY:writes
05:36:02 RUN n=984/6120 pass=15 test=mixed ra=24576 mbps=619.8 secs=16.1 minsec_mbps=319 slow_secs=6 inflight=96.5 lat_ms=41.1 fio_mib=9542 disk_mib=9551 disk_ratio=1.00 other_writes_mib=4.6 streams_min_mbps=- iops=19.0 lat_p50_ms=37.5 lat_p95_ms=145.8 lat_p99_ms=200.3 status=ok
05:36:34 RUN n=985/6120 pass=15 test=conc ra=98304 mbps=472.8 secs=27.3 minsec_mbps=47 slow_secs=14 inflight=251.7 lat_ms=133.6 fio_mib=12288 disk_mib=12329 disk_ratio=1.00 other_writes_mib=9.0 streams_min_mbps=118.2 iops=- lat_p50_ms=- lat_p95_ms=- lat_p99_ms=- status=ok
05:36:57 RUN n=986/6120 pass=15 test=mixed ra=8192 mbps=547.7 secs=18.3 minsec_mbps=288 slow_secs=9 inflight=35.9 lat_ms=16.6 fio_mib=9542 disk_mib=9570 disk_ratio=1.00 other_writes_mib=5.3 streams_min_mbps=- iops=33.6 lat_p50_ms=20.1 lat_p95_ms=86.5 lat_p99_ms=156.2 status=ok
05:37:28 RUN n=987/6120 pass=15 test=conc ra=65536 mbps=501.9 secs=25.7 minsec_mbps=79 slow_secs=10 inflight=250.8 lat_ms=128.0 fio_mib=12288 disk_mib=12151 disk_ratio=0.99 other_writes_mib=22.9 streams_min_mbps=125.5 iops=- lat_p50_ms=- lat_p95_ms=- lat_p99_ms=- status=NOISY:writes
05:38:02 RUN n=988/6120 pass=15 test=conc ra=8192 mbps=436.6 secs=29.5 minsec_mbps=154 slow_secs=27 inflight=168.6 lat_ms=100.1 fio_mib=12288 disk_mib=11891 disk_ratio=0.97 other_writes_mib=59.7 streams_min_mbps=109.2 iops=- lat_p50_ms=- lat_p95_ms=- lat_p99_ms=- status=NOISY:writes
05:38:29 RUN n=989/6120 pass=15 test=conc ra=122880 mbps=591.9 secs=21.8 minsec_mbps=166 slow_secs=9 inflight=249.5 lat_ms=104.9 fio_mib=12288 disk_mib=12513 disk_ratio=1.02 other_writes_mib=6.4 streams_min_mbps=148.0 iops=- lat_p50_ms=- lat_p95_ms=- lat_p99_ms=- status=ok
05:38:46 RUN n=990/6120 pass=15 test=seq ra=131072 mbps=824.0 secs=12.1 minsec_mbps=653 slow_secs=0 inflight=215.4 lat_ms=70.4 fio_mib=9542 disk_mib=9532 disk_ratio=1.00 other_writes_mib=2.3 streams_min_mbps=- iops=- lat_p50_ms=- lat_p95_ms=- lat_p99_ms=- status=ok
05:39:01 RUN n=991/6120 pass=15 test=rand ra=57344 mbps=27.1 secs=12.0 minsec_mbps=- slow_secs=- inflight=3.8 lat_ms=9.6 fio_mib=311 disk_mib=339 disk_ratio=1.09 other_writes_mib=4.6 streams_min_mbps=- iops=414.3 lat_p50_ms=8.4 lat_p95_ms=18.0 lat_p99_ms=32.9 status=ok
05:39:19 RUN n=992/6120 pass=15 test=mixed ra=106496 mbps=801.4 secs=12.5 minsec_mbps=675 slow_secs=0 inflight=219.6 lat_ms=71.4 fio_mib=9542 disk_mib=9540 disk_ratio=1.00 other_writes_mib=3.4 streams_min_mbps=- iops=10.5 lat_p50_ms=93.8 lat_p95_ms=198.2 lat_p99_ms=246.4 status=ok
05:39:34 RUN n=993/6120 pass=15 test=rand ra=16384 mbps=25.7 secs=12.0 minsec_mbps=- slow_secs=- inflight=3.8 lat_ms=10.1 fio_mib=295 disk_mib=322 disk_ratio=1.09 other_writes_mib=5.5 streams_min_mbps=- iops=392.6 lat_p50_ms=8.4 lat_p95_ms=18.5 lat_p99_ms=71.8 status=ok
05:39:52 RUN n=994/6120 pass=15 test=seq ra=122880 mbps=758.7 secs=13.2 minsec_mbps=231 slow_secs=2 inflight=224.4 lat_ms=79.1 fio_mib=9542 disk_mib=9532 disk_ratio=1.00 other_writes_mib=25.5 streams_min_mbps=- iops=- lat_p50_ms=- lat_p95_ms=- lat_p99_ms=- status=NOISY:writes
05:40:09 RUN n=995/6120 pass=15 test=seq ra=98304 mbps=773.8 secs=12.9 minsec_mbps=562 slow_secs=1 inflight=223.7 lat_ms=76.3 fio_mib=9542 disk_mib=9532 disk_ratio=1.00 other_writes_mib=8.2 streams_min_mbps=- iops=- lat_p50_ms=- lat_p95_ms=- lat_p99_ms=- status=ok
05:40:27 RUN n=996/6120 pass=15 test=mixed ra=90112 mbps=787.3 secs=12.7 minsec_mbps=590 slow_secs=1 inflight=217.7 lat_ms=73.6 fio_mib=9542 disk_mib=9540 disk_ratio=1.00 other_writes_mib=2.2 streams_min_mbps=- iops=10.6 lat_p50_ms=84.4 lat_p95_ms=231.7 lat_p99_ms=299.9 status=ok
05:40:44 RUN n=997/6120 pass=15 test=mixed ra=81920 mbps=764.9 secs=13.1 minsec_mbps=595 slow_secs=1 inflight=223.3 lat_ms=76.7 fio_mib=9542 disk_mib=9539 disk_ratio=1.00 other_writes_mib=8.1 streams_min_mbps=- iops=9.3 lat_p50_ms=101.2 lat_p95_ms=223.3 lat_p99_ms=295.7 status=ok
05:41:02 RUN n=998/6120 pass=15 test=mixed ra=98304 mbps=757.1 secs=13.2 minsec_mbps=645 slow_secs=0 inflight=224.0 lat_ms=78.6 fio_mib=9542 disk_mib=9541 disk_ratio=1.00 other_writes_mib=4.1 streams_min_mbps=- iops=10.5 lat_p50_ms=84.4 lat_p95_ms=233.8 lat_p99_ms=341.8 status=ok
05:41:30 RUN n=999/6120 pass=15 test=conc ra=40960 mbps=563.0 secs=22.9 minsec_mbps=69 slow_secs=7 inflight=247.6 lat_ms=112.4 fio_mib=12288 disk_mib=12063 disk_ratio=0.98 other_writes_mib=8.2 streams_min_mbps=140.8 iops=- lat_p50_ms=- lat_p95_ms=- lat_p99_ms=- status=ok
05:41:51 RUN n=1000/6120 pass=15 test=mixed ra=40960 mbps=637.1 secs=15.7 minsec_mbps=223 slow_secs=4 inflight=159.2 lat_ms=65.7 fio_mib=9542 disk_mib=9545 disk_ratio=1.00 other_writes_mib=54.1 streams_min_mbps=- iops=13.2 lat_p50_ms=62.1 lat_p95_ms=196.1 lat_p99_ms=329.3 status=NOISY:writes
05:42:08 RUN n=1001/6120 pass=15 test=seq ra=81920 mbps=782.0 secs=12.8 minsec_mbps=565 slow_secs=1 inflight=222.5 lat_ms=75.5 fio_mib=9542 disk_mib=9532 disk_ratio=1.00 other_writes_mib=2.0 streams_min_mbps=- iops=- lat_p50_ms=- lat_p95_ms=- lat_p99_ms=- status=ok
05:42:36 RUN n=1002/6120 pass=15 test=conc ra=49152 mbps=548.6 secs=23.5 minsec_mbps=81 slow_secs=6 inflight=251.8 lat_ms=116.3 fio_mib=12288 disk_mib=12137 disk_ratio=0.99 other_writes_mib=7.0 streams_min_mbps=137.1 iops=- lat_p50_ms=- lat_p95_ms=- lat_p99_ms=- status=ok
05:42:54 RUN n=1003/6120 pass=15 test=mixed ra=131072 mbps=790.9 secs=12.7 minsec_mbps=655 slow_secs=0 inflight=218.0 lat_ms=73.5 fio_mib=9542 disk_mib=9540 disk_ratio=1.00 other_writes_mib=5.1 streams_min_mbps=- iops=10.0 lat_p50_ms=91.8 lat_p95_ms=233.8 lat_p99_ms=312.5 status=ok
05:43:19 RUN n=1004/6120 pass=15 test=conc ra=32768 mbps=644.0 secs=20.0 minsec_mbps=569 slow_secs=2 inflight=246.1 lat_ms=97.3 fio_mib=12288 disk_mib=12057 disk_ratio=0.98 other_writes_mib=8.6 streams_min_mbps=161.0 iops=- lat_p50_ms=- lat_p95_ms=- lat_p99_ms=- status=ok
05:43:36 RUN n=1005/6120 pass=15 test=seq ra=114688 mbps=797.3 secs=12.5 minsec_mbps=615 slow_secs=0 inflight=222.9 lat_ms=74.2 fio_mib=9542 disk_mib=9532 disk_ratio=1.00 other_writes_mib=3.9 streams_min_mbps=- iops=- lat_p50_ms=- lat_p95_ms=- lat_p99_ms=- status=ok
05:43:55 RUN n=1006/6120 pass=15 test=mixed ra=65536 mbps=700.6 secs=14.3 minsec_mbps=315 slow_secs=2 inflight=214.2 lat_ms=80.3 fio_mib=9542 disk_mib=9541 disk_ratio=1.00 other_writes_mib=39.4 streams_min_mbps=- iops=10.2 lat_p50_ms=85.5 lat_p95_ms=227.5 lat_p99_ms=350.2 status=NOISY:writes
05:44:10 RUN n=1007/6120 pass=15 test=rand ra=131072 mbps=23.8 secs=12.0 minsec_mbps=- slow_secs=- inflight=3.8 lat_ms=10.9 fio_mib=274 disk_mib=300 disk_ratio=1.10 other_writes_mib=2.7 streams_min_mbps=- iops=363.4 lat_p50_ms=8.6 lat_p95_ms=19.8 lat_p99_ms=98.0 status=ok
05:44:28 RUN n=1008/6120 pass=15 test=seq ra=106496 mbps=789.6 secs=12.7 minsec_mbps=615 slow_secs=0 inflight=214.5 lat_ms=72.6 fio_mib=9542 disk_mib=9532 disk_ratio=1.00 other_writes_mib=4.6 streams_min_mbps=- iops=- lat_p50_ms=- lat_p95_ms=- lat_p99_ms=- status=ok
05:44:46 RUN n=1009/6120 pass=15 test=mixed ra=49152 mbps=734.2 secs=13.6 minsec_mbps=587 slow_secs=1 inflight=186.3 lat_ms=66.2 fio_mib=9542 disk_mib=9542 disk_ratio=1.00 other_writes_mib=3.2 streams_min_mbps=- iops=12.2 lat_p50_ms=80.2 lat_p95_ms=183.5 lat_p99_ms=246.4 status=ok
05:45:03 RUN n=1010/6120 pass=15 test=seq ra=32768 mbps=777.5 secs=12.9 minsec_mbps=614 slow_secs=0 inflight=129.6 lat_ms=43.8 fio_mib=9542 disk_mib=9532 disk_ratio=1.00 other_writes_mib=7.6 streams_min_mbps=- iops=- lat_p50_ms=- lat_p95_ms=- lat_p99_ms=- status=ok
05:45:28 RUN n=1011/6120 pass=15 test=conc ra=24576 mbps=642.0 secs=20.1 minsec_mbps=523 slow_secs=6 inflight=245.8 lat_ms=98.5 fio_mib=12288 disk_mib=11994 disk_ratio=0.98 other_writes_mib=8.1 streams_min_mbps=160.5 iops=- lat_p50_ms=- lat_p95_ms=- lat_p99_ms=- status=ok
05:46:01 RUN n=1012/6120 pass=15 test=conc ra=73728 mbps=462.5 secs=27.9 minsec_mbps=57 slow_secs=17 inflight=250.4 lat_ms=135.2 fio_mib=12288 disk_mib=12204 disk_ratio=0.99 other_writes_mib=51.6 streams_min_mbps=115.6 iops=- lat_p50_ms=- lat_p95_ms=- lat_p99_ms=- status=NOISY:writes
05:46:17 RUN n=1013/6120 pass=15 test=rand ra=114688 mbps=25.4 secs=12.0 minsec_mbps=- slow_secs=- inflight=3.8 lat_ms=10.2 fio_mib=291 disk_mib=319 disk_ratio=1.10 other_writes_mib=4.6 streams_min_mbps=- iops=387.3 lat_p50_ms=8.5 lat_p95_ms=18.7 lat_p99_ms=72.9 status=ok
05:46:32 RUN n=1014/6120 pass=15 test=rand ra=73728 mbps=26.8 secs=12.0 minsec_mbps=- slow_secs=- inflight=3.8 lat_ms=9.7 fio_mib=307 disk_mib=337 disk_ratio=1.10 other_writes_mib=2.9 streams_min_mbps=- iops=408.9 lat_p50_ms=8.5 lat_p95_ms=18.2 lat_p99_ms=38.5 status=ok
05:47:05 RUN n=1015/6120 pass=15 test=conc ra=81920 mbps=469.6 secs=27.4 minsec_mbps=56 slow_secs=13 inflight=250.4 lat_ms=135.1 fio_mib=12288 disk_mib=12219 disk_ratio=0.99 other_writes_mib=10.0 streams_min_mbps=117.4 iops=- lat_p50_ms=- lat_p95_ms=- lat_p99_ms=- status=ok
05:47:31 RUN n=1016/6120 pass=15 test=conc ra=114688 mbps=610.7 secs=21.1 minsec_mbps=414 slow_secs=6 inflight=249.9 lat_ms=100.2 fio_mib=12288 disk_mib=12538 disk_ratio=1.02 other_writes_mib=11.0 streams_min_mbps=152.7 iops=- lat_p50_ms=- lat_p95_ms=- lat_p99_ms=- status=ok
05:47:52 RUN n=1017/6120 pass=15 test=seq ra=4096 mbps=606.7 secs=16.5 minsec_mbps=31 slow_secs=5 inflight=17.5 lat_ms=7.6 fio_mib=9542 disk_mib=9532 disk_ratio=1.00 other_writes_mib=60.7 streams_min_mbps=- iops=- lat_p50_ms=- lat_p95_ms=- lat_p99_ms=- status=NOISY:writes
05:48:10 RUN n=1018/6120 pass=15 test=seq ra=40960 mbps=736.3 secs=13.6 minsec_mbps=593 slow_secs=1 inflight=153.9 lat_ms=55.1 fio_mib=9542 disk_mib=9532 disk_ratio=1.00 other_writes_mib=4.0 streams_min_mbps=- iops=- lat_p50_ms=- lat_p95_ms=- lat_p99_ms=- status=ok
05:48:27 RUN n=1019/6120 pass=15 test=mixed ra=122880 mbps=771.3 secs=13.0 minsec_mbps=615 slow_secs=0 inflight=226.7 lat_ms=77.0 fio_mib=9542 disk_mib=9540 disk_ratio=1.00 other_writes_mib=2.6 streams_min_mbps=- iops=10.2 lat_p50_ms=89.7 lat_p95_ms=248.5 lat_p99_ms=312.5 status=ok
05:48:54 RUN n=1020/6120 pass=15 test=conc ra=16384 mbps=591.3 secs=21.8 minsec_mbps=416 slow_secs=11 inflight=237.1 lat_ms=104.5 fio_mib=12288 disk_mib=11946 disk_ratio=0.97 other_writes_mib=7.6 streams_min_mbps=147.8 iops=- lat_p50_ms=- lat_p95_ms=- lat_p99_ms=- status=ok
05:49:12 RUN n=1021/6120 pass=16 test=rand ra=49152 mbps=26.9 secs=12.1 minsec_mbps=- slow_secs=- inflight=3.8 lat_ms=9.6 fio_mib=310 disk_mib=338 disk_ratio=1.09 other_writes_mib=5.8 streams_min_mbps=- iops=410.7 lat_p50_ms=8.4 lat_p95_ms=18.7 lat_p99_ms=40.1 status=ok
05:49:29 RUN n=1022/6120 pass=16 test=seq ra=32768 mbps=761.8 secs=13.1 minsec_mbps=558 slow_secs=1 inflight=134.8 lat_ms=45.7 fio_mib=9542 disk_mib=9532 disk_ratio=1.00 other_writes_mib=3.7 streams_min_mbps=- iops=- lat_p50_ms=- lat_p95_ms=- lat_p99_ms=- status=ok
05:49:47 RUN n=1023/6120 pass=16 test=mixed ra=131072 mbps=751.9 secs=13.3 minsec_mbps=649 slow_secs=0 inflight=220.6 lat_ms=77.2 fio_mib=9542 disk_mib=9540 disk_ratio=1.00 other_writes_mib=43.9 streams_min_mbps=- iops=10.0 lat_p50_ms=88.6 lat_p95_ms=248.5 lat_p99_ms=329.3 status=NOISY:writes
05:50:06 RUN n=1024/6120 pass=16 test=seq ra=40960 mbps=712.1 secs=14.1 minsec_mbps=500 slow_secs=2 inflight=159.7 lat_ms=58.2 fio_mib=9542 disk_mib=9532 disk_ratio=1.00 other_writes_mib=6.9 streams_min_mbps=- iops=- lat_p50_ms=- lat_p95_ms=- lat_p99_ms=- status=ok
05:50:24 RUN n=1025/6120 pass=16 test=mixed ra=73728 mbps=758.5 secs=13.2 minsec_mbps=494 slow_secs=1 inflight=221.8 lat_ms=77.0 fio_mib=9542 disk_mib=9540 disk_ratio=1.00 other_writes_mib=3.0 streams_min_mbps=- iops=9.6 lat_p50_ms=106.4 lat_p95_ms=231.7 lat_p99_ms=320.9 status=ok
05:50:42 RUN n=1026/6120 pass=16 test=seq ra=98304 mbps=767.1 secs=13.0 minsec_mbps=585 slow_secs=1 inflight=220.7 lat_ms=74.9 fio_mib=9542 disk_mib=9532 disk_ratio=1.00 other_writes_mib=6.3 streams_min_mbps=- iops=- lat_p50_ms=- lat_p95_ms=- lat_p99_ms=- status=ok
05:50:57 RUN n=1027/6120 pass=16 test=rand ra=16384 mbps=26.9 secs=12.0 minsec_mbps=- slow_secs=- inflight=3.8 lat_ms=9.6 fio_mib=308 disk_mib=335 disk_ratio=1.09 other_writes_mib=6.1 streams_min_mbps=- iops=410.5 lat_p50_ms=8.5 lat_p95_ms=18.7 lat_p99_ms=38.5 status=ok
05:51:15 RUN n=1028/6120 pass=16 test=seq ra=73728 mbps=765.9 secs=13.1 minsec_mbps=608 slow_secs=0 inflight=219.2 lat_ms=74.7 fio_mib=9542 disk_mib=9532 disk_ratio=1.00 other_writes_mib=5.0 streams_min_mbps=- iops=- lat_p50_ms=- lat_p95_ms=- lat_p99_ms=- status=ok
05:51:33 RUN n=1029/6120 pass=16 test=seq ra=4096 mbps=755.7 secs=13.2 minsec_mbps=644 slow_secs=0 inflight=17.3 lat_ms=5.9 fio_mib=9542 disk_mib=9532 disk_ratio=1.00 other_writes_mib=5.7 streams_min_mbps=- iops=- lat_p50_ms=- lat_p95_ms=- lat_p99_ms=- status=ok
05:51:55 RUN n=1030/6120 pass=16 test=mixed ra=16384 mbps=583.3 secs=17.2 minsec_mbps=105 slow_secs=5 inflight=73.1 lat_ms=32.5 fio_mib=9542 disk_mib=9552 disk_ratio=1.00 other_writes_mib=59.1 streams_min_mbps=- iops=18.5 lat_p50_ms=35.4 lat_p95_ms=164.6 lat_p99_ms=308.3 status=NOISY:writes
05:52:10 RUN n=1031/6120 pass=16 test=rand ra=57344 mbps=24.4 secs=12.0 minsec_mbps=- slow_secs=- inflight=3.8 lat_ms=10.6 fio_mib=280 disk_mib=306 disk_ratio=1.09 other_writes_mib=4.8 streams_min_mbps=- iops=372.5 lat_p50_ms=8.5 lat_p95_ms=20.6 lat_p99_ms=89.7 status=ok
05:52:26 RUN n=1032/6120 pass=16 test=rand ra=73728 mbps=23.9 secs=12.0 minsec_mbps=- slow_secs=- inflight=3.8 lat_ms=10.8 fio_mib=274 disk_mib=301 disk_ratio=1.10 other_writes_mib=3.7 streams_min_mbps=- iops=365.2 lat_p50_ms=8.5 lat_p95_ms=20.3 lat_p99_ms=90.7 status=ok
05:52:43 RUN n=1033/6120 pass=16 test=seq ra=114688 mbps=777.1 secs=12.9 minsec_mbps=538 slow_secs=1 inflight=218.8 lat_ms=72.8 fio_mib=9542 disk_mib=9532 disk_ratio=1.00 other_writes_mib=3.0 streams_min_mbps=- iops=- lat_p50_ms=- lat_p95_ms=- lat_p99_ms=- status=ok
05:52:59 RUN n=1034/6120 pass=16 test=rand ra=24576 mbps=27.7 secs=12.0 minsec_mbps=- slow_secs=- inflight=3.8 lat_ms=9.4 fio_mib=317 disk_mib=347 disk_ratio=1.10 other_writes_mib=4.7 streams_min_mbps=- iops=422.2 lat_p50_ms=8.5 lat_p95_ms=18.2 lat_p99_ms=30.0 status=ok
05:53:23 RUN n=1035/6120 pass=16 test=mixed ra=8192 mbps=514.9 secs=19.4 minsec_mbps=221 slow_secs=15 inflight=35.9 lat_ms=17.6 fio_mib=9542 disk_mib=9572 disk_ratio=1.00 other_writes_mib=34.5 streams_min_mbps=- iops=33.3 lat_p50_ms=18.0 lat_p95_ms=94.9 lat_p99_ms=160.4 status=NOISY:writes
05:53:41 RUN n=1036/6120 pass=16 test=mixed ra=90112 mbps=724.6 secs=13.8 minsec_mbps=471 slow_secs=2 inflight=220.7 lat_ms=78.8 fio_mib=9542 disk_mib=9540 disk_ratio=1.00 other_writes_mib=7.0 streams_min_mbps=- iops=9.8 lat_p50_ms=92.8 lat_p95_ms=261.1 lat_p99_ms=367.0 status=ok
05:53:56 RUN n=1037/6120 pass=16 test=rand ra=81920 mbps=19.3 secs=12.0 minsec_mbps=- slow_secs=- inflight=3.8 lat_ms=13.4 fio_mib=221 disk_mib=242 disk_ratio=1.10 other_writes_mib=67.4 streams_min_mbps=- iops=294.5 lat_p50_ms=8.5 lat_p95_ms=22.2 lat_p99_ms=208.7 status=NOISY:writes
05:54:12 RUN n=1038/6120 pass=16 test=rand ra=98304 mbps=20.5 secs=12.0 minsec_mbps=- slow_secs=- inflight=3.8 lat_ms=12.7 fio_mib=235 disk_mib=259 disk_ratio=1.10 other_writes_mib=3.7 streams_min_mbps=- iops=312.6 lat_p50_ms=8.6 lat_p95_ms=27.1 lat_p99_ms=115.9 status=ok
05:54:41 RUN n=1039/6120 pass=16 test=conc ra=98304 mbps=534.0 secs=24.1 minsec_mbps=76 slow_secs=10 inflight=249.1 lat_ms=118.4 fio_mib=12288 disk_mib=12329 disk_ratio=1.00 other_writes_mib=11.0 streams_min_mbps=133.5 iops=- lat_p50_ms=- lat_p95_ms=- lat_p99_ms=- status=ok
05:54:59 RUN n=1040/6120 pass=16 test=seq ra=8192 mbps=763.0 secs=13.1 minsec_mbps=569 slow_secs=1 inflight=32.9 lat_ms=11.1 fio_mib=9542 disk_mib=9532 disk_ratio=1.00 other_writes_mib=3.9 streams_min_mbps=- iops=- lat_p50_ms=- lat_p95_ms=- lat_p99_ms=- status=ok
05:55:28 RUN n=1041/6120 pass=16 test=conc ra=122880 mbps=535.3 secs=24.1 minsec_mbps=119 slow_secs=10 inflight=252.2 lat_ms=116.8 fio_mib=12288 disk_mib=12509 disk_ratio=1.02 other_writes_mib=8.7 streams_min_mbps=133.8 iops=- lat_p50_ms=- lat_p95_ms=- lat_p99_ms=- status=ok
05:55:46 RUN n=1042/6120 pass=16 test=seq ra=122880 mbps=764.1 secs=13.1 minsec_mbps=556 slow_secs=2 inflight=217.5 lat_ms=73.8 fio_mib=9542 disk_mib=9532 disk_ratio=1.00 other_writes_mib=8.7 streams_min_mbps=- iops=- lat_p50_ms=- lat_p95_ms=- lat_p99_ms=- status=ok
05:56:01 RUN n=1043/6120 pass=16 test=rand ra=90112 mbps=18.1 secs=12.0 minsec_mbps=- slow_secs=- inflight=3.8 lat_ms=14.4 fio_mib=207 disk_mib=228 disk_ratio=1.10 other_writes_mib=49.9 streams_min_mbps=- iops=275.5 lat_p50_ms=8.7 lat_p95_ms=28.2 lat_p99_ms=125.3 status=NOISY:writes
05:56:32 RUN n=1044/6120 pass=16 test=conc ra=131072 mbps=506.3 secs=25.5 minsec_mbps=79 slow_secs=11 inflight=251.1 lat_ms=120.7 fio_mib=12288 disk_mib=12830 disk_ratio=1.04 other_writes_mib=8.5 streams_min_mbps=126.6 iops=- lat_p50_ms=- lat_p95_ms=- lat_p99_ms=- status=ok
05:56:57 RUN n=1045/6120 pass=16 test=conc ra=32768 mbps=647.8 secs=19.9 minsec_mbps=379 slow_secs=5 inflight=244.3 lat_ms=98.0 fio_mib=12288 disk_mib=12057 disk_ratio=0.98 other_writes_mib=6.4 streams_min_mbps=161.9 iops=- lat_p50_ms=- lat_p95_ms=- lat_p99_ms=- status=ok
05:57:21 RUN n=1046/6120 pass=16 test=conc ra=49152 mbps=667.9 secs=19.3 minsec_mbps=507 slow_secs=2 inflight=248.5 lat_ms=95.3 fio_mib=12288 disk_mib=12145 disk_ratio=0.99 other_writes_mib=6.3 streams_min_mbps=167.0 iops=- lat_p50_ms=- lat_p95_ms=- lat_p99_ms=- status=ok
05:57:39 RUN n=1047/6120 pass=16 test=mixed ra=81920 mbps=760.4 secs=13.2 minsec_mbps=565 slow_secs=1 inflight=219.0 lat_ms=75.8 fio_mib=9542 disk_mib=9540 disk_ratio=1.00 other_writes_mib=5.6 streams_min_mbps=- iops=10.2 lat_p50_ms=86.5 lat_p95_ms=238.0 lat_p99_ms=274.7 status=ok
05:57:57 RUN n=1048/6120 pass=16 test=seq ra=90112 mbps=717.9 secs=13.9 minsec_mbps=298 slow_secs=2 inflight=220.8 lat_ms=79.6 fio_mib=9542 disk_mib=9532 disk_ratio=1.00 other_writes_mib=34.3 streams_min_mbps=- iops=- lat_p50_ms=- lat_p95_ms=- lat_p99_ms=- status=NOISY:writes
05:58:16 RUN n=1049/6120 pass=16 test=mixed ra=57344 mbps=739.3 secs=13.5 minsec_mbps=521 slow_secs=1 inflight=205.8 lat_ms=72.5 fio_mib=9542 disk_mib=9541 disk_ratio=1.00 other_writes_mib=5.4 streams_min_mbps=- iops=10.4 lat_p50_ms=86.5 lat_p95_ms=212.9 lat_p99_ms=295.7 status=ok
05:58:33 RUN n=1050/6120 pass=16 test=seq ra=131072 mbps=770.8 secs=13.0 minsec_mbps=601 slow_secs=0 inflight=222.9 lat_ms=74.8 fio_mib=9542 disk_mib=9532 disk_ratio=1.00 other_writes_mib=3.2 streams_min_mbps=- iops=- lat_p50_ms=- lat_p95_ms=- lat_p99_ms=- status=ok
05:58:51 RUN n=1051/6120 pass=16 test=seq ra=106496 mbps=785.0 secs=12.7 minsec_mbps=504 slow_secs=1 inflight=223.3 lat_ms=74.7 fio_mib=9542 disk_mib=9532 disk_ratio=1.00 other_writes_mib=5.5 streams_min_mbps=- iops=- lat_p50_ms=- lat_p95_ms=- lat_p99_ms=- status=ok
05:59:17 RUN n=1052/6120 pass=16 test=conc ra=40960 mbps=603.8 secs=21.3 minsec_mbps=66 slow_secs=6 inflight=250.2 lat_ms=106.4 fio_mib=12288 disk_mib=12063 disk_ratio=0.98 other_writes_mib=4.1 streams_min_mbps=150.9 iops=- lat_p50_ms=- lat_p95_ms=- lat_p99_ms=- status=ok
05:59:37 RUN n=1053/6120 pass=16 test=mixed ra=24576 mbps=663.5 secs=15.1 minsec_mbps=520 slow_secs=2 inflight=103.4 lat_ms=39.9 fio_mib=9542 disk_mib=9549 disk_ratio=1.00 other_writes_mib=6.3 streams_min_mbps=- iops=18.5 lat_p50_ms=40.1 lat_p95_ms=156.2 lat_p99_ms=229.6 status=ok
06:00:04 RUN n=1054/6120 pass=16 test=conc ra=16384 mbps=575.3 secs=22.4 minsec_mbps=206 slow_secs=10 inflight=234.1 lat_ms=106.2 fio_mib=12288 disk_mib=11946 disk_ratio=0.97 other_writes_mib=34.8 streams_min_mbps=143.8 iops=- lat_p50_ms=- lat_p95_ms=- lat_p99_ms=- status=NOISY:writes
06:00:36 RUN n=1055/6120 pass=16 test=conc ra=114688 mbps=473.2 secs=27.2 minsec_mbps=56 slow_secs=11 inflight=251.3 lat_ms=131.4 fio_mib=12288 disk_mib=12558 disk_ratio=1.02 other_writes_mib=10.8 streams_min_mbps=118.3 iops=- lat_p50_ms=- lat_p95_ms=- lat_p99_ms=- status=ok
06:01:04 RUN n=1056/6120 pass=16 test=conc ra=106496 mbps=557.5 secs=23.1 minsec_mbps=99 slow_secs=8 inflight=251.2 lat_ms=111.7 fio_mib=12288 disk_mib=12493 disk_ratio=1.02 other_writes_mib=12.7 streams_min_mbps=139.4 iops=- lat_p50_ms=- lat_p95_ms=- lat_p99_ms=- status=ok
06:01:22 RUN n=1057/6120 pass=16 test=seq ra=16384 mbps=797.4 secs=12.5 minsec_mbps=671 slow_secs=0 inflight=64.0 lat_ms=21.0 fio_mib=9542 disk_mib=9532 disk_ratio=1.00 other_writes_mib=4.4 streams_min_mbps=- iops=- lat_p50_ms=- lat_p95_ms=- lat_p99_ms=- status=ok
06:01:54 RUN n=1058/6120 pass=16 test=conc ra=8192 mbps=476.5 secs=27.0 minsec_mbps=358 slow_secs=25 inflight=170.7 lat_ms=93.2 fio_mib=12288 disk_mib=11891 disk_ratio=0.97 other_writes_mib=12.0 streams_min_mbps=119.1 iops=- lat_p50_ms=- lat_p95_ms=- lat_p99_ms=- status=ok
06:02:11 RUN n=1059/6120 pass=16 test=mixed ra=106496 mbps=764.8 secs=13.1 minsec_mbps=637 slow_secs=0 inflight=220.4 lat_ms=74.4 fio_mib=9542 disk_mib=9541 disk_ratio=1.00 other_writes_mib=4.1 streams_min_mbps=- iops=11.2 lat_p50_ms=81.3 lat_p95_ms=212.9 lat_p99_ms=270.5 status=ok
06:02:29 RUN n=1060/6120 pass=16 test=mixed ra=40960 mbps=744.3 secs=13.4 minsec_mbps=594 slow_secs=1 inflight=163.2 lat_ms=56.8 fio_mib=9542 disk_mib=9544 disk_ratio=1.00 other_writes_mib=2.5 streams_min_mbps=- iops=14.2 lat_p50_ms=61.1 lat_p95_ms=179.3 lat_p99_ms=227.5 status=ok
06:02:45 RUN n=1061/6120 pass=16 test=rand ra=65536 mbps=27.2 secs=12.0 minsec_mbps=- slow_secs=- inflight=3.8 lat_ms=9.5 fio_mib=311 disk_mib=340 disk_ratio=1.09 other_writes_mib=6.3 streams_min_mbps=- iops=414.6 lat_p50_ms=8.5 lat_p95_ms=19.0 lat_p99_ms=33.8 status=ok
06:03:00 RUN n=1062/6120 pass=16 test=rand ra=32768 mbps=28.8 secs=12.0 minsec_mbps=- slow_secs=- inflight=3.8 lat_ms=9.0 fio_mib=330 disk_mib=362 disk_ratio=1.10 other_writes_mib=2.7 streams_min_mbps=- iops=439.2 lat_p50_ms=8.3 lat_p95_ms=17.4 lat_p99_ms=27.4 status=ok
06:03:18 RUN n=1063/6120 pass=16 test=seq ra=49152 mbps=779.5 secs=12.8 minsec_mbps=607 slow_secs=0 inflight=186.9 lat_ms=62.1 fio_mib=9542 disk_mib=9532 disk_ratio=1.00 other_writes_mib=3.2 streams_min_mbps=- iops=- lat_p50_ms=- lat_p95_ms=- lat_p99_ms=- status=ok
06:03:33 RUN n=1064/6120 pass=16 test=rand ra=122880 mbps=28.0 secs=12.0 minsec_mbps=- slow_secs=- inflight=3.8 lat_ms=9.3 fio_mib=321 disk_mib=350 disk_ratio=1.09 other_writes_mib=5.2 streams_min_mbps=- iops=427.7 lat_p50_ms=8.4 lat_p95_ms=18.0 lat_p99_ms=29.8 status=ok
06:03:52 RUN n=1065/6120 pass=16 test=mixed ra=49152 mbps=733.2 secs=13.6 minsec_mbps=478 slow_secs=1 inflight=184.5 lat_ms=65.8 fio_mib=9542 disk_mib=9543 disk_ratio=1.00 other_writes_mib=7.7 streams_min_mbps=- iops=13.1 lat_p50_ms=68.7 lat_p95_ms=191.9 lat_p99_ms=248.5 status=ok
06:04:27 RUN n=1066/6120 pass=16 test=conc ra=65536 mbps=422.1 secs=30.5 minsec_mbps=62 slow_secs=15 inflight=252.0 lat_ms=152.0 fio_mib=12288 disk_mib=12151 disk_ratio=0.99 other_writes_mib=25.4 streams_min_mbps=105.5 iops=- lat_p50_ms=- lat_p95_ms=- lat_p99_ms=- status=NOISY:writes
06:04:43 RUN n=1067/6120 pass=16 test=rand ra=114688 mbps=28.7 secs=12.0 minsec_mbps=- slow_secs=- inflight=3.8 lat_ms=9.0 fio_mib=329 disk_mib=360 disk_ratio=1.09 other_writes_mib=4.6 streams_min_mbps=- iops=437.9 lat_p50_ms=8.4 lat_p95_ms=18.0 lat_p99_ms=26.6 status=ok
06:05:07 RUN n=1068/6120 pass=16 test=conc ra=24576 mbps=657.7 secs=19.6 minsec_mbps=572 slow_secs=2 inflight=244.1 lat_ms=95.8 fio_mib=12288 disk_mib=11994 disk_ratio=0.98 other_writes_mib=8.4 streams_min_mbps=164.4 iops=- lat_p50_ms=- lat_p95_ms=- lat_p99_ms=- status=ok
06:05:25 RUN n=1069/6120 pass=16 test=seq ra=65536 mbps=787.7 secs=12.7 minsec_mbps=531 slow_secs=1 inflight=205.7 lat_ms=68.3 fio_mib=9542 disk_mib=9532 disk_ratio=1.00 other_writes_mib=4.5 streams_min_mbps=- iops=- lat_p50_ms=- lat_p95_ms=- lat_p99_ms=- status=ok
06:05:44 RUN n=1070/6120 pass=16 test=mixed ra=32768 mbps=692.4 secs=14.5 minsec_mbps=423 slow_secs=1 inflight=133.0 lat_ms=49.5 fio_mib=9542 disk_mib=9545 disk_ratio=1.00 other_writes_mib=13.9 streams_min_mbps=- iops=14.5 lat_p50_ms=53.7 lat_p95_ms=185.6 lat_p99_ms=274.7 status=ok
06:06:10 RUN n=1071/6120 pass=16 test=conc ra=57344 mbps=601.6 secs=21.4 minsec_mbps=76 slow_secs=6 inflight=248.0 lat_ms=106.1 fio_mib=12288 disk_mib=12146 disk_ratio=0.99 other_writes_mib=33.0 streams_min_mbps=150.4 iops=- lat_p50_ms=- lat_p95_ms=- lat_p99_ms=- status=NOISY:writes
06:06:34 RUN n=1072/6120 pass=16 test=conc ra=73728 mbps=688.6 secs=18.7 minsec_mbps=585 slow_secs=1 inflight=250.1 lat_ms=92.9 fio_mib=12288 disk_mib=12233 disk_ratio=1.00 other_writes_mib=4.2 streams_min_mbps=172.1 iops=- lat_p50_ms=- lat_p95_ms=- lat_p99_ms=- status=ok
06:06:49 RUN n=1073/6120 pass=16 test=rand ra=131072 mbps=26.7 secs=12.0 minsec_mbps=- slow_secs=- inflight=3.8 lat_ms=9.7 fio_mib=306 disk_mib=334 disk_ratio=1.09 other_writes_mib=5.9 streams_min_mbps=- iops=407.7 lat_p50_ms=8.5 lat_p95_ms=19.3 lat_p99_ms=34.9 status=ok
06:07:18 RUN n=1074/6120 pass=16 test=mixed ra=4096 mbps=421.4 secs=23.7 minsec_mbps=349 slow_secs=22 inflight=19.0 lat_ms=11.2 fio_mib=9542 disk_mib=9604 disk_ratio=1.01 other_writes_mib=6.1 streams_min_mbps=- iops=48.5 lat_p50_ms=13.3 lat_p95_ms=55.3 lat_p99_ms=83.4 status=ok
06:07:35 RUN n=1075/6120 pass=16 test=seq ra=24576 mbps=791.5 secs=12.6 minsec_mbps=622 slow_secs=0 inflight=96.8 lat_ms=32.2 fio_mib=9542 disk_mib=9532 disk_ratio=1.00 other_writes_mib=7.4 streams_min_mbps=- iops=- lat_p50_ms=- lat_p95_ms=- lat_p99_ms=- status=ok
06:07:53 RUN n=1076/6120 pass=16 test=seq ra=81920 mbps=773.9 secs=12.9 minsec_mbps=626 slow_secs=0 inflight=217.2 lat_ms=72.7 fio_mib=9542 disk_mib=9532 disk_ratio=1.00 other_writes_mib=5.5 streams_min_mbps=- iops=- lat_p50_ms=- lat_p95_ms=- lat_p99_ms=- status=ok
06:08:31 RUN n=1077/6120 pass=16 test=conc ra=4096 mbps=387.7 secs=33.2 minsec_mbps=60 slow_secs=31 inflight=92.6 lat_ms=62.0 fio_mib=12288 disk_mib=11867 disk_ratio=0.97 other_writes_mib=40.1 streams_min_mbps=96.9 iops=- lat_p50_ms=- lat_p95_ms=- lat_p99_ms=- status=NOISY:writes
06:08:56 RUN n=1078/6120 pass=16 test=conc ra=90112 mbps=648.8 secs=19.9 minsec_mbps=466 slow_secs=2 inflight=250.8 lat_ms=97.2 fio_mib=12288 disk_mib=12317 disk_ratio=1.00 other_writes_mib=19.6 streams_min_mbps=162.2 iops=- lat_p50_ms=- lat_p95_ms=- lat_p99_ms=- status=ok
06:09:11 RUN n=1079/6120 pass=16 test=rand ra=4096 mbps=25.8 secs=12.0 minsec_mbps=- slow_secs=- inflight=3.8 lat_ms=10.1 fio_mib=296 disk_mib=323 disk_ratio=1.09 other_writes_mib=6.7 streams_min_mbps=- iops=394.1 lat_p50_ms=8.6 lat_p95_ms=19.3 lat_p99_ms=49.5 status=ok
06:09:29 RUN n=1080/6120 pass=16 test=seq ra=57344 mbps=771.9 secs=13.0 minsec_mbps=546 slow_secs=1 inflight=197.6 lat_ms=67.2 fio_mib=9542 disk_mib=9532 disk_ratio=1.00 other_writes_mib=3.4 streams_min_mbps=- iops=- lat_p50_ms=- lat_p95_ms=- lat_p99_ms=- status=ok
06:09:46 RUN n=1081/6120 pass=16 test=mixed ra=98304 mbps=773.0 secs=12.9 minsec_mbps=617 slow_secs=0 inflight=221.5 lat_ms=75.3 fio_mib=9542 disk_mib=9541 disk_ratio=1.00 other_writes_mib=6.0 streams_min_mbps=- iops=11.2 lat_p50_ms=81.3 lat_p95_ms=235.9 lat_p99_ms=320.9 status=ok
06:10:02 RUN n=1082/6120 pass=16 test=rand ra=40960 mbps=25.1 secs=12.4 minsec_mbps=- slow_secs=- inflight=3.8 lat_ms=10.3 fio_mib=296 disk_mib=325 disk_ratio=1.10 other_writes_mib=52.6 streams_min_mbps=- iops=383.1 lat_p50_ms=8.5 lat_p95_ms=19.3 lat_p99_ms=61.6 status=NOISY:writes
06:10:20 RUN n=1083/6120 pass=16 test=mixed ra=122880 mbps=752.4 secs=13.3 minsec_mbps=580 slow_secs=1 inflight=223.1 lat_ms=77.8 fio_mib=9542 disk_mib=9540 disk_ratio=1.00 other_writes_mib=4.8 streams_min_mbps=- iops=10.4 lat_p50_ms=92.8 lat_p95_ms=212.9 lat_p99_ms=295.7 status=ok
06:10:35 RUN n=1084/6120 pass=16 test=rand ra=106496 mbps=26.0 secs=12.0 minsec_mbps=- slow_secs=- inflight=3.8 lat_ms=10.0 fio_mib=298 disk_mib=326 disk_ratio=1.09 other_writes_mib=2.8 streams_min_mbps=- iops=397.0 lat_p50_ms=8.3 lat_p95_ms=18.2 lat_p99_ms=70.8 status=ok
06:10:51 RUN n=1085/6120 pass=16 test=rand ra=8192 mbps=26.1 secs=12.0 minsec_mbps=- slow_secs=- inflight=3.8 lat_ms=9.9 fio_mib=299 disk_mib=329 disk_ratio=1.10 other_writes_mib=5.8 streams_min_mbps=- iops=397.8 lat_p50_ms=8.5 lat_p95_ms=19.5 lat_p99_ms=45.4 status=ok
06:11:09 RUN n=1086/6120 pass=16 test=mixed ra=65536 mbps=755.0 secs=13.3 minsec_mbps=614 slow_secs=0 inflight=214.6 lat_ms=74.9 fio_mib=9542 disk_mib=9541 disk_ratio=1.00 other_writes_mib=5.8 streams_min_mbps=- iops=11.2 lat_p50_ms=82.3 lat_p95_ms=225.4 lat_p99_ms=295.7 status=ok
06:11:26 RUN n=1087/6120 pass=16 test=mixed ra=114688 mbps=766.5 secs=13.1 minsec_mbps=593 slow_secs=1 inflight=221.5 lat_ms=75.8 fio_mib=9542 disk_mib=9541 disk_ratio=1.00 other_writes_mib=3.7 streams_min_mbps=- iops=11.2 lat_p50_ms=85.5 lat_p95_ms=225.4 lat_p99_ms=267.4 status=ok
06:11:54 RUN n=1088/6120 pass=16 test=conc ra=81920 mbps=586.2 secs=22.0 minsec_mbps=98 slow_secs=6 inflight=248.8 lat_ms=108.2 fio_mib=12288 disk_mib=12219 disk_ratio=0.99 other_writes_mib=8.9 streams_min_mbps=146.6 iops=- lat_p50_ms=- lat_p95_ms=- lat_p99_ms=- status=ok
06:12:11 RUN n=1089/6120 pass=17 test=rand ra=73728 mbps=22.1 secs=12.0 minsec_mbps=- slow_secs=- inflight=3.8 lat_ms=11.7 fio_mib=254 disk_mib=277 disk_ratio=1.09 other_writes_mib=34.6 streams_min_mbps=- iops=337.9 lat_p50_ms=8.5 lat_p95_ms=21.9 lat_p99_ms=112.7 status=NOISY:writes
06:12:26 RUN n=1090/6120 pass=17 test=rand ra=16384 mbps=29.2 secs=12.0 minsec_mbps=- slow_secs=- inflight=3.8 lat_ms=8.8 fio_mib=334 disk_mib=368 disk_ratio=1.10 other_writes_mib=2.4 streams_min_mbps=- iops=445.5 lat_p50_ms=8.3 lat_p95_ms=17.7 lat_p99_ms=26.9 status=ok
06:12:42 RUN n=1091/6120 pass=17 test=rand ra=90112 mbps=29.1 secs=12.0 minsec_mbps=- slow_secs=- inflight=3.8 lat_ms=8.9 fio_mib=334 disk_mib=362 disk_ratio=1.09 other_writes_mib=2.9 streams_min_mbps=- iops=444.3 lat_p50_ms=8.2 lat_p95_ms=17.7 lat_p99_ms=26.3 status=ok
06:12:57 RUN n=1092/6120 pass=17 test=rand ra=32768 mbps=27.5 secs=12.0 minsec_mbps=- slow_secs=- inflight=3.8 lat_ms=9.4 fio_mib=315 disk_mib=344 disk_ratio=1.09 other_writes_mib=2.4 streams_min_mbps=- iops=420.0 lat_p50_ms=8.3 lat_p95_ms=18.2 lat_p99_ms=36.4 status=ok
06:13:22 RUN n=1093/6120 pass=17 test=conc ra=24576 mbps=654.9 secs=19.7 minsec_mbps=518 slow_secs=5 inflight=242.2 lat_ms=96.5 fio_mib=12288 disk_mib=11994 disk_ratio=0.98 other_writes_mib=6.3 streams_min_mbps=163.7 iops=- lat_p50_ms=- lat_p95_ms=- lat_p99_ms=- status=ok
06:13:40 RUN n=1094/6120 pass=17 test=mixed ra=49152 mbps=757.9 secs=13.2 minsec_mbps=589 slow_secs=1 inflight=189.1 lat_ms=65.0 fio_mib=9542 disk_mib=9542 disk_ratio=1.00 other_writes_mib=4.1 streams_min_mbps=- iops=11.8 lat_p50_ms=78.1 lat_p95_ms=185.6 lat_p99_ms=212.9 status=ok
06:13:56 RUN n=1095/6120 pass=17 test=rand ra=106496 mbps=27.3 secs=12.1 minsec_mbps=- slow_secs=- inflight=3.8 lat_ms=9.4 fio_mib=315 disk_mib=345 disk_ratio=1.09 other_writes_mib=4.8 streams_min_mbps=- iops=416.1 lat_p50_ms=8.3 lat_p95_ms=18.0 lat_p99_ms=33.4 status=ok
06:14:16 RUN n=1096/6120 pass=17 test=mixed ra=16384 mbps=636.9 secs=15.7 minsec_mbps=324 slow_secs=4 inflight=69.6 lat_ms=28.3 fio_mib=9542 disk_mib=9555 disk_ratio=1.00 other_writes_mib=24.8 streams_min_mbps=- iops=23.5 lat_p50_ms=29.0 lat_p95_ms=125.3 lat_p99_ms=168.8 status=NOISY:writes
06:14:33 RUN n=1097/6120 pass=17 test=seq ra=57344 mbps=781.2 secs=12.8 minsec_mbps=504 slow_secs=1 inflight=202.7 lat_ms=67.3 fio_mib=9542 disk_mib=9532 disk_ratio=1.00 other_writes_mib=4.9 streams_min_mbps=- iops=- lat_p50_ms=- lat_p95_ms=- lat_p99_ms=- status=ok
06:14:52 RUN n=1098/6120 pass=17 test=mixed ra=32768 mbps=722.6 secs=13.8 minsec_mbps=664 slow_secs=0 inflight=134.0 lat_ms=48.2 fio_mib=9542 disk_mib=9545 disk_ratio=1.00 other_writes_mib=2.8 streams_min_mbps=- iops=15.6 lat_p50_ms=58.5 lat_p95_ms=170.9 lat_p99_ms=233.8 status=ok
06:15:16 RUN n=1099/6120 pass=17 test=conc ra=65536 mbps=665.6 secs=19.4 minsec_mbps=557 slow_secs=3 inflight=249.2 lat_ms=95.8 fio_mib=12288 disk_mib=12120 disk_ratio=0.99 other_writes_mib=7.3 streams_min_mbps=166.4 iops=- lat_p50_ms=- lat_p95_ms=- lat_p99_ms=- status=ok
06:15:32 RUN n=1100/6120 pass=17 test=rand ra=8192 mbps=26.7 secs=12.0 minsec_mbps=- slow_secs=- inflight=3.8 lat_ms=9.7 fio_mib=306 disk_mib=334 disk_ratio=1.09 other_writes_mib=8.2 streams_min_mbps=- iops=407.8 lat_p50_ms=8.3 lat_p95_ms=18.2 lat_p99_ms=44.8 status=ok
06:15:54 RUN n=1101/6120 pass=17 test=mixed ra=8192 mbps=560.1 secs=17.9 minsec_mbps=446 slow_secs=11 inflight=35.5 lat_ms=16.1 fio_mib=9542 disk_mib=9571 disk_ratio=1.00 other_writes_mib=6.0 streams_min_mbps=- iops=34.9 lat_p50_ms=18.7 lat_p95_ms=86.5 lat_p99_ms=141.6 status=ok
06:16:13 RUN n=1102/6120 pass=17 test=mixed ra=65536 mbps=691.4 secs=14.5 minsec_mbps=261 slow_secs=3 inflight=215.5 lat_ms=81.0 fio_mib=9542 disk_mib=9541 disk_ratio=1.00 other_writes_mib=30.9 streams_min_mbps=- iops=9.8 lat_p50_ms=94.9 lat_p95_ms=225.4 lat_p99_ms=304.1 status=NOISY:writes
06:16:38 RUN n=1103/6120 pass=17 test=conc ra=114688 mbps=661.3 secs=19.5 minsec_mbps=580 slow_secs=1 inflight=250.5 lat_ms=93.9 fio_mib=12288 disk_mib=12532 disk_ratio=1.02 other_writes_mib=7.3 streams_min_mbps=165.3 iops=- lat_p50_ms=- lat_p95_ms=- lat_p99_ms=- status=ok
06:17:06 RUN n=1104/6120 pass=17 test=mixed ra=4096 mbps=432.5 secs=23.1 minsec_mbps=316 slow_secs=21 inflight=18.9 lat_ms=10.9 fio_mib=9542 disk_mib=9600 disk_ratio=1.01 other_writes_mib=5.0 streams_min_mbps=- iops=46.8 lat_p50_ms=14.4 lat_p95_ms=53.7 lat_p99_ms=94.9 status=ok
06:17:23 RUN n=1105/6120 pass=17 test=seq ra=8192 mbps=786.5 secs=12.7 minsec_mbps=628 slow_secs=0 inflight=31.5 lat_ms=10.6 fio_mib=9542 disk_mib=9532 disk_ratio=1.00 other_writes_mib=6.5 streams_min_mbps=- iops=- lat_p50_ms=- lat_p95_ms=- lat_p99_ms=- status=ok
06:17:39 RUN n=1106/6120 pass=17 test=rand ra=4096 mbps=28.3 secs=12.0 minsec_mbps=- slow_secs=- inflight=3.8 lat_ms=9.1 fio_mib=324 disk_mib=356 disk_ratio=1.10 other_writes_mib=4.2 streams_min_mbps=- iops=431.5 lat_p50_ms=8.3 lat_p95_ms=18.0 lat_p99_ms=27.1 status=ok
06:18:07 RUN n=1107/6120 pass=17 test=conc ra=131072 mbps=540.7 secs=23.8 minsec_mbps=58 slow_secs=8 inflight=250.8 lat_ms=112.6 fio_mib=12288 disk_mib=12798 disk_ratio=1.04 other_writes_mib=23.4 streams_min_mbps=135.2 iops=- lat_p50_ms=- lat_p95_ms=- lat_p99_ms=- status=NOISY:writes
06:18:23 RUN n=1108/6120 pass=17 test=rand ra=65536 mbps=29.9 secs=12.0 minsec_mbps=- slow_secs=- inflight=3.8 lat_ms=8.6 fio_mib=343 disk_mib=378 disk_ratio=1.10 other_writes_mib=2.7 streams_min_mbps=- iops=456.7 lat_p50_ms=8.2 lat_p95_ms=17.4 lat_p99_ms=24.2 status=ok
06:18:40 RUN n=1109/6120 pass=17 test=seq ra=98304 mbps=824.0 secs=12.1 minsec_mbps=624 slow_secs=0 inflight=218.7 lat_ms=70.9 fio_mib=9542 disk_mib=9532 disk_ratio=1.00 other_writes_mib=5.4 streams_min_mbps=- iops=- lat_p50_ms=- lat_p95_ms=- lat_p99_ms=- status=ok
06:18:55 RUN n=1110/6120 pass=17 test=rand ra=49152 mbps=28.5 secs=12.0 minsec_mbps=- slow_secs=- inflight=3.8 lat_ms=9.1 fio_mib=326 disk_mib=358 disk_ratio=1.10 other_writes_mib=3.1 streams_min_mbps=- iops=434.7 lat_p50_ms=8.4 lat_p95_ms=17.7 lat_p99_ms=28.7 status=ok
06:19:12 RUN n=1111/6120 pass=17 test=seq ra=73728 mbps=802.9 secs=12.5 minsec_mbps=632 slow_secs=0 inflight=222.7 lat_ms=73.1 fio_mib=9542 disk_mib=9532 disk_ratio=1.00 other_writes_mib=4.3 streams_min_mbps=- iops=- lat_p50_ms=- lat_p95_ms=- lat_p99_ms=- status=ok
06:19:30 RUN n=1112/6120 pass=17 test=seq ra=40960 mbps=782.8 secs=12.8 minsec_mbps=669 slow_secs=0 inflight=150.2 lat_ms=50.8 fio_mib=9542 disk_mib=9532 disk_ratio=1.00 other_writes_mib=5.4 streams_min_mbps=- iops=- lat_p50_ms=- lat_p95_ms=- lat_p99_ms=- status=ok
06:19:45 RUN n=1113/6120 pass=17 test=rand ra=114688 mbps=29.4 secs=12.0 minsec_mbps=- slow_secs=- inflight=3.8 lat_ms=8.8 fio_mib=337 disk_mib=368 disk_ratio=1.09 other_writes_mib=3.9 streams_min_mbps=- iops=448.7 lat_p50_ms=8.3 lat_p95_ms=17.4 lat_p99_ms=25.0 status=ok
06:20:03 RUN n=1114/6120 pass=17 test=mixed ra=106496 mbps=787.4 secs=12.7 minsec_mbps=667 slow_secs=0 inflight=219.5 lat_ms=74.1 fio_mib=9542 disk_mib=9540 disk_ratio=1.00 other_writes_mib=10.2 streams_min_mbps=- iops=10.2 lat_p50_ms=100.1 lat_p95_ms=229.6 lat_p99_ms=320.9 status=ok
06:20:28 RUN n=1115/6120 pass=17 test=conc ra=40960 mbps=651.9 secs=19.8 minsec_mbps=459 slow_secs=3 inflight=247.2 lat_ms=97.8 fio_mib=12288 disk_mib=12063 disk_ratio=0.98 other_writes_mib=27.1 streams_min_mbps=163.0 iops=- lat_p50_ms=- lat_p95_ms=- lat_p99_ms=- status=NOISY:writes
06:20:43 RUN n=1116/6120 pass=17 test=rand ra=40960 mbps=28.3 secs=12.0 minsec_mbps=- slow_secs=- inflight=3.8 lat_ms=9.1 fio_mib=325 disk_mib=356 disk_ratio=1.10 other_writes_mib=8.1 streams_min_mbps=- iops=432.4 lat_p50_ms=8.4 lat_p95_ms=17.7 lat_p99_ms=29.2 status=ok
06:21:00 RUN n=1117/6120 pass=17 test=seq ra=81920 mbps=801.9 secs=12.5 minsec_mbps=593 slow_secs=1 inflight=216.5 lat_ms=69.5 fio_mib=9542 disk_mib=9532 disk_ratio=1.00 other_writes_mib=3.9 streams_min_mbps=- iops=- lat_p50_ms=- lat_p95_ms=- lat_p99_ms=- status=ok
06:21:37 RUN n=1118/6120 pass=17 test=conc ra=4096 mbps=405.7 secs=31.8 minsec_mbps=321 slow_secs=30 inflight=92.3 lat_ms=59.4 fio_mib=12288 disk_mib=11867 disk_ratio=0.97 other_writes_mib=13.3 streams_min_mbps=101.4 iops=- lat_p50_ms=- lat_p95_ms=- lat_p99_ms=- status=ok
06:21:52 RUN n=1119/6120 pass=17 test=rand ra=24576 mbps=29.6 secs=12.1 minsec_mbps=- slow_secs=- inflight=3.8 lat_ms=8.8 fio_mib=340 disk_mib=372 disk_ratio=1.09 other_writes_mib=4.7 streams_min_mbps=- iops=451.1 lat_p50_ms=8.3 lat_p95_ms=17.4 lat_p99_ms=25.0 status=ok
06:22:09 RUN n=1120/6120 pass=17 test=seq ra=49152 mbps=803.5 secs=12.5 minsec_mbps=559 slow_secs=1 inflight=186.7 lat_ms=61.0 fio_mib=9542 disk_mib=9532 disk_ratio=1.00 other_writes_mib=20.8 streams_min_mbps=- iops=- lat_p50_ms=- lat_p95_ms=- lat_p99_ms=- status=NOISY:writes
06:22:26 RUN n=1121/6120 pass=17 test=seq ra=90112 mbps=825.1 secs=12.1 minsec_mbps=618 slow_secs=0 inflight=220.8 lat_ms=68.9 fio_mib=9542 disk_mib=9532 disk_ratio=1.00 other_writes_mib=2.2 streams_min_mbps=- iops=- lat_p50_ms=- lat_p95_ms=- lat_p99_ms=- status=ok
06:22:43 RUN n=1122/6120 pass=17 test=seq ra=4096 mbps=800.5 secs=12.5 minsec_mbps=651 slow_secs=0 inflight=16.9 lat_ms=5.5 fio_mib=9542 disk_mib=9532 disk_ratio=1.00 other_writes_mib=2.8 streams_min_mbps=- iops=- lat_p50_ms=- lat_p95_ms=- lat_p99_ms=- status=ok
06:23:01 RUN n=1123/6120 pass=17 test=mixed ra=114688 mbps=784.1 secs=12.8 minsec_mbps=623 slow_secs=0 inflight=215.5 lat_ms=71.0 fio_mib=9542 disk_mib=9542 disk_ratio=1.00 other_writes_mib=2.7 streams_min_mbps=- iops=12.4 lat_p50_ms=68.7 lat_p95_ms=200.3 lat_p99_ms=242.2 status=ok
06:23:18 RUN n=1124/6120 pass=17 test=mixed ra=81920 mbps=780.0 secs=12.8 minsec_mbps=642 slow_secs=0 inflight=215.4 lat_ms=72.3 fio_mib=9542 disk_mib=9540 disk_ratio=1.00 other_writes_mib=2.3 streams_min_mbps=- iops=10.2 lat_p50_ms=95.9 lat_p95_ms=210.8 lat_p99_ms=261.1 status=ok
06:23:36 RUN n=1125/6120 pass=17 test=mixed ra=73728 mbps=774.8 secs=12.9 minsec_mbps=599 slow_secs=1 inflight=215.6 lat_ms=71.6 fio_mib=9542 disk_mib=9540 disk_ratio=1.00 other_writes_mib=3.8 streams_min_mbps=- iops=10.6 lat_p50_ms=83.4 lat_p95_ms=235.9 lat_p99_ms=329.3 status=ok
06:23:53 RUN n=1126/6120 pass=17 test=seq ra=106496 mbps=813.1 secs=12.3 minsec_mbps=680 slow_secs=0 inflight=220.6 lat_ms=71.4 fio_mib=9542 disk_mib=9532 disk_ratio=1.00 other_writes_mib=4.0 streams_min_mbps=- iops=- lat_p50_ms=- lat_p95_ms=- lat_p99_ms=- status=ok
06:24:08 RUN n=1127/6120 pass=17 test=rand ra=57344 mbps=29.6 secs=12.0 minsec_mbps=- slow_secs=- inflight=3.8 lat_ms=8.7 fio_mib=339 disk_mib=371 disk_ratio=1.09 other_writes_mib=3.9 streams_min_mbps=- iops=451.8 lat_p50_ms=8.3 lat_p95_ms=17.4 lat_p99_ms=24.2 status=ok
06:24:25 RUN n=1128/6120 pass=17 test=seq ra=16384 mbps=820.1 secs=12.2 minsec_mbps=638 slow_secs=0 inflight=63.9 lat_ms=20.3 fio_mib=9542 disk_mib=9532 disk_ratio=1.00 other_writes_mib=2.9 streams_min_mbps=- iops=- lat_p50_ms=- lat_p95_ms=- lat_p99_ms=- status=ok
06:24:54 RUN n=1129/6120 pass=17 test=conc ra=49152 mbps=544.2 secs=23.7 minsec_mbps=83 slow_secs=8 inflight=248.5 lat_ms=117.0 fio_mib=12288 disk_mib=12145 disk_ratio=0.99 other_writes_mib=23.2 streams_min_mbps=136.1 iops=- lat_p50_ms=- lat_p95_ms=- lat_p99_ms=- status=NOISY:writes
06:25:22 RUN n=1130/6120 pass=17 test=conc ra=98304 mbps=568.8 secs=22.7 minsec_mbps=98 slow_secs=7 inflight=249.6 lat_ms=111.6 fio_mib=12288 disk_mib=12329 disk_ratio=1.00 other_writes_mib=12.4 streams_min_mbps=142.2 iops=- lat_p50_ms=- lat_p95_ms=- lat_p99_ms=- status=ok
06:25:47 RUN n=1131/6120 pass=17 test=conc ra=16384 mbps=621.1 secs=20.7 minsec_mbps=481 slow_secs=7 inflight=234.2 lat_ms=98.4 fio_mib=12288 disk_mib=11946 disk_ratio=0.97 other_writes_mib=8.4 streams_min_mbps=155.3 iops=- lat_p50_ms=- lat_p95_ms=- lat_p99_ms=- status=ok
06:26:12 RUN n=1132/6120 pass=17 test=conc ra=81920 mbps=650.6 secs=19.8 minsec_mbps=472 slow_secs=5 inflight=249.8 lat_ms=98.3 fio_mib=12288 disk_mib=12193 disk_ratio=0.99 other_writes_mib=37.7 streams_min_mbps=162.7 iops=- lat_p50_ms=- lat_p95_ms=- lat_p99_ms=- status=NOISY:writes
06:26:28 RUN n=1133/6120 pass=17 test=rand ra=131072 mbps=28.7 secs=12.0 minsec_mbps=- slow_secs=- inflight=3.8 lat_ms=9.0 fio_mib=329 disk_mib=360 disk_ratio=1.09 other_writes_mib=2.3 streams_min_mbps=- iops=437.8 lat_p50_ms=8.3 lat_p95_ms=17.7 lat_p99_ms=26.6 status=ok
06:26:46 RUN n=1134/6120 pass=17 test=mixed ra=24576 mbps=704.9 secs=14.2 minsec_mbps=517 slow_secs=2 inflight=97.6 lat_ms=36.4 fio_mib=9542 disk_mib=9547 disk_ratio=1.00 other_writes_mib=5.8 streams_min_mbps=- iops=17.4 lat_p50_ms=43.3 lat_p95_ms=158.3 lat_p99_ms=225.4 status=ok
06:27:02 RUN n=1135/6120 pass=17 test=rand ra=81920 mbps=29.0 secs=12.0 minsec_mbps=- slow_secs=- inflight=3.8 lat_ms=8.9 fio_mib=332 disk_mib=364 disk_ratio=1.09 other_writes_mib=2.4 streams_min_mbps=- iops=442.8 lat_p50_ms=8.3 lat_p95_ms=17.7 lat_p99_ms=26.1 status=ok
06:27:19 RUN n=1136/6120 pass=17 test=seq ra=32768 mbps=819.6 secs=12.2 minsec_mbps=633 slow_secs=0 inflight=123.0 lat_ms=39.7 fio_mib=9542 disk_mib=9532 disk_ratio=1.00 other_writes_mib=2.8 streams_min_mbps=- iops=- lat_p50_ms=- lat_p95_ms=- lat_p99_ms=- status=ok
06:27:36 RUN n=1137/6120 pass=17 test=seq ra=131072 mbps=823.6 secs=12.1 minsec_mbps=673 slow_secs=0 inflight=220.6 lat_ms=71.7 fio_mib=9542 disk_mib=9532 disk_ratio=1.00 other_writes_mib=4.4 streams_min_mbps=- iops=- lat_p50_ms=- lat_p95_ms=- lat_p99_ms=- status=ok
06:28:08 RUN n=1138/6120 pass=17 test=conc ra=8192 mbps=482.0 secs=26.7 minsec_mbps=399 slow_secs=25 inflight=147.5 lat_ms=79.1 fio_mib=12288 disk_mib=11891 disk_ratio=0.97 other_writes_mib=8.5 streams_min_mbps=120.5 iops=- lat_p50_ms=- lat_p95_ms=- lat_p99_ms=- status=ok
06:28:25 RUN n=1139/6120 pass=17 test=mixed ra=122880 mbps=780.2 secs=12.8 minsec_mbps=497 slow_secs=1 inflight=226.0 lat_ms=75.7 fio_mib=9542 disk_mib=9540 disk_ratio=1.00 other_writes_mib=16.6 streams_min_mbps=- iops=9.6 lat_p50_ms=95.9 lat_p95_ms=227.5 lat_p99_ms=259.0 status=ok
06:28:50 RUN n=1140/6120 pass=17 test=conc ra=122880 mbps=637.9 secs=20.2 minsec_mbps=438 slow_secs=2 inflight=250.3 lat_ms=98.1 fio_mib=12288 disk_mib=12513 disk_ratio=1.02 other_writes_mib=6.2 streams_min_mbps=159.5 iops=- lat_p50_ms=- lat_p95_ms=- lat_p99_ms=- status=ok
06:29:06 RUN n=1141/6120 pass=17 test=rand ra=122880 mbps=28.8 secs=12.0 minsec_mbps=- slow_secs=- inflight=3.8 lat_ms=9.0 fio_mib=330 disk_mib=361 disk_ratio=1.10 other_writes_mib=2.4 streams_min_mbps=- iops=439.0 lat_p50_ms=8.4 lat_p95_ms=17.7 lat_p99_ms=26.6 status=ok
06:29:33 RUN n=1142/6120 pass=17 test=conc ra=32768 mbps=594.3 secs=21.7 minsec_mbps=84 slow_secs=6 inflight=248.0 lat_ms=107.1 fio_mib=12288 disk_mib=12057 disk_ratio=0.98 other_writes_mib=7.9 streams_min_mbps=148.6 iops=- lat_p50_ms=- lat_p95_ms=- lat_p99_ms=- status=ok
06:29:50 RUN n=1143/6120 pass=17 test=seq ra=24576 mbps=786.0 secs=12.7 minsec_mbps=641 slow_secs=0 inflight=93.6 lat_ms=31.6 fio_mib=9542 disk_mib=9532 disk_ratio=1.00 other_writes_mib=4.9 streams_min_mbps=- iops=- lat_p50_ms=- lat_p95_ms=- lat_p99_ms=- status=ok
06:30:07 RUN n=1144/6120 pass=17 test=seq ra=114688 mbps=807.5 secs=12.4 minsec_mbps=584 slow_secs=1 inflight=215.0 lat_ms=70.9 fio_mib=9542 disk_mib=9532 disk_ratio=1.00 other_writes_mib=8.5 streams_min_mbps=- iops=- lat_p50_ms=- lat_p95_ms=- lat_p99_ms=- status=ok
06:30:24 RUN n=1145/6120 pass=17 test=mixed ra=57344 mbps=773.9 secs=12.9 minsec_mbps=602 slow_secs=0 inflight=205.3 lat_ms=69.5 fio_mib=9542 disk_mib=9541 disk_ratio=1.00 other_writes_mib=15.5 streams_min_mbps=- iops=11.4 lat_p50_ms=78.1 lat_p95_ms=200.3 lat_p99_ms=238.0 status=ok
06:30:42 RUN n=1146/6120 pass=17 test=mixed ra=90112 mbps=778.8 secs=12.8 minsec_mbps=558 slow_secs=1 inflight=219.3 lat_ms=73.4 fio_mib=9542 disk_mib=9540 disk_ratio=1.00 other_writes_mib=4.0 streams_min_mbps=- iops=10.7 lat_p50_ms=85.5 lat_p95_ms=215.0 lat_p99_ms=283.1 status=ok
06:30:59 RUN n=1147/6120 pass=17 test=mixed ra=98304 mbps=792.5 secs=12.6 minsec_mbps=620 slow_secs=0 inflight=217.9 lat_ms=73.3 fio_mib=9542 disk_mib=9540 disk_ratio=1.00 other_writes_mib=5.4 streams_min_mbps=- iops=10.2 lat_p50_ms=93.8 lat_p95_ms=223.3 lat_p99_ms=283.1 status=ok
06:31:17 RUN n=1148/6120 pass=17 test=mixed ra=40960 mbps=743.8 secs=13.5 minsec_mbps=643 slow_secs=0 inflight=157.3 lat_ms=54.9 fio_mib=9542 disk_mib=9544 disk_ratio=1.00 other_writes_mib=3.6 streams_min_mbps=- iops=15.0 lat_p50_ms=49.5 lat_p95_ms=177.2 lat_p99_ms=227.5 status=ok
06:31:41 RUN n=1149/6120 pass=17 test=conc ra=57344 mbps=687.0 secs=18.8 minsec_mbps=550 slow_secs=2 inflight=248.5 lat_ms=92.8 fio_mib=12288 disk_mib=12146 disk_ratio=0.99 other_writes_mib=6.8 streams_min_mbps=171.7 iops=- lat_p50_ms=- lat_p95_ms=- lat_p99_ms=- status=ok
06:31:57 RUN n=1150/6120 pass=17 test=rand ra=98304 mbps=29.7 secs=12.0 minsec_mbps=- slow_secs=- inflight=3.8 lat_ms=8.7 fio_mib=340 disk_mib=372 disk_ratio=1.09 other_writes_mib=5.7 streams_min_mbps=- iops=452.7 lat_p50_ms=8.2 lat_p95_ms=17.4 lat_p99_ms=25.3 status=ok
06:32:14 RUN n=1151/6120 pass=17 test=mixed ra=131072 mbps=793.6 secs=12.6 minsec_mbps=593 slow_secs=1 inflight=224.0 lat_ms=73.7 fio_mib=9542 disk_mib=9541 disk_ratio=1.00 other_writes_mib=4.0 streams_min_mbps=- iops=11.7 lat_p50_ms=82.3 lat_p95_ms=185.6 lat_p99_ms=278.9 status=ok
06:32:31 RUN n=1152/6120 pass=17 test=seq ra=122880 mbps=807.4 secs=12.4 minsec_mbps=533 slow_secs=1 inflight=216.9 lat_ms=70.7 fio_mib=9542 disk_mib=9532 disk_ratio=1.00 other_writes_mib=4.0 streams_min_mbps=- iops=- lat_p50_ms=- lat_p95_ms=- lat_p99_ms=- status=ok
06:32:55 RUN n=1153/6120 pass=17 test=conc ra=106496 mbps=663.6 secs=19.4 minsec_mbps=552 slow_secs=2 inflight=248.9 lat_ms=93.3 fio_mib=12288 disk_mib=12521 disk_ratio=1.02 other_writes_mib=3.9 streams_min_mbps=165.9 iops=- lat_p50_ms=- lat_p95_ms=- lat_p99_ms=- status=ok
06:33:20 RUN n=1154/6120 pass=17 test=conc ra=90112 mbps=651.1 secs=19.8 minsec_mbps=523 slow_secs=3 inflight=250.2 lat_ms=97.0 fio_mib=12288 disk_mib=12371 disk_ratio=1.01 other_writes_mib=6.3 streams_min_mbps=162.8 iops=- lat_p50_ms=- lat_p95_ms=- lat_p99_ms=- status=ok
06:33:45 RUN n=1155/6120 pass=17 test=conc ra=73728 mbps=650.4 secs=19.8 minsec_mbps=235 slow_secs=1 inflight=250.8 lat_ms=98.3 fio_mib=12288 disk_mib=12202 disk_ratio=0.99 other_writes_mib=6.7 streams_min_mbps=162.6 iops=- lat_p50_ms=- lat_p95_ms=- lat_p99_ms=- status=ok
06:34:02 RUN n=1156/6120 pass=17 test=seq ra=65536 mbps=795.7 secs=12.6 minsec_mbps=647 slow_secs=0 inflight=207.0 lat_ms=67.5 fio_mib=9542 disk_mib=9532 disk_ratio=1.00 other_writes_mib=4.3 streams_min_mbps=- iops=- lat_p50_ms=- lat_p95_ms=- lat_p99_ms=- status=ok
06:34:21 RUN n=1157/6120 pass=18 test=seq ra=65536 mbps=780.2 secs=12.8 minsec_mbps=619 slow_secs=0 inflight=215.6 lat_ms=72.2 fio_mib=9542 disk_mib=9532 disk_ratio=1.00 other_writes_mib=14.5 streams_min_mbps=- iops=- lat_p50_ms=- lat_p95_ms=- lat_p99_ms=- status=ok
06:34:37 RUN n=1158/6120 pass=18 test=rand ra=90112 mbps=29.7 secs=12.0 minsec_mbps=- slow_secs=- inflight=3.8 lat_ms=8.7 fio_mib=340 disk_mib=373 disk_ratio=1.10 other_writes_mib=2.4 streams_min_mbps=- iops=452.5 lat_p50_ms=8.3 lat_p95_ms=17.7 lat_p99_ms=25.0 status=ok
06:34:58 RUN n=1159/6120 pass=18 test=mixed ra=8192 mbps=590.3 secs=17.0 minsec_mbps=530 slow_secs=9 inflight=34.0 lat_ms=14.7 fio_mib=9542 disk_mib=9568 disk_ratio=1.00 other_writes_mib=5.4 streams_min_mbps=- iops=33.7 lat_p50_ms=18.0 lat_p95_ms=91.8 lat_p99_ms=158.3 status=ok
06:35:16 RUN n=1160/6120 pass=18 test=seq ra=8192 mbps=781.3 secs=12.8 minsec_mbps=593 slow_secs=1 inflight=31.3 lat_ms=10.5 fio_mib=9542 disk_mib=9532 disk_ratio=1.00 other_writes_mib=3.9 streams_min_mbps=- iops=- lat_p50_ms=- lat_p95_ms=- lat_p99_ms=- status=ok
06:35:33 RUN n=1161/6120 pass=18 test=seq ra=16384 mbps=795.9 secs=12.6 minsec_mbps=637 slow_secs=0 inflight=61.7 lat_ms=20.3 fio_mib=9542 disk_mib=9532 disk_ratio=1.00 other_writes_mib=7.3 streams_min_mbps=- iops=- lat_p50_ms=- lat_p95_ms=- lat_p99_ms=- status=ok
06:35:50 RUN n=1162/6120 pass=18 test=seq ra=98304 mbps=801.1 secs=12.5 minsec_mbps=540 slow_secs=1 inflight=223.7 lat_ms=72.9 fio_mib=9542 disk_mib=9532 disk_ratio=1.00 other_writes_mib=4.5 streams_min_mbps=- iops=- lat_p50_ms=- lat_p95_ms=- lat_p99_ms=- status=ok
06:36:05 RUN n=1163/6120 pass=18 test=rand ra=32768 mbps=28.2 secs=12.0 minsec_mbps=- slow_secs=- inflight=3.8 lat_ms=9.2 fio_mib=323 disk_mib=352 disk_ratio=1.09 other_writes_mib=4.0 streams_min_mbps=- iops=430.3 lat_p50_ms=8.3 lat_p95_ms=17.7 lat_p99_ms=26.3 status=ok
06:36:31 RUN n=1164/6120 pass=18 test=conc ra=114688 mbps=623.2 secs=20.7 minsec_mbps=157 slow_secs=2 inflight=248.9 lat_ms=99.1 fio_mib=12288 disk_mib=12575 disk_ratio=1.02 other_writes_mib=22.5 streams_min_mbps=155.8 iops=- lat_p50_ms=- lat_p95_ms=- lat_p99_ms=- status=NOISY:writes
06:36:49 RUN n=1165/6120 pass=18 test=mixed ra=40960 mbps=769.2 secs=13.0 minsec_mbps=638 slow_secs=0 inflight=160.3 lat_ms=54.6 fio_mib=9542 disk_mib=9544 disk_ratio=1.00 other_writes_mib=2.6 streams_min_mbps=- iops=14.7 lat_p50_ms=49.0 lat_p95_ms=175.1 lat_p99_ms=252.7 status=ok
06:37:04 RUN n=1166/6120 pass=18 test=rand ra=73728 mbps=30.0 secs=12.0 minsec_mbps=- slow_secs=- inflight=3.8 lat_ms=8.6 fio_mib=343 disk_mib=378 disk_ratio=1.10 other_writes_mib=3.0 streams_min_mbps=- iops=457.4 lat_p50_ms=8.2 lat_p95_ms=17.2 lat_p99_ms=24.8 status=ok
06:37:22 RUN n=1167/6120 pass=18 test=mixed ra=81920 mbps=791.8 secs=12.6 minsec_mbps=628 slow_secs=0 inflight=215.8 lat_ms=72.0 fio_mib=9542 disk_mib=9540 disk_ratio=1.00 other_writes_mib=5.3 streams_min_mbps=- iops=10.0 lat_p50_ms=95.9 lat_p95_ms=215.0 lat_p99_ms=295.7 status=ok
06:37:58 RUN n=1168/6120 pass=18 test=conc ra=81920 mbps=412.4 secs=31.2 minsec_mbps=43 slow_secs=16 inflight=252.4 lat_ms=155.4 fio_mib=12288 disk_mib=12219 disk_ratio=0.99 other_writes_mib=11.6 streams_min_mbps=103.1 iops=- lat_p50_ms=- lat_p95_ms=- lat_p99_ms=- status=ok
06:38:18 RUN n=1169/6120 pass=18 test=mixed ra=16384 mbps=667.9 secs=15.0 minsec_mbps=561 slow_secs=2 inflight=67.9 lat_ms=26.2 fio_mib=9542 disk_mib=9555 disk_ratio=1.00 other_writes_mib=4.3 streams_min_mbps=- iops=24.4 lat_p50_ms=28.4 lat_p95_ms=124.3 lat_p99_ms=170.9 status=ok
06:38:35 RUN n=1170/6120 pass=18 test=seq ra=81920 mbps=790.0 secs=12.7 minsec_mbps=580 slow_secs=1 inflight=215.2 lat_ms=72.0 fio_mib=9542 disk_mib=9532 disk_ratio=1.00 other_writes_mib=5.4 streams_min_mbps=- iops=- lat_p50_ms=- lat_p95_ms=- lat_p99_ms=- status=ok
06:38:54 RUN n=1171/6120 pass=18 test=mixed ra=24576 mbps=723.5 secs=13.8 minsec_mbps=605 slow_secs=0 inflight=102.6 lat_ms=36.3 fio_mib=9542 disk_mib=9548 disk_ratio=1.00 other_writes_mib=4.5 streams_min_mbps=- iops=18.5 lat_p50_ms=41.2 lat_p95_ms=149.9 lat_p99_ms=189.8 status=ok
06:39:09 RUN n=1172/6120 pass=18 test=rand ra=131072 mbps=29.0 secs=12.0 minsec_mbps=- slow_secs=- inflight=3.8 lat_ms=8.9 fio_mib=332 disk_mib=364 disk_ratio=1.10 other_writes_mib=7.3 streams_min_mbps=- iops=443.1 lat_p50_ms=8.3 lat_p95_ms=17.7 lat_p99_ms=26.3 status=ok
06:39:27 RUN n=1173/6120 pass=18 test=seq ra=40960 mbps=778.7 secs=12.8 minsec_mbps=581 slow_secs=1 inflight=156.3 lat_ms=52.3 fio_mib=9542 disk_mib=9532 disk_ratio=1.00 other_writes_mib=3.4 streams_min_mbps=- iops=- lat_p50_ms=- lat_p95_ms=- lat_p99_ms=- status=ok
06:39:42 RUN n=1174/6120 pass=18 test=rand ra=40960 mbps=28.4 secs=12.0 minsec_mbps=- slow_secs=- inflight=3.8 lat_ms=9.1 fio_mib=326 disk_mib=356 disk_ratio=1.09 other_writes_mib=4.4 streams_min_mbps=- iops=433.7 lat_p50_ms=8.3 lat_p95_ms=17.7 lat_p99_ms=27.1 status=ok
06:40:06 RUN n=1175/6120 pass=18 test=conc ra=32768 mbps=678.4 secs=19.0 minsec_mbps=540 slow_secs=3 inflight=248.0 lat_ms=94.9 fio_mib=12288 disk_mib=12057 disk_ratio=0.98 other_writes_mib=10.1 streams_min_mbps=169.6 iops=- lat_p50_ms=- lat_p95_ms=- lat_p99_ms=- status=ok
06:40:24 RUN n=1176/6120 pass=18 test=seq ra=4096 mbps=747.2 secs=13.4 minsec_mbps=443 slow_secs=1 inflight=17.0 lat_ms=5.8 fio_mib=9542 disk_mib=9532 disk_ratio=1.00 other_writes_mib=21.3 streams_min_mbps=- iops=- lat_p50_ms=- lat_p95_ms=- lat_p99_ms=- status=NOISY:writes
06:40:40 RUN n=1177/6120 pass=18 test=rand ra=16384 mbps=27.5 secs=12.0 minsec_mbps=- slow_secs=- inflight=3.8 lat_ms=9.4 fio_mib=316 disk_mib=345 disk_ratio=1.09 other_writes_mib=19.1 streams_min_mbps=- iops=420.0 lat_p50_ms=8.5 lat_p95_ms=17.7 lat_p99_ms=30.0 status=ok
06:40:55 RUN n=1178/6120 pass=18 test=rand ra=8192 mbps=29.4 secs=12.0 minsec_mbps=- slow_secs=- inflight=3.8 lat_ms=8.8 fio_mib=337 disk_mib=368 disk_ratio=1.09 other_writes_mib=3.0 streams_min_mbps=- iops=449.2 lat_p50_ms=8.3 lat_p95_ms=17.4 lat_p99_ms=25.8 status=ok
06:41:12 RUN n=1179/6120 pass=18 test=seq ra=32768 mbps=813.8 secs=12.3 minsec_mbps=682 slow_secs=0 inflight=130.4 lat_ms=41.8 fio_mib=9542 disk_mib=9532 disk_ratio=1.00 other_writes_mib=4.1 streams_min_mbps=- iops=- lat_p50_ms=- lat_p95_ms=- lat_p99_ms=- status=ok
06:41:41 RUN n=1180/6120 pass=18 test=conc ra=90112 mbps=536.0 secs=24.0 minsec_mbps=88 slow_secs=10 inflight=250.0 lat_ms=117.2 fio_mib=12288 disk_mib=12371 disk_ratio=1.01 other_writes_mib=9.7 streams_min_mbps=134.0 iops=- lat_p50_ms=- lat_p95_ms=- lat_p99_ms=- status=ok
06:42:17 RUN n=1181/6120 pass=18 test=conc ra=4096 mbps=412.2 secs=31.3 minsec_mbps=324 slow_secs=29 inflight=91.1 lat_ms=57.6 fio_mib=12288 disk_mib=11867 disk_ratio=0.97 other_writes_mib=11.5 streams_min_mbps=103.1 iops=- lat_p50_ms=- lat_p95_ms=- lat_p99_ms=- status=ok
06:42:35 RUN n=1182/6120 pass=18 test=seq ra=114688 mbps=786.0 secs=12.7 minsec_mbps=571 slow_secs=1 inflight=215.2 lat_ms=71.4 fio_mib=9542 disk_mib=9532 disk_ratio=1.00 other_writes_mib=3.3 streams_min_mbps=- iops=- lat_p50_ms=- lat_p95_ms=- lat_p99_ms=- status=ok
06:42:58 RUN n=1183/6120 pass=18 test=conc ra=57344 mbps=690.6 secs=18.7 minsec_mbps=586 slow_secs=2 inflight=246.6 lat_ms=92.2 fio_mib=12288 disk_mib=12146 disk_ratio=0.99 other_writes_mib=3.8 streams_min_mbps=172.7 iops=- lat_p50_ms=- lat_p95_ms=- lat_p99_ms=- status=ok
06:43:24 RUN n=1184/6120 pass=18 test=conc ra=131072 mbps=638.3 secs=20.2 minsec_mbps=580 slow_secs=2 inflight=249.5 lat_ms=95.7 fio_mib=12288 disk_mib=12830 disk_ratio=1.04 other_writes_mib=6.1 streams_min_mbps=159.6 iops=- lat_p50_ms=- lat_p95_ms=- lat_p99_ms=- status=ok
06:43:39 RUN n=1185/6120 pass=18 test=rand ra=65536 mbps=28.8 secs=12.0 minsec_mbps=- slow_secs=- inflight=3.8 lat_ms=9.0 fio_mib=330 disk_mib=358 disk_ratio=1.09 other_writes_mib=2.3 streams_min_mbps=- iops=439.3 lat_p50_ms=8.4 lat_p95_ms=17.7 lat_p99_ms=26.1 status=ok
06:44:08 RUN n=1186/6120 pass=18 test=mixed ra=4096 mbps=418.7 secs=23.9 minsec_mbps=363 slow_secs=22 inflight=18.5 lat_ms=11.2 fio_mib=9542 disk_mib=9604 disk_ratio=1.01 other_writes_mib=8.6 streams_min_mbps=- iops=48.2 lat_p50_ms=13.7 lat_p95_ms=52.2 lat_p99_ms=82.3 status=ok
06:44:26 RUN n=1187/6120 pass=18 test=mixed ra=122880 mbps=738.4 secs=13.6 minsec_mbps=252 slow_secs=2 inflight=222.9 lat_ms=79.5 fio_mib=9542 disk_mib=9540 disk_ratio=1.00 other_writes_mib=14.6 streams_min_mbps=- iops=9.8 lat_p50_ms=83.4 lat_p95_ms=270.5 lat_p99_ms=434.1 status=ok
06:44:41 RUN n=1188/6120 pass=18 test=rand ra=122880 mbps=28.1 secs=12.0 minsec_mbps=- slow_secs=- inflight=3.8 lat_ms=9.2 fio_mib=322 disk_mib=353 disk_ratio=1.10 other_writes_mib=4.3 streams_min_mbps=- iops=428.1 lat_p50_ms=8.4 lat_p95_ms=18.0 lat_p99_ms=26.6 status=ok
06:45:06 RUN n=1189/6120 pass=18 test=conc ra=49152 mbps=664.3 secs=19.4 minsec_mbps=519 slow_secs=3 inflight=246.6 lat_ms=95.1 fio_mib=12288 disk_mib=12145 disk_ratio=0.99 other_writes_mib=6.2 streams_min_mbps=166.1 iops=- lat_p50_ms=- lat_p95_ms=- lat_p99_ms=- status=ok
06:45:24 RUN n=1190/6120 pass=18 test=mixed ra=32768 mbps=730.5 secs=13.7 minsec_mbps=589 slow_secs=1 inflight=128.4 lat_ms=46.5 fio_mib=9542 disk_mib=9546 disk_ratio=1.00 other_writes_mib=3.5 streams_min_mbps=- iops=16.0 lat_p50_ms=48.0 lat_p95_ms=170.9 lat_p99_ms=204.5 status=ok
06:45:42 RUN n=1191/6120 pass=18 test=mixed ra=114688 mbps=783.3 secs=12.8 minsec_mbps=458 slow_secs=1 inflight=221.6 lat_ms=74.6 fio_mib=9542 disk_mib=9540 disk_ratio=1.00 other_writes_mib=8.3 streams_min_mbps=- iops=10.1 lat_p50_ms=91.8 lat_p95_ms=219.2 lat_p99_ms=244.3 status=ok
06:45:59 RUN n=1192/6120 pass=18 test=seq ra=49152 mbps=811.7 secs=12.3 minsec_mbps=622 slow_secs=0 inflight=184.4 lat_ms=59.9 fio_mib=9542 disk_mib=9532 disk_ratio=1.00 other_writes_mib=3.8 streams_min_mbps=- iops=- lat_p50_ms=- lat_p95_ms=- lat_p99_ms=- status=ok
06:46:16 RUN n=1193/6120 pass=18 test=mixed ra=90112 mbps=769.5 secs=13.0 minsec_mbps=625 slow_secs=0 inflight=221.0 lat_ms=75.7 fio_mib=9542 disk_mib=9541 disk_ratio=1.00 other_writes_mib=3.7 streams_min_mbps=- iops=11.2 lat_p50_ms=87.6 lat_p95_ms=202.4 lat_p99_ms=299.9 status=ok
06:46:34 RUN n=1194/6120 pass=18 test=mixed ra=98304 mbps=785.3 secs=12.7 minsec_mbps=611 slow_secs=0 inflight=223.4 lat_ms=75.2 fio_mib=9542 disk_mib=9540 disk_ratio=1.00 other_writes_mib=20.2 streams_min_mbps=- iops=9.8 lat_p50_ms=92.8 lat_p95_ms=223.3 lat_p99_ms=278.9 status=NOISY:writes
06:46:58 RUN n=1195/6120 pass=18 test=conc ra=73728 mbps=680.4 secs=18.9 minsec_mbps=601 slow_secs=0 inflight=248.8 lat_ms=93.5 fio_mib=12288 disk_mib=12233 disk_ratio=1.00 other_writes_mib=6.2 streams_min_mbps=170.1 iops=- lat_p50_ms=- lat_p95_ms=- lat_p99_ms=- status=ok
06:47:36 RUN n=1196/6120 pass=18 test=conc ra=106496 mbps=381.5 secs=33.8 minsec_mbps=66 slow_secs=21 inflight=252.5 lat_ms=162.0 fio_mib=12288 disk_mib=12521 disk_ratio=1.02 other_writes_mib=12.3 streams_min_mbps=95.4 iops=- lat_p50_ms=- lat_p95_ms=- lat_p99_ms=- status=ok
06:47:54 RUN n=1197/6120 pass=18 test=mixed ra=49152 mbps=754.5 secs=13.3 minsec_mbps=596 slow_secs=1 inflight=181.6 lat_ms=63.3 fio_mib=9542 disk_mib=9543 disk_ratio=1.00 other_writes_mib=4.4 streams_min_mbps=- iops=13.2 lat_p50_ms=63.2 lat_p95_ms=183.5 lat_p99_ms=250.6 status=ok
06:48:23 RUN n=1198/6120 pass=18 test=conc ra=98304 mbps=555.7 secs=23.2 minsec_mbps=93 slow_secs=6 inflight=250.0 lat_ms=114.1 fio_mib=12288 disk_mib=12329 disk_ratio=1.00 other_writes_mib=8.1 streams_min_mbps=138.9 iops=- lat_p50_ms=- lat_p95_ms=- lat_p99_ms=- status=ok
06:48:38 RUN n=1199/6120 pass=18 test=rand ra=106496 mbps=22.4 secs=12.0 minsec_mbps=- slow_secs=- inflight=3.9 lat_ms=11.7 fio_mib=256 disk_mib=283 disk_ratio=1.10 other_writes_mib=72.1 streams_min_mbps=- iops=341.0 lat_p50_ms=8.6 lat_p95_ms=21.6 lat_p99_ms=91.8 status=NOISY:writes
06:49:09 RUN n=1200/6120 pass=18 test=conc ra=8192 mbps=490.0 secs=26.3 minsec_mbps=387 slow_secs=24 inflight=166.8 lat_ms=88.6 fio_mib=12288 disk_mib=11891 disk_ratio=0.97 other_writes_mib=7.1 streams_min_mbps=122.5 iops=- lat_p50_ms=- lat_p95_ms=- lat_p99_ms=- status=ok
06:49:26 RUN n=1201/6120 pass=18 test=seq ra=73728 mbps=812.0 secs=12.3 minsec_mbps=626 slow_secs=0 inflight=215.5 lat_ms=68.9 fio_mib=9542 disk_mib=9532 disk_ratio=1.00 other_writes_mib=2.4 streams_min_mbps=- iops=- lat_p50_ms=- lat_p95_ms=- lat_p99_ms=- status=ok
06:49:43 RUN n=1202/6120 pass=18 test=seq ra=57344 mbps=793.1 secs=12.6 minsec_mbps=628 slow_secs=0 inflight=198.5 lat_ms=65.4 fio_mib=9542 disk_mib=9532 disk_ratio=1.00 other_writes_mib=3.1 streams_min_mbps=- iops=- lat_p50_ms=- lat_p95_ms=- lat_p99_ms=- status=ok
06:50:07 RUN n=1203/6120 pass=18 test=conc ra=65536 mbps=674.5 secs=19.1 minsec_mbps=581 slow_secs=1 inflight=249.7 lat_ms=94.6 fio_mib=12288 disk_mib=12147 disk_ratio=0.99 other_writes_mib=10.2 streams_min_mbps=168.6 iops=- lat_p50_ms=- lat_p95_ms=- lat_p99_ms=- status=ok
06:50:26 RUN n=1204/6120 pass=18 test=mixed ra=73728 mbps=742.9 secs=13.5 minsec_mbps=585 slow_secs=1 inflight=210.8 lat_ms=72.9 fio_mib=9542 disk_mib=9542 disk_ratio=1.00 other_writes_mib=6.4 streams_min_mbps=- iops=11.6 lat_p50_ms=72.9 lat_p95_ms=191.9 lat_p99_ms=333.4 status=ok
06:50:41 RUN n=1205/6120 pass=18 test=rand ra=49152 mbps=25.0 secs=12.0 minsec_mbps=- slow_secs=- inflight=3.8 lat_ms=10.4 fio_mib=287 disk_mib=313 disk_ratio=1.09 other_writes_mib=3.5 streams_min_mbps=- iops=381.8 lat_p50_ms=8.5 lat_p95_ms=19.5 lat_p99_ms=83.4 status=ok
06:50:57 RUN n=1206/6120 pass=18 test=rand ra=57344 mbps=29.7 secs=12.0 minsec_mbps=- slow_secs=- inflight=3.8 lat_ms=8.7 fio_mib=340 disk_mib=371 disk_ratio=1.09 other_writes_mib=4.8 streams_min_mbps=- iops=453.4 lat_p50_ms=8.3 lat_p95_ms=17.2 lat_p99_ms=25.8 status=ok
06:51:13 RUN n=1207/6120 pass=18 test=seq ra=131072 mbps=823.1 secs=12.2 minsec_mbps=673 slow_secs=0 inflight=217.6 lat_ms=70.4 fio_mib=9542 disk_mib=9532 disk_ratio=1.00 other_writes_mib=2.8 streams_min_mbps=- iops=- lat_p50_ms=- lat_p95_ms=- lat_p99_ms=- status=ok
06:51:29 RUN n=1208/6120 pass=18 test=rand ra=114688 mbps=29.0 secs=12.0 minsec_mbps=- slow_secs=- inflight=3.8 lat_ms=8.9 fio_mib=333 disk_mib=363 disk_ratio=1.09 other_writes_mib=4.7 streams_min_mbps=- iops=443.2 lat_p50_ms=8.3 lat_p95_ms=17.7 lat_p99_ms=25.8 status=ok
06:51:46 RUN n=1209/6120 pass=18 test=seq ra=90112 mbps=817.8 secs=12.2 minsec_mbps=621 slow_secs=0 inflight=216.4 lat_ms=69.1 fio_mib=9542 disk_mib=9532 disk_ratio=1.00 other_writes_mib=3.6 streams_min_mbps=- iops=- lat_p50_ms=- lat_p95_ms=- lat_p99_ms=- status=ok
06:52:12 RUN n=1210/6120 pass=18 test=conc ra=16384 mbps=610.6 secs=21.1 minsec_mbps=480 slow_secs=8 inflight=232.9 lat_ms=98.8 fio_mib=12288 disk_mib=11946 disk_ratio=0.97 other_writes_mib=10.3 streams_min_mbps=152.7 iops=- lat_p50_ms=- lat_p95_ms=- lat_p99_ms=- status=ok
06:52:27 RUN n=1211/6120 pass=18 test=rand ra=4096 mbps=29.9 secs=12.0 minsec_mbps=- slow_secs=- inflight=3.8 lat_ms=8.7 fio_mib=342 disk_mib=374 disk_ratio=1.09 other_writes_mib=3.1 streams_min_mbps=- iops=455.9 lat_p50_ms=8.2 lat_p95_ms=17.4 lat_p99_ms=25.0 status=ok
06:52:43 RUN n=1212/6120 pass=18 test=rand ra=81920 mbps=28.0 secs=12.0 minsec_mbps=- slow_secs=- inflight=3.8 lat_ms=9.3 fio_mib=320 disk_mib=352 disk_ratio=1.10 other_writes_mib=4.7 streams_min_mbps=- iops=426.5 lat_p50_ms=8.5 lat_p95_ms=18.2 lat_p99_ms=27.9 status=ok
06:53:07 RUN n=1213/6120 pass=18 test=conc ra=24576 mbps=669.8 secs=19.2 minsec_mbps=547 slow_secs=4 inflight=243.3 lat_ms=94.6 fio_mib=12288 disk_mib=11994 disk_ratio=0.98 other_writes_mib=5.3 streams_min_mbps=167.5 iops=- lat_p50_ms=- lat_p95_ms=- lat_p99_ms=- status=ok
06:53:24 RUN n=1214/6120 pass=18 test=seq ra=24576 mbps=804.8 secs=12.4 minsec_mbps=666 slow_secs=0 inflight=98.6 lat_ms=32.0 fio_mib=9542 disk_mib=9532 disk_ratio=1.00 other_writes_mib=3.2 streams_min_mbps=- iops=- lat_p50_ms=- lat_p95_ms=- lat_p99_ms=- status=ok
06:53:41 RUN n=1215/6120 pass=18 test=seq ra=122880 mbps=817.8 secs=12.2 minsec_mbps=602 slow_secs=0 inflight=219.1 lat_ms=69.9 fio_mib=9542 disk_mib=9532 disk_ratio=1.00 other_writes_mib=2.5 streams_min_mbps=- iops=- lat_p50_ms=- lat_p95_ms=- lat_p99_ms=- status=ok
06:53:59 RUN n=1216/6120 pass=18 test=mixed ra=65536 mbps=767.4 secs=13.0 minsec_mbps=592 slow_secs=1 inflight=209.9 lat_ms=71.5 fio_mib=9542 disk_mib=9541 disk_ratio=1.00 other_writes_mib=5.1 streams_min_mbps=- iops=11.5 lat_p50_ms=79.2 lat_p95_ms=208.7 lat_p99_ms=270.5 status=ok
06:54:22 RUN n=1217/6120 pass=18 test=conc ra=40960 mbps=685.4 secs=18.8 minsec_mbps=573 slow_secs=3 inflight=248.0 lat_ms=93.2 fio_mib=12288 disk_mib=12063 disk_ratio=0.98 other_writes_mib=7.8 streams_min_mbps=171.3 iops=- lat_p50_ms=- lat_p95_ms=- lat_p99_ms=- status=ok
06:54:47 RUN n=1218/6120 pass=18 test=conc ra=122880 mbps=643.1 secs=20.0 minsec_mbps=441 slow_secs=4 inflight=249.9 lat_ms=96.9 fio_mib=12288 disk_mib=12513 disk_ratio=1.02 other_writes_mib=14.3 streams_min_mbps=160.8 iops=- lat_p50_ms=- lat_p95_ms=- lat_p99_ms=- status=ok
06:55:05 RUN n=1219/6120 pass=18 test=mixed ra=106496 mbps=768.1 secs=13.0 minsec_mbps=541 slow_secs=1 inflight=219.6 lat_ms=73.9 fio_mib=9542 disk_mib=9541 disk_ratio=1.00 other_writes_mib=8.9 streams_min_mbps=- iops=11.4 lat_p50_ms=80.2 lat_p95_ms=215.0 lat_p99_ms=259.0 status=ok
06:55:23 RUN n=1220/6120 pass=18 test=mixed ra=131072 mbps=780.0 secs=12.8 minsec_mbps=589 slow_secs=1 inflight=223.4 lat_ms=74.9 fio_mib=9542 disk_mib=9541 disk_ratio=1.00 other_writes_mib=4.7 streams_min_mbps=- iops=11.3 lat_p50_ms=85.5 lat_p95_ms=225.4 lat_p99_ms=320.9 status=ok
06:55:38 RUN n=1221/6120 pass=18 test=rand ra=98304 mbps=28.3 secs=12.0 minsec_mbps=- slow_secs=- inflight=3.8 lat_ms=9.1 fio_mib=324 disk_mib=357 disk_ratio=1.10 other_writes_mib=5.0 streams_min_mbps=- iops=431.7 lat_p50_ms=8.3 lat_p95_ms=17.7 lat_p99_ms=30.0 status=ok
06:55:54 RUN n=1222/6120 pass=18 test=rand ra=24576 mbps=27.8 secs=12.0 minsec_mbps=- slow_secs=- inflight=3.8 lat_ms=9.3 fio_mib=318 disk_mib=349 disk_ratio=1.10 other_writes_mib=4.6 streams_min_mbps=- iops=423.5 lat_p50_ms=8.4 lat_p95_ms=17.7 lat_p99_ms=28.7 status=ok
06:56:11 RUN n=1223/6120 pass=18 test=mixed ra=57344 mbps=767.4 secs=13.0 minsec_mbps=613 slow_secs=0 inflight=200.7 lat_ms=68.9 fio_mib=9542 disk_mib=9541 disk_ratio=1.00 other_writes_mib=5.3 streams_min_mbps=- iops=11.2 lat_p50_ms=77.1 lat_p95_ms=219.2 lat_p99_ms=299.9 status=ok
06:56:28 RUN n=1224/6120 pass=18 test=seq ra=106496 mbps=801.9 secs=12.5 minsec_mbps=659 slow_secs=0 inflight=223.8 lat_ms=73.6 fio_mib=9542 disk_mib=9532 disk_ratio=1.00 other_writes_mib=20.3 streams_min_mbps=- iops=- lat_p50_ms=- lat_p95_ms=- lat_p99_ms=- status=NOISY:writes
06:56:56 RUN n=1225/6120 pass=19 test=conc ra=16384 mbps=630.1 secs=20.4 minsec_mbps=486 slow_secs=7 inflight=234.8 lat_ms=97.3 fio_mib=12288 disk_mib=11946 disk_ratio=0.97 other_writes_mib=5.7 streams_min_mbps=157.5 iops=- lat_p50_ms=- lat_p95_ms=- lat_p99_ms=- status=ok
06:57:20 RUN n=1226/6120 pass=19 test=conc ra=122880 mbps=652.2 secs=19.8 minsec_mbps=563 slow_secs=3 inflight=250.7 lat_ms=96.1 fio_mib=12288 disk_mib=12513 disk_ratio=1.02 other_writes_mib=4.1 streams_min_mbps=163.0 iops=- lat_p50_ms=- lat_p95_ms=- lat_p99_ms=- status=ok
06:57:38 RUN n=1227/6120 pass=19 test=mixed ra=106496 mbps=776.5 secs=12.9 minsec_mbps=581 slow_secs=1 inflight=217.3 lat_ms=72.5 fio_mib=9542 disk_mib=9541 disk_ratio=1.00 other_writes_mib=2.7 streams_min_mbps=- iops=11.1 lat_p50_ms=84.4 lat_p95_ms=187.7 lat_p99_ms=362.8 status=ok
06:57:56 RUN n=1228/6120 pass=19 test=mixed ra=57344 mbps=766.8 secs=13.0 minsec_mbps=640 slow_secs=0 inflight=202.4 lat_ms=69.4 fio_mib=9542 disk_mib=9541 disk_ratio=1.00 other_writes_mib=4.9 streams_min_mbps=- iops=11.1 lat_p50_ms=84.4 lat_p95_ms=221.2 lat_p99_ms=270.5 status=ok
06:58:11 RUN n=1229/6120 pass=19 test=rand ra=81920 mbps=28.9 secs=12.0 minsec_mbps=- slow_secs=- inflight=3.8 lat_ms=9.0 fio_mib=331 disk_mib=363 disk_ratio=1.10 other_writes_mib=3.9 streams_min_mbps=- iops=440.6 lat_p50_ms=8.3 lat_p95_ms=17.7 lat_p99_ms=27.4 status=ok
06:58:29 RUN n=1230/6120 pass=19 test=mixed ra=122880 mbps=773.2 secs=12.9 minsec_mbps=596 slow_secs=1 inflight=224.2 lat_ms=75.6 fio_mib=9542 disk_mib=9540 disk_ratio=1.00 other_writes_mib=3.7 streams_min_mbps=- iops=10.7 lat_p50_ms=84.4 lat_p95_ms=238.0 lat_p99_ms=362.8 status=ok
06:58:49 RUN n=1231/6120 pass=19 test=mixed ra=24576 mbps=659.3 secs=15.2 minsec_mbps=256 slow_secs=4 inflight=101.8 lat_ms=40.7 fio_mib=9542 disk_mib=9548 disk_ratio=1.00 other_writes_mib=16.0 streams_min_mbps=- iops=17.6 lat_p50_ms=35.9 lat_p95_ms=177.2 lat_p99_ms=291.5 status=ok
06:59:05 RUN n=1232/6120 pass=19 test=seq ra=131072 mbps=825.1 secs=12.1 minsec_mbps=703 slow_secs=0 inflight=220.7 lat_ms=69.9 fio_mib=9542 disk_mib=9532 disk_ratio=1.00 other_writes_mib=4.5 streams_min_mbps=- iops=- lat_p50_ms=- lat_p95_ms=- lat_p99_ms=- status=ok
06:59:29 RUN n=1233/6120 pass=19 test=conc ra=49152 mbps=680.4 secs=18.9 minsec_mbps=585 slow_secs=1 inflight=248.7 lat_ms=93.4 fio_mib=12288 disk_mib=12145 disk_ratio=0.99 other_writes_mib=3.8 streams_min_mbps=170.1 iops=- lat_p50_ms=- lat_p95_ms=- lat_p99_ms=- status=ok
06:59:49 RUN n=1234/6120 pass=19 test=mixed ra=16384 mbps=671.2 secs=14.9 minsec_mbps=586 slow_secs=1 inflight=65.0 lat_ms=25.3 fio_mib=9542 disk_mib=9555 disk_ratio=1.00 other_writes_mib=2.6 streams_min_mbps=- iops=24.9 lat_p50_ms=28.4 lat_p95_ms=108.5 lat_p99_ms=160.4 status=ok
07:00:08 RUN n=1235/6120 pass=19 test=mixed ra=49152 mbps=711.7 secs=14.1 minsec_mbps=570 slow_secs=1 inflight=187.9 lat_ms=68.7 fio_mib=9542 disk_mib=9542 disk_ratio=1.00 other_writes_mib=13.6 streams_min_mbps=- iops=11.4 lat_p50_ms=79.2 lat_p95_ms=221.2 lat_p99_ms=259.0 status=ok
07:00:24 RUN n=1236/6120 pass=19 test=seq ra=40960 mbps=820.4 secs=12.2 minsec_mbps=631 slow_secs=0 inflight=154.6 lat_ms=50.4 fio_mib=9542 disk_mib=9532 disk_ratio=1.00 other_writes_mib=4.1 streams_min_mbps=- iops=- lat_p50_ms=- lat_p95_ms=- lat_p99_ms=- status=ok
07:00:46 RUN n=1237/6120 pass=19 test=mixed ra=98304 mbps=588.7 secs=17.0 minsec_mbps=236 slow_secs=5 inflight=228.0 lat_ms=101.3 fio_mib=9542 disk_mib=9541 disk_ratio=1.00 other_writes_mib=121.6 streams_min_mbps=- iops=8.5 lat_p50_ms=101.2 lat_p95_ms=337.6 lat_p99_ms=442.5 status=NOISY:writes
07:01:01 RUN n=1238/6120 pass=19 test=rand ra=131072 mbps=21.3 secs=12.0 minsec_mbps=- slow_secs=- inflight=3.8 lat_ms=12.2 fio_mib=243 disk_mib=266 disk_ratio=1.09 other_writes_mib=2.7 streams_min_mbps=- iops=324.3 lat_p50_ms=8.6 lat_p95_ms=25.0 lat_p99_ms=119.0 status=ok
07:01:17 RUN n=1239/6120 pass=19 test=rand ra=98304 mbps=26.0 secs=12.0 minsec_mbps=- slow_secs=- inflight=3.8 lat_ms=10.0 fio_mib=298 disk_mib=327 disk_ratio=1.10 other_writes_mib=4.4 streams_min_mbps=- iops=396.8 lat_p50_ms=8.5 lat_p95_ms=19.3 lat_p99_ms=61.6 status=ok
07:01:36 RUN n=1240/6120 pass=19 test=mixed ra=114688 mbps=714.4 secs=14.0 minsec_mbps=551 slow_secs=1 inflight=224.7 lat_ms=83.2 fio_mib=9542 disk_mib=9540 disk_ratio=1.00 other_writes_mib=3.8 streams_min_mbps=- iops=9.7 lat_p50_ms=100.1 lat_p95_ms=233.8 lat_p99_ms=270.5 status=ok
07:02:19 RUN n=1241/6120 pass=19 test=conc ra=65536 mbps=335.1 secs=38.4 minsec_mbps=54 slow_secs=30 inflight=251.9 lat_ms=190.9 fio_mib=12288 disk_mib=12151 disk_ratio=0.99 other_writes_mib=16.3 streams_min_mbps=83.8 iops=- lat_p50_ms=- lat_p95_ms=- lat_p99_ms=- status=ok
07:02:38 RUN n=1242/6120 pass=19 test=mixed ra=131072 mbps=719.0 secs=13.9 minsec_mbps=537 slow_secs=2 inflight=224.5 lat_ms=81.4 fio_mib=9542 disk_mib=9541 disk_ratio=1.00 other_writes_mib=8.0 streams_min_mbps=- iops=10.2 lat_p50_ms=94.9 lat_p95_ms=208.7 lat_p99_ms=308.3 status=ok
07:03:01 RUN n=1243/6120 pass=19 test=seq ra=24576 mbps=518.6 secs=19.3 minsec_mbps=60 slow_secs=10 inflight=107.9 lat_ms=54.5 fio_mib=9542 disk_mib=9532 disk_ratio=1.00 other_writes_mib=88.5 streams_min_mbps=- iops=- lat_p50_ms=- lat_p95_ms=- lat_p99_ms=- status=NOISY:writes
07:03:18 RUN n=1244/6120 pass=19 test=seq ra=114688 mbps=814.8 secs=12.3 minsec_mbps=548 slow_secs=1 inflight=221.6 lat_ms=71.5 fio_mib=9542 disk_mib=9532 disk_ratio=1.00 other_writes_mib=2.3 streams_min_mbps=- iops=- lat_p50_ms=- lat_p95_ms=- lat_p99_ms=- status=ok
07:03:44 RUN n=1245/6120 pass=19 test=conc ra=114688 mbps=612.8 secs=21.0 minsec_mbps=447 slow_secs=5 inflight=251.4 lat_ms=100.8 fio_mib=12288 disk_mib=12566 disk_ratio=1.02 other_writes_mib=8.0 streams_min_mbps=153.2 iops=- lat_p50_ms=- lat_p95_ms=- lat_p99_ms=- status=ok
07:04:02 RUN n=1246/6120 pass=19 test=seq ra=98304 mbps=772.6 secs=12.9 minsec_mbps=508 slow_secs=2 inflight=225.0 lat_ms=76.9 fio_mib=9542 disk_mib=9532 disk_ratio=1.00 other_writes_mib=4.2 streams_min_mbps=- iops=- lat_p50_ms=- lat_p95_ms=- lat_p99_ms=- status=ok
07:04:34 RUN n=1247/6120 pass=19 test=conc ra=8192 mbps=468.2 secs=27.5 minsec_mbps=359 slow_secs=25 inflight=174.7 lat_ms=96.7 fio_mib=12288 disk_mib=11891 disk_ratio=0.97 other_writes_mib=11.2 streams_min_mbps=117.1 iops=- lat_p50_ms=- lat_p95_ms=- lat_p99_ms=- status=ok
07:04:54 RUN n=1248/6120 pass=19 test=seq ra=49152 mbps=686.1 secs=14.6 minsec_mbps=344 slow_secs=4 inflight=192.8 lat_ms=73.2 fio_mib=9542 disk_mib=9532 disk_ratio=1.00 other_writes_mib=49.4 streams_min_mbps=- iops=- lat_p50_ms=- lat_p95_ms=- lat_p99_ms=- status=NOISY:writes
07:05:20 RUN n=1249/6120 pass=19 test=conc ra=81920 mbps=603.6 secs=21.3 minsec_mbps=356 slow_secs=9 inflight=249.7 lat_ms=104.4 fio_mib=12288 disk_mib=12198 disk_ratio=0.99 other_writes_mib=10.8 streams_min_mbps=150.9 iops=- lat_p50_ms=- lat_p95_ms=- lat_p99_ms=- status=ok
07:05:37 RUN n=1250/6120 pass=19 test=seq ra=122880 mbps=767.0 secs=13.0 minsec_mbps=520 slow_secs=1 inflight=220.7 lat_ms=76.2 fio_mib=9542 disk_mib=9532 disk_ratio=1.00 other_writes_mib=4.3 streams_min_mbps=- iops=- lat_p50_ms=- lat_p95_ms=- lat_p99_ms=- status=ok
07:05:55 RUN n=1251/6120 pass=19 test=mixed ra=81920 mbps=751.1 secs=13.3 minsec_mbps=471 slow_secs=1 inflight=222.6 lat_ms=77.2 fio_mib=9542 disk_mib=9541 disk_ratio=1.00 other_writes_mib=8.1 streams_min_mbps=- iops=11.0 lat_p50_ms=85.5 lat_p95_ms=206.6 lat_p99_ms=274.7 status=ok
07:06:19 RUN n=1252/6120 pass=19 test=mixed ra=8192 mbps=514.8 secs=19.4 minsec_mbps=339 slow_secs=12 inflight=35.9 lat_ms=17.9 fio_mib=9542 disk_mib=9570 disk_ratio=1.00 other_writes_mib=6.0 streams_min_mbps=- iops=31.1 lat_p50_ms=20.6 lat_p95_ms=92.8 lat_p99_ms=158.3 status=ok
07:06:47 RUN n=1253/6120 pass=19 test=conc ra=57344 mbps=574.4 secs=22.4 minsec_mbps=96 slow_secs=10 inflight=248.4 lat_ms=110.9 fio_mib=12288 disk_mib=12146 disk_ratio=0.99 other_writes_mib=7.9 streams_min_mbps=143.6 iops=- lat_p50_ms=- lat_p95_ms=- lat_p99_ms=- status=ok
07:07:04 RUN n=1254/6120 pass=19 test=seq ra=106496 mbps=785.5 secs=12.7 minsec_mbps=599 slow_secs=1 inflight=221.7 lat_ms=74.4 fio_mib=9542 disk_mib=9532 disk_ratio=1.00 other_writes_mib=4.2 streams_min_mbps=- iops=- lat_p50_ms=- lat_p95_ms=- lat_p99_ms=- status=ok
07:07:20 RUN n=1255/6120 pass=19 test=rand ra=122880 mbps=24.0 secs=12.0 minsec_mbps=- slow_secs=- inflight=3.8 lat_ms=10.8 fio_mib=275 disk_mib=301 disk_ratio=1.10 other_writes_mib=2.4 streams_min_mbps=- iops=366.3 lat_p50_ms=8.5 lat_p95_ms=19.8 lat_p99_ms=103.3 status=ok
07:07:35 RUN n=1256/6120 pass=19 test=rand ra=65536 mbps=28.2 secs=12.0 minsec_mbps=- slow_secs=- inflight=3.8 lat_ms=9.2 fio_mib=322 disk_mib=354 disk_ratio=1.10 other_writes_mib=2.5 streams_min_mbps=- iops=429.6 lat_p50_ms=8.3 lat_p95_ms=18.0 lat_p99_ms=30.5 status=ok
07:08:04 RUN n=1257/6120 pass=19 test=conc ra=73728 mbps=549.6 secs=23.4 minsec_mbps=97 slow_secs=7 inflight=250.4 lat_ms=115.0 fio_mib=12288 disk_mib=12233 disk_ratio=1.00 other_writes_mib=5.5 streams_min_mbps=137.4 iops=- lat_p50_ms=- lat_p95_ms=- lat_p99_ms=- status=ok
07:08:22 RUN n=1258/6120 pass=19 test=seq ra=81920 mbps=752.0 secs=13.3 minsec_mbps=510 slow_secs=2 inflight=217.7 lat_ms=76.5 fio_mib=9542 disk_mib=9532 disk_ratio=1.00 other_writes_mib=6.6 streams_min_mbps=- iops=- lat_p50_ms=- lat_p95_ms=- lat_p99_ms=- status=ok
07:08:39 RUN n=1259/6120 pass=19 test=mixed ra=90112 mbps=763.8 secs=13.1 minsec_mbps=534 slow_secs=2 inflight=222.0 lat_ms=75.6 fio_mib=9542 disk_mib=9540 disk_ratio=1.00 other_writes_mib=3.9 streams_min_mbps=- iops=9.8 lat_p50_ms=90.7 lat_p95_ms=219.2 lat_p99_ms=256.9 status=ok
07:08:58 RUN n=1260/6120 pass=19 test=seq ra=73728 mbps=724.4 secs=13.8 minsec_mbps=271 slow_secs=2 inflight=217.7 lat_ms=79.3 fio_mib=9542 disk_mib=9532 disk_ratio=1.00 other_writes_mib=34.2 streams_min_mbps=- iops=- lat_p50_ms=- lat_p95_ms=- lat_p99_ms=- status=NOISY:writes
07:09:13 RUN n=1261/6120 pass=19 test=rand ra=32768 mbps=26.3 secs=12.0 minsec_mbps=- slow_secs=- inflight=3.8 lat_ms=9.8 fio_mib=301 disk_mib=330 disk_ratio=1.10 other_writes_mib=2.8 streams_min_mbps=- iops=401.6 lat_p50_ms=8.4 lat_p95_ms=18.7 lat_p99_ms=58.5 status=ok
07:09:29 RUN n=1262/6120 pass=19 test=rand ra=114688 mbps=26.7 secs=12.0 minsec_mbps=- slow_secs=- inflight=3.8 lat_ms=9.7 fio_mib=306 disk_mib=336 disk_ratio=1.10 other_writes_mib=4.1 streams_min_mbps=- iops=407.3 lat_p50_ms=8.5 lat_p95_ms=18.2 lat_p99_ms=53.2 status=ok
07:09:47 RUN n=1263/6120 pass=19 test=mixed ra=65536 mbps=761.5 secs=13.1 minsec_mbps=640 slow_secs=0 inflight=211.0 lat_ms=73.0 fio_mib=9542 disk_mib=9541 disk_ratio=1.00 other_writes_mib=2.5 streams_min_mbps=- iops=10.8 lat_p50_ms=81.3 lat_p95_ms=217.1 lat_p99_ms=312.5 status=ok
07:10:02 RUN n=1264/6120 pass=19 test=rand ra=90112 mbps=26.7 secs=12.0 minsec_mbps=- slow_secs=- inflight=3.8 lat_ms=9.7 fio_mib=306 disk_mib=336 disk_ratio=1.10 other_writes_mib=6.5 streams_min_mbps=- iops=408.1 lat_p50_ms=8.4 lat_p95_ms=18.0 lat_p99_ms=38.5 status=ok
07:10:20 RUN n=1265/6120 pass=19 test=seq ra=65536 mbps=743.5 secs=13.5 minsec_mbps=536 slow_secs=2 inflight=207.6 lat_ms=73.5 fio_mib=9542 disk_mib=9532 disk_ratio=1.00 other_writes_mib=5.5 streams_min_mbps=- iops=- lat_p50_ms=- lat_p95_ms=- lat_p99_ms=- status=ok
07:10:36 RUN n=1266/6120 pass=19 test=rand ra=8192 mbps=27.1 secs=12.0 minsec_mbps=- slow_secs=- inflight=3.8 lat_ms=9.5 fio_mib=311 disk_mib=342 disk_ratio=1.10 other_writes_mib=6.8 streams_min_mbps=- iops=413.6 lat_p50_ms=8.4 lat_p95_ms=18.2 lat_p99_ms=43.3 status=ok
07:11:15 RUN n=1267/6120 pass=19 test=conc ra=4096 mbps=377.2 secs=34.2 minsec_mbps=108 slow_secs=32 inflight=90.6 lat_ms=62.4 fio_mib=12288 disk_mib=11867 disk_ratio=0.97 other_writes_mib=45.5 streams_min_mbps=94.3 iops=- lat_p50_ms=- lat_p95_ms=- lat_p99_ms=- status=NOISY:writes
07:11:30 RUN n=1268/6120 pass=19 test=rand ra=106496 mbps=27.3 secs=12.0 minsec_mbps=- slow_secs=- inflight=3.8 lat_ms=9.5 fio_mib=313 disk_mib=345 disk_ratio=1.10 other_writes_mib=2.6 streams_min_mbps=- iops=416.5 lat_p50_ms=8.3 lat_p95_ms=17.7 lat_p99_ms=32.1 status=ok
07:12:05 RUN n=1269/6120 pass=19 test=conc ra=131072 mbps=436.5 secs=29.5 minsec_mbps=74 slow_secs=15 inflight=252.1 lat_ms=138.7 fio_mib=12288 disk_mib=12824 disk_ratio=1.04 other_writes_mib=10.3 streams_min_mbps=109.1 iops=- lat_p50_ms=- lat_p95_ms=- lat_p99_ms=- status=ok
07:12:20 RUN n=1270/6120 pass=19 test=rand ra=49152 mbps=26.4 secs=12.0 minsec_mbps=- slow_secs=- inflight=3.8 lat_ms=9.8 fio_mib=302 disk_mib=330 disk_ratio=1.09 other_writes_mib=20.6 streams_min_mbps=- iops=402.9 lat_p50_ms=8.4 lat_p95_ms=18.2 lat_p99_ms=48.0 status=NOISY:writes
07:12:36 RUN n=1271/6120 pass=19 test=rand ra=24576 mbps=29.0 secs=12.0 minsec_mbps=- slow_secs=- inflight=3.8 lat_ms=8.9 fio_mib=332 disk_mib=363 disk_ratio=1.09 other_writes_mib=3.8 streams_min_mbps=- iops=442.2 lat_p50_ms=8.2 lat_p95_ms=17.4 lat_p99_ms=26.6 status=ok
07:12:55 RUN n=1272/6120 pass=19 test=seq ra=57344 mbps=692.4 secs=14.5 minsec_mbps=272 slow_secs=3 inflight=207.6 lat_ms=78.8 fio_mib=9542 disk_mib=9532 disk_ratio=1.00 other_writes_mib=69.7 streams_min_mbps=- iops=- lat_p50_ms=- lat_p95_ms=- lat_p99_ms=- status=NOISY:writes
07:13:25 RUN n=1273/6120 pass=19 test=conc ra=40960 mbps=514.7 secs=25.0 minsec_mbps=83 slow_secs=9 inflight=250.9 lat_ms=125.0 fio_mib=12288 disk_mib=12059 disk_ratio=0.98 other_writes_mib=7.3 streams_min_mbps=128.7 iops=- lat_p50_ms=- lat_p95_ms=- lat_p99_ms=- status=ok
07:13:43 RUN n=1274/6120 pass=19 test=seq ra=4096 mbps=759.8 secs=13.2 minsec_mbps=551 slow_secs=1 inflight=17.1 lat_ms=5.9 fio_mib=9542 disk_mib=9532 disk_ratio=1.00 other_writes_mib=3.7 streams_min_mbps=- iops=- lat_p50_ms=- lat_p95_ms=- lat_p99_ms=- status=ok
07:14:08 RUN n=1275/6120 pass=19 test=conc ra=98304 mbps=639.5 secs=20.1 minsec_mbps=486 slow_secs=3 inflight=248.2 lat_ms=98.9 fio_mib=12288 disk_mib=12329 disk_ratio=1.00 other_writes_mib=5.5 streams_min_mbps=159.9 iops=- lat_p50_ms=- lat_p95_ms=- lat_p99_ms=- status=ok
07:14:26 RUN n=1276/6120 pass=19 test=seq ra=32768 mbps=763.1 secs=13.1 minsec_mbps=662 slow_secs=0 inflight=132.8 lat_ms=45.7 fio_mib=9542 disk_mib=9532 disk_ratio=1.00 other_writes_mib=3.1 streams_min_mbps=- iops=- lat_p50_ms=- lat_p95_ms=- lat_p99_ms=- status=ok
07:14:42 RUN n=1277/6120 pass=19 test=rand ra=4096 mbps=28.2 secs=12.0 minsec_mbps=- slow_secs=- inflight=3.8 lat_ms=9.2 fio_mib=322 disk_mib=354 disk_ratio=1.10 other_writes_mib=4.4 streams_min_mbps=- iops=429.7 lat_p50_ms=8.3 lat_p95_ms=18.0 lat_p99_ms=32.6 status=ok
07:14:57 RUN n=1278/6120 pass=19 test=rand ra=16384 mbps=21.4 secs=12.0 minsec_mbps=- slow_secs=- inflight=3.8 lat_ms=12.2 fio_mib=245 disk_mib=268 disk_ratio=1.10 other_writes_mib=31.4 streams_min_mbps=- iops=326.0 lat_p50_ms=8.5 lat_p95_ms=20.6 lat_p99_ms=118.0 status=NOISY:writes
07:15:22 RUN n=1279/6120 pass=19 test=conc ra=24576 mbps=634.5 secs=20.3 minsec_mbps=492 slow_secs=6 inflight=246.8 lat_ms=100.5 fio_mib=12288 disk_mib=11994 disk_ratio=0.98 other_writes_mib=6.6 streams_min_mbps=158.6 iops=- lat_p50_ms=- lat_p95_ms=- lat_p99_ms=- status=ok
07:15:48 RUN n=1280/6120 pass=19 test=conc ra=32768 mbps=639.4 secs=20.2 minsec_mbps=406 slow_secs=6 inflight=246.4 lat_ms=100.0 fio_mib=12288 disk_mib=12057 disk_ratio=0.98 other_writes_mib=10.2 streams_min_mbps=159.9 iops=- lat_p50_ms=- lat_p95_ms=- lat_p99_ms=- status=ok
07:16:06 RUN n=1281/6120 pass=19 test=mixed ra=40960 mbps=731.6 secs=13.7 minsec_mbps=641 slow_secs=0 inflight=167.4 lat_ms=59.7 fio_mib=9542 disk_mib=9543 disk_ratio=1.00 other_writes_mib=6.1 streams_min_mbps=- iops=12.9 lat_p50_ms=60.6 lat_p95_ms=204.5 lat_p99_ms=256.9 status=ok
07:16:38 RUN n=1282/6120 pass=19 test=conc ra=90112 mbps=477.9 secs=27.0 minsec_mbps=79 slow_secs=14 inflight=250.2 lat_ms=131.6 fio_mib=12288 disk_mib=12371 disk_ratio=1.01 other_writes_mib=12.3 streams_min_mbps=119.5 iops=- lat_p50_ms=- lat_p95_ms=- lat_p99_ms=- status=ok
07:16:57 RUN n=1283/6120 pass=19 test=seq ra=90112 mbps=710.0 secs=14.1 minsec_mbps=333 slow_secs=3 inflight=228.4 lat_ms=84.5 fio_mib=9542 disk_mib=9532 disk_ratio=1.00 other_writes_mib=50.4 streams_min_mbps=- iops=- lat_p50_ms=- lat_p95_ms=- lat_p99_ms=- status=NOISY:writes
07:17:15 RUN n=1284/6120 pass=19 test=mixed ra=73728 mbps=735.2 secs=13.6 minsec_mbps=536 slow_secs=1 inflight=216.2 lat_ms=77.2 fio_mib=9542 disk_mib=9542 disk_ratio=1.00 other_writes_mib=3.2 streams_min_mbps=- iops=12.1 lat_p50_ms=68.7 lat_p95_ms=223.3 lat_p99_ms=254.8 status=ok
07:17:31 RUN n=1285/6120 pass=19 test=rand ra=57344 mbps=27.0 secs=12.0 minsec_mbps=- slow_secs=- inflight=3.8 lat_ms=9.6 fio_mib=310 disk_mib=340 disk_ratio=1.10 other_writes_mib=2.5 streams_min_mbps=- iops=412.3 lat_p50_ms=8.5 lat_p95_ms=18.2 lat_p99_ms=35.4 status=ok
07:17:59 RUN n=1286/6120 pass=19 test=mixed ra=4096 mbps=421.0 secs=23.8 minsec_mbps=239 slow_secs=22 inflight=18.9 lat_ms=11.3 fio_mib=9542 disk_mib=9598 disk_ratio=1.01 other_writes_mib=4.3 streams_min_mbps=- iops=44.4 lat_p50_ms=14.2 lat_p95_ms=56.9 lat_p99_ms=107.5 status=ok
07:18:24 RUN n=1287/6120 pass=19 test=conc ra=106496 mbps=650.3 secs=19.8 minsec_mbps=547 slow_secs=3 inflight=250.0 lat_ms=95.9 fio_mib=12288 disk_mib=12501 disk_ratio=1.02 other_writes_mib=7.9 streams_min_mbps=162.6 iops=- lat_p50_ms=- lat_p95_ms=- lat_p99_ms=- status=ok
07:18:43 RUN n=1288/6120 pass=19 test=mixed ra=32768 mbps=711.7 secs=14.1 minsec_mbps=471 slow_secs=1 inflight=131.3 lat_ms=48.1 fio_mib=9542 disk_mib=9544 disk_ratio=1.00 other_writes_mib=5.6 streams_min_mbps=- iops=14.4 lat_p50_ms=57.4 lat_p95_ms=179.3 lat_p99_ms=240.1 status=ok
07:19:02 RUN n=1289/6120 pass=19 test=seq ra=16384 mbps=694.8 secs=14.4 minsec_mbps=85 slow_secs=3 inflight=67.2 lat_ms=25.6 fio_mib=9542 disk_mib=9532 disk_ratio=1.00 other_writes_mib=41.2 streams_min_mbps=- iops=- lat_p50_ms=- lat_p95_ms=- lat_p99_ms=- status=NOISY:writes
07:19:17 RUN n=1290/6120 pass=19 test=rand ra=40960 mbps=24.6 secs=12.0 minsec_mbps=- slow_secs=- inflight=3.8 lat_ms=10.5 fio_mib=281 disk_mib=309 disk_ratio=1.10 other_writes_mib=2.5 streams_min_mbps=- iops=374.6 lat_p50_ms=8.5 lat_p95_ms=19.3 lat_p99_ms=89.7 status=ok
07:19:33 RUN n=1291/6120 pass=19 test=rand ra=73728 mbps=28.5 secs=12.0 minsec_mbps=- slow_secs=- inflight=3.8 lat_ms=9.1 fio_mib=326 disk_mib=356 disk_ratio=1.09 other_writes_mib=2.8 streams_min_mbps=- iops=434.7 lat_p50_ms=8.3 lat_p95_ms=18.0 lat_p99_ms=26.1 status=ok
07:19:50 RUN n=1292/6120 pass=19 test=seq ra=8192 mbps=781.3 secs=12.8 minsec_mbps=561 slow_secs=1 inflight=31.9 lat_ms=10.7 fio_mib=9542 disk_mib=9532 disk_ratio=1.00 other_writes_mib=4.9 streams_min_mbps=- iops=- lat_p50_ms=- lat_p95_ms=- lat_p99_ms=- status=ok
07:20:07 RUN n=1293/6120 pass=20 test=rand ra=65536 mbps=27.6 secs=12.0 minsec_mbps=- slow_secs=- inflight=3.8 lat_ms=9.4 fio_mib=315 disk_mib=346 disk_ratio=1.10 other_writes_mib=6.1 streams_min_mbps=- iops=420.4 lat_p50_ms=8.4 lat_p95_ms=18.5 lat_p99_ms=34.9 status=ok
07:20:25 RUN n=1294/6120 pass=20 test=seq ra=40960 mbps=756.7 secs=13.2 minsec_mbps=552 slow_secs=1 inflight=151.1 lat_ms=53.2 fio_mib=9542 disk_mib=9532 disk_ratio=1.00 other_writes_mib=6.6 streams_min_mbps=- iops=- lat_p50_ms=- lat_p95_ms=- lat_p99_ms=- status=ok
07:20:41 RUN n=1295/6120 pass=20 test=rand ra=24576 mbps=26.9 secs=12.0 minsec_mbps=- slow_secs=- inflight=3.8 lat_ms=9.6 fio_mib=308 disk_mib=338 disk_ratio=1.10 other_writes_mib=5.6 streams_min_mbps=- iops=409.8 lat_p50_ms=8.4 lat_p95_ms=18.0 lat_p99_ms=42.2 status=ok
07:21:12 RUN n=1296/6120 pass=20 test=conc ra=122880 mbps=492.9 secs=26.1 minsec_mbps=56 slow_secs=10 inflight=250.3 lat_ms=126.7 fio_mib=12288 disk_mib=12513 disk_ratio=1.02 other_writes_mib=58.1 streams_min_mbps=123.2 iops=- lat_p50_ms=- lat_p95_ms=- lat_p99_ms=- status=NOISY:writes
07:21:37 RUN n=1297/6120 pass=20 test=conc ra=90112 mbps=652.1 secs=19.8 minsec_mbps=585 slow_secs=3 inflight=250.1 lat_ms=96.8 fio_mib=12288 disk_mib=12371 disk_ratio=1.01 other_writes_mib=6.4 streams_min_mbps=163.0 iops=- lat_p50_ms=- lat_p95_ms=- lat_p99_ms=- status=ok
07:21:54 RUN n=1298/6120 pass=20 test=seq ra=122880 mbps=807.7 secs=12.4 minsec_mbps=618 slow_secs=0 inflight=218.2 lat_ms=71.0 fio_mib=9542 disk_mib=9532 disk_ratio=1.00 other_writes_mib=3.1 streams_min_mbps=- iops=- lat_p50_ms=- lat_p95_ms=- lat_p99_ms=- status=ok
07:22:10 RUN n=1299/6120 pass=20 test=rand ra=114688 mbps=25.7 secs=12.0 minsec_mbps=- slow_secs=- inflight=3.8 lat_ms=10.1 fio_mib=294 disk_mib=323 disk_ratio=1.10 other_writes_mib=5.8 streams_min_mbps=- iops=391.6 lat_p50_ms=8.5 lat_p95_ms=18.5 lat_p99_ms=78.1 status=ok
07:22:35 RUN n=1300/6120 pass=20 test=conc ra=131072 mbps=635.7 secs=20.3 minsec_mbps=555 slow_secs=2 inflight=250.6 lat_ms=96.0 fio_mib=12288 disk_mib=12830 disk_ratio=1.04 other_writes_mib=6.6 streams_min_mbps=158.9 iops=- lat_p50_ms=- lat_p95_ms=- lat_p99_ms=- status=ok
07:22:53 RUN n=1301/6120 pass=20 test=mixed ra=106496 mbps=764.2 secs=13.1 minsec_mbps=594 slow_secs=1 inflight=222.0 lat_ms=76.4 fio_mib=9542 disk_mib=9541 disk_ratio=1.00 other_writes_mib=5.1 streams_min_mbps=- iops=10.8 lat_p50_ms=90.7 lat_p95_ms=242.2 lat_p99_ms=295.7 status=ok
07:23:08 RUN n=1302/6120 pass=20 test=rand ra=131072 mbps=16.7 secs=12.0 minsec_mbps=- slow_secs=- inflight=3.8 lat_ms=15.5 fio_mib=192 disk_mib=212 disk_ratio=1.11 other_writes_mib=47.9 streams_min_mbps=- iops=255.0 lat_p50_ms=8.8 lat_p95_ms=50.6 lat_p99_ms=179.3 status=NOISY:writes
07:23:27 RUN n=1303/6120 pass=20 test=mixed ra=24576 mbps=703.4 secs=14.2 minsec_mbps=613 slow_secs=0 inflight=97.6 lat_ms=36.5 fio_mib=9542 disk_mib=9546 disk_ratio=1.00 other_writes_mib=2.3 streams_min_mbps=- iops=16.2 lat_p50_ms=44.8 lat_p95_ms=162.5 lat_p99_ms=206.6 status=ok
07:23:45 RUN n=1304/6120 pass=20 test=seq ra=24576 mbps=746.9 secs=13.4 minsec_mbps=467 slow_secs=1 inflight=94.7 lat_ms=33.6 fio_mib=9542 disk_mib=9532 disk_ratio=1.00 other_writes_mib=4.7 streams_min_mbps=- iops=- lat_p50_ms=- lat_p95_ms=- lat_p99_ms=- status=ok
07:24:05 RUN n=1305/6120 pass=20 test=mixed ra=16384 mbps=638.8 secs=15.7 minsec_mbps=502 slow_secs=3 inflight=64.3 lat_ms=26.5 fio_mib=9542 disk_mib=9554 disk_ratio=1.00 other_writes_mib=3.5 streams_min_mbps=- iops=23.0 lat_p50_ms=28.4 lat_p95_ms=137.4 lat_p99_ms=173.0 status=ok
07:24:23 RUN n=1306/6120 pass=20 test=mixed ra=98304 mbps=767.9 secs=13.0 minsec_mbps=591 slow_secs=1 inflight=223.4 lat_ms=76.8 fio_mib=9542 disk_mib=9539 disk_ratio=1.00 other_writes_mib=4.9 streams_min_mbps=- iops=9.4 lat_p50_ms=94.9 lat_p95_ms=252.7 lat_p99_ms=329.3 status=ok
07:24:38 RUN n=1307/6120 pass=20 test=rand ra=90112 mbps=27.2 secs=12.0 minsec_mbps=- slow_secs=- inflight=3.8 lat_ms=9.5 fio_mib=312 disk_mib=342 disk_ratio=1.09 other_writes_mib=3.2 streams_min_mbps=- iops=415.6 lat_p50_ms=8.4 lat_p95_ms=17.7 lat_p99_ms=32.4 status=ok
07:24:56 RUN n=1308/6120 pass=20 test=seq ra=65536 mbps=797.5 secs=12.5 minsec_mbps=491 slow_secs=1 inflight=214.8 lat_ms=71.3 fio_mib=9542 disk_mib=9532 disk_ratio=1.00 other_writes_mib=4.9 streams_min_mbps=- iops=- lat_p50_ms=- lat_p95_ms=- lat_p99_ms=- status=ok
07:25:13 RUN n=1309/6120 pass=20 test=mixed ra=114688 mbps=780.6 secs=12.8 minsec_mbps=514 slow_secs=1 inflight=224.4 lat_ms=76.1 fio_mib=9542 disk_mib=9539 disk_ratio=1.00 other_writes_mib=5.1 streams_min_mbps=- iops=9.0 lat_p50_ms=100.1 lat_p95_ms=246.4 lat_p99_ms=283.1 status=ok
07:25:39 RUN n=1310/6120 pass=20 test=conc ra=73728 mbps=630.7 secs=20.4 minsec_mbps=490 slow_secs=5 inflight=248.5 lat_ms=100.7 fio_mib=12288 disk_mib=12233 disk_ratio=1.00 other_writes_mib=9.5 streams_min_mbps=157.7 iops=- lat_p50_ms=- lat_p95_ms=- lat_p99_ms=- status=ok
07:25:57 RUN n=1311/6120 pass=20 test=mixed ra=57344 mbps=753.9 secs=13.3 minsec_mbps=504 slow_secs=1 inflight=203.6 lat_ms=70.4 fio_mib=9542 disk_mib=9540 disk_ratio=1.00 other_writes_mib=3.5 streams_min_mbps=- iops=9.9 lat_p50_ms=97.0 lat_p95_ms=231.7 lat_p99_ms=308.3 status=ok
07:26:15 RUN n=1312/6120 pass=20 test=seq ra=4096 mbps=721.7 secs=13.9 minsec_mbps=370 slow_secs=3 inflight=17.4 lat_ms=6.3 fio_mib=9542 disk_mib=9532 disk_ratio=1.00 other_writes_mib=7.7 streams_min_mbps=- iops=- lat_p50_ms=- lat_p95_ms=- lat_p99_ms=- status=ok
07:26:38 RUN n=1313/6120 pass=20 test=mixed ra=8192 mbps=552.8 secs=18.1 minsec_mbps=376 slow_secs=12 inflight=35.9 lat_ms=16.5 fio_mib=9542 disk_mib=9569 disk_ratio=1.00 other_writes_mib=6.8 streams_min_mbps=- iops=32.5 lat_p50_ms=20.6 lat_p95_ms=86.5 lat_p99_ms=156.2 status=ok
07:26:53 RUN n=1314/6120 pass=20 test=rand ra=81920 mbps=27.7 secs=12.0 minsec_mbps=- slow_secs=- inflight=3.8 lat_ms=9.4 fio_mib=317 disk_mib=347 disk_ratio=1.09 other_writes_mib=4.6 streams_min_mbps=- iops=422.0 lat_p50_ms=8.4 lat_p95_ms=18.2 lat_p99_ms=31.3 status=ok
07:27:20 RUN n=1315/6120 pass=20 test=conc ra=106496 mbps=607.3 secs=21.2 minsec_mbps=275 slow_secs=4 inflight=248.3 lat_ms=102.2 fio_mib=12288 disk_mib=12521 disk_ratio=1.02 other_writes_mib=4.6 streams_min_mbps=151.8 iops=- lat_p50_ms=- lat_p95_ms=- lat_p99_ms=- status=ok
07:27:35 RUN n=1316/6120 pass=20 test=rand ra=32768 mbps=24.2 secs=12.0 minsec_mbps=- slow_secs=- inflight=3.8 lat_ms=10.7 fio_mib=277 disk_mib=304 disk_ratio=1.10 other_writes_mib=2.5 streams_min_mbps=- iops=369.6 lat_p50_ms=8.4 lat_p95_ms=18.7 lat_p99_ms=102.2 status=ok
07:27:51 RUN n=1317/6120 pass=20 test=rand ra=40960 mbps=25.6 secs=12.0 minsec_mbps=- slow_secs=- inflight=3.8 lat_ms=10.1 fio_mib=294 disk_mib=321 disk_ratio=1.09 other_writes_mib=2.7 streams_min_mbps=- iops=391.0 lat_p50_ms=8.5 lat_p95_ms=18.7 lat_p99_ms=71.8 status=ok
07:28:08 RUN n=1318/6120 pass=20 test=seq ra=73728 mbps=789.8 secs=12.7 minsec_mbps=636 slow_secs=0 inflight=214.4 lat_ms=72.7 fio_mib=9542 disk_mib=9532 disk_ratio=1.00 other_writes_mib=19.7 streams_min_mbps=- iops=- lat_p50_ms=- lat_p95_ms=- lat_p99_ms=- status=ok
07:28:23 RUN n=1319/6120 pass=20 test=rand ra=8192 mbps=23.7 secs=12.0 minsec_mbps=- slow_secs=- inflight=3.8 lat_ms=11.0 fio_mib=271 disk_mib=297 disk_ratio=1.09 other_writes_mib=4.1 streams_min_mbps=- iops=361.0 lat_p50_ms=8.5 lat_p95_ms=20.6 lat_p99_ms=103.3 status=ok
07:28:49 RUN n=1320/6120 pass=20 test=conc ra=57344 mbps=647.8 secs=19.9 minsec_mbps=523 slow_secs=7 inflight=247.5 lat_ms=98.6 fio_mib=12288 disk_mib=12146 disk_ratio=0.99 other_writes_mib=7.3 streams_min_mbps=162.0 iops=- lat_p50_ms=- lat_p95_ms=- lat_p99_ms=- status=ok
07:29:22 RUN n=1321/6120 pass=20 test=conc ra=8192 mbps=453.0 secs=28.4 minsec_mbps=171 slow_secs=26 inflight=172.4 lat_ms=99.5 fio_mib=12288 disk_mib=11891 disk_ratio=0.97 other_writes_mib=63.6 streams_min_mbps=113.2 iops=- lat_p50_ms=- lat_p95_ms=- lat_p99_ms=- status=NOISY:writes
07:29:39 RUN n=1322/6120 pass=20 test=seq ra=131072 mbps=797.9 secs=12.5 minsec_mbps=652 slow_secs=0 inflight=221.8 lat_ms=72.3 fio_mib=9542 disk_mib=9532 disk_ratio=1.00 other_writes_mib=4.0 streams_min_mbps=- iops=- lat_p50_ms=- lat_p95_ms=- lat_p99_ms=- status=ok
07:29:58 RUN n=1323/6120 pass=20 test=mixed ra=40960 mbps=719.5 secs=13.9 minsec_mbps=547 slow_secs=1 inflight=162.6 lat_ms=59.3 fio_mib=9542 disk_mib=9543 disk_ratio=1.00 other_writes_mib=2.4 streams_min_mbps=- iops=12.4 lat_p50_ms=73.9 lat_p95_ms=221.2 lat_p99_ms=287.3 status=ok
07:30:13 RUN n=1324/6120 pass=20 test=rand ra=122880 mbps=27.8 secs=12.0 minsec_mbps=- slow_secs=- inflight=3.8 lat_ms=9.3 fio_mib=318 disk_mib=350 disk_ratio=1.10 other_writes_mib=5.3 streams_min_mbps=- iops=423.7 lat_p50_ms=8.4 lat_p95_ms=18.0 lat_p99_ms=30.3 status=ok
07:30:29 RUN n=1325/6120 pass=20 test=rand ra=57344 mbps=27.5 secs=12.0 minsec_mbps=- slow_secs=- inflight=3.8 lat_ms=9.5 fio_mib=315 disk_mib=343 disk_ratio=1.09 other_writes_mib=3.3 streams_min_mbps=- iops=419.4 lat_p50_ms=8.2 lat_p95_ms=18.2 lat_p99_ms=32.4 status=ok
07:30:59 RUN n=1326/6120 pass=20 test=conc ra=114688 mbps=519.7 secs=24.8 minsec_mbps=49 slow_secs=11 inflight=251.9 lat_ms=119.8 fio_mib=12288 disk_mib=12566 disk_ratio=1.02 other_writes_mib=10.0 streams_min_mbps=129.9 iops=- lat_p50_ms=- lat_p95_ms=- lat_p99_ms=- status=ok
07:31:14 RUN n=1327/6120 pass=20 test=rand ra=73728 mbps=23.9 secs=12.1 minsec_mbps=- slow_secs=- inflight=3.7 lat_ms=10.8 fio_mib=277 disk_mib=305 disk_ratio=1.10 other_writes_mib=2.9 streams_min_mbps=- iops=365.0 lat_p50_ms=8.5 lat_p95_ms=20.1 lat_p99_ms=99.1 status=ok
07:31:31 RUN n=1328/6120 pass=20 test=seq ra=81920 mbps=799.5 secs=12.5 minsec_mbps=629 slow_secs=0 inflight=221.0 lat_ms=72.8 fio_mib=9542 disk_mib=9532 disk_ratio=1.00 other_writes_mib=4.5 streams_min_mbps=- iops=- lat_p50_ms=- lat_p95_ms=- lat_p99_ms=- status=ok
07:31:56 RUN n=1329/6120 pass=20 test=conc ra=24576 mbps=656.0 secs=19.6 minsec_mbps=571 slow_secs=5 inflight=243.3 lat_ms=96.3 fio_mib=12288 disk_mib=11994 disk_ratio=0.98 other_writes_mib=5.5 streams_min_mbps=164.0 iops=- lat_p50_ms=- lat_p95_ms=- lat_p99_ms=- status=ok
07:32:14 RUN n=1330/6120 pass=20 test=mixed ra=73728 mbps=763.0 secs=13.1 minsec_mbps=577 slow_secs=1 inflight=221.0 lat_ms=76.1 fio_mib=9542 disk_mib=9541 disk_ratio=1.00 other_writes_mib=4.2 streams_min_mbps=- iops=10.8 lat_p50_ms=86.5 lat_p95_ms=200.3 lat_p99_ms=256.9 status=ok
07:32:29 RUN n=1331/6120 pass=20 test=rand ra=106496 mbps=27.4 secs=12.0 minsec_mbps=- slow_secs=- inflight=3.8 lat_ms=9.5 fio_mib=313 disk_mib=343 disk_ratio=1.09 other_writes_mib=3.8 streams_min_mbps=- iops=417.5 lat_p50_ms=8.3 lat_p95_ms=18.0 lat_p99_ms=37.5 status=ok
07:32:47 RUN n=1332/6120 pass=20 test=seq ra=49152 mbps=771.0 secs=13.0 minsec_mbps=509 slow_secs=1 inflight=184.5 lat_ms=62.4 fio_mib=9542 disk_mib=9532 disk_ratio=1.00 other_writes_mib=5.8 streams_min_mbps=- iops=- lat_p50_ms=- lat_p95_ms=- lat_p99_ms=- status=ok
07:33:13 RUN n=1333/6120 pass=20 test=conc ra=98304 mbps=613.9 secs=21.0 minsec_mbps=104 slow_secs=5 inflight=251.6 lat_ms=103.2 fio_mib=12288 disk_mib=12290 disk_ratio=1.00 other_writes_mib=33.4 streams_min_mbps=153.5 iops=- lat_p50_ms=- lat_p95_ms=- lat_p99_ms=- status=NOISY:writes
07:33:30 RUN n=1334/6120 pass=20 test=mixed ra=131072 mbps=784.1 secs=12.8 minsec_mbps=658 slow_secs=0 inflight=221.5 lat_ms=74.9 fio_mib=9542 disk_mib=9540 disk_ratio=1.00 other_writes_mib=3.9 streams_min_mbps=- iops=10.5 lat_p50_ms=84.4 lat_p95_ms=229.6 lat_p99_ms=346.0 status=ok
07:34:08 RUN n=1335/6120 pass=20 test=conc ra=4096 mbps=396.5 secs=32.5 minsec_mbps=326 slow_secs=30 inflight=91.6 lat_ms=59.6 fio_mib=12288 disk_mib=11867 disk_ratio=0.97 other_writes_mib=13.4 streams_min_mbps=99.1 iops=- lat_p50_ms=- lat_p95_ms=- lat_p99_ms=- status=ok
07:34:23 RUN n=1336/6120 pass=20 test=rand ra=4096 mbps=28.5 secs=12.0 minsec_mbps=- slow_secs=- inflight=3.8 lat_ms=9.1 fio_mib=327 disk_mib=358 disk_ratio=1.09 other_writes_mib=4.4 streams_min_mbps=- iops=435.4 lat_p50_ms=8.4 lat_p95_ms=17.7 lat_p99_ms=27.9 status=ok
07:34:41 RUN n=1337/6120 pass=20 test=mixed ra=65536 mbps=741.7 secs=13.5 minsec_mbps=524 slow_secs=1 inflight=208.2 lat_ms=73.5 fio_mib=9542 disk_mib=9541 disk_ratio=1.00 other_writes_mib=6.5 streams_min_mbps=- iops=10.7 lat_p50_ms=87.6 lat_p95_ms=240.1 lat_p99_ms=291.5 status=ok
07:35:14 RUN n=1338/6120 pass=20 test=conc ra=49152 mbps=467.7 secs=27.6 minsec_mbps=57 slow_secs=13 inflight=249.9 lat_ms=135.6 fio_mib=12288 disk_mib=12145 disk_ratio=0.99 other_writes_mib=35.3 streams_min_mbps=116.9 iops=- lat_p50_ms=- lat_p95_ms=- lat_p99_ms=- status=NOISY:writes
07:35:31 RUN n=1339/6120 pass=20 test=mixed ra=81920 mbps=764.7 secs=13.1 minsec_mbps=540 slow_secs=1 inflight=222.8 lat_ms=76.7 fio_mib=9542 disk_mib=9540 disk_ratio=1.00 other_writes_mib=4.5 streams_min_mbps=- iops=10.2 lat_p50_ms=87.6 lat_p95_ms=240.1 lat_p99_ms=325.1 status=ok
07:35:50 RUN n=1340/6120 pass=20 test=mixed ra=32768 mbps=727.1 secs=13.8 minsec_mbps=587 slow_secs=1 inflight=130.6 lat_ms=46.8 fio_mib=9542 disk_mib=9544 disk_ratio=1.00 other_writes_mib=4.2 streams_min_mbps=- iops=14.7 lat_p50_ms=56.9 lat_p95_ms=164.6 lat_p99_ms=223.3 status=ok
07:36:16 RUN n=1341/6120 pass=20 test=conc ra=16384 mbps=607.6 secs=21.2 minsec_mbps=485 slow_secs=9 inflight=233.9 lat_ms=99.7 fio_mib=12288 disk_mib=11946 disk_ratio=0.97 other_writes_mib=6.7 streams_min_mbps=151.9 iops=- lat_p50_ms=- lat_p95_ms=- lat_p99_ms=- status=ok
07:36:40 RUN n=1342/6120 pass=20 test=conc ra=40960 mbps=677.9 secs=19.0 minsec_mbps=561 slow_secs=5 inflight=248.4 lat_ms=94.4 fio_mib=12288 disk_mib=12063 disk_ratio=0.98 other_writes_mib=10.3 streams_min_mbps=169.5 iops=- lat_p50_ms=- lat_p95_ms=- lat_p99_ms=- status=ok
07:36:56 RUN n=1343/6120 pass=20 test=rand ra=49152 mbps=27.4 secs=12.0 minsec_mbps=- slow_secs=- inflight=3.8 lat_ms=9.4 fio_mib=314 disk_mib=344 disk_ratio=1.09 other_writes_mib=3.7 streams_min_mbps=- iops=418.5 lat_p50_ms=8.3 lat_p95_ms=18.2 lat_p99_ms=29.5 status=ok
07:37:13 RUN n=1344/6120 pass=20 test=mixed ra=90112 mbps=761.5 secs=13.1 minsec_mbps=412 slow_secs=1 inflight=218.2 lat_ms=76.3 fio_mib=9542 disk_mib=9540 disk_ratio=1.00 other_writes_mib=24.0 streams_min_mbps=- iops=10.3 lat_p50_ms=98.0 lat_p95_ms=212.9 lat_p99_ms=248.5 status=NOISY:writes
07:37:30 RUN n=1345/6120 pass=20 test=seq ra=98304 mbps=812.7 secs=12.3 minsec_mbps=541 slow_secs=1 inflight=219.0 lat_ms=70.6 fio_mib=9542 disk_mib=9532 disk_ratio=1.00 other_writes_mib=2.5 streams_min_mbps=- iops=- lat_p50_ms=- lat_p95_ms=- lat_p99_ms=- status=ok
07:37:47 RUN n=1346/6120 pass=20 test=seq ra=114688 mbps=825.2 secs=12.1 minsec_mbps=656 slow_secs=0 inflight=221.5 lat_ms=70.6 fio_mib=9542 disk_mib=9532 disk_ratio=1.00 other_writes_mib=2.3 streams_min_mbps=- iops=- lat_p50_ms=- lat_p95_ms=- lat_p99_ms=- status=ok
07:38:05 RUN n=1347/6120 pass=20 test=mixed ra=122880 mbps=773.2 secs=12.9 minsec_mbps=524 slow_secs=1 inflight=214.6 lat_ms=72.3 fio_mib=9542 disk_mib=9542 disk_ratio=1.00 other_writes_mib=2.8 streams_min_mbps=- iops=12.1 lat_p50_ms=76.0 lat_p95_ms=191.9 lat_p99_ms=244.3 status=ok
07:38:29 RUN n=1348/6120 pass=20 test=conc ra=81920 mbps=657.3 secs=19.6 minsec_mbps=535 slow_secs=4 inflight=248.9 lat_ms=95.8 fio_mib=12288 disk_mib=12192 disk_ratio=0.99 other_writes_mib=7.3 streams_min_mbps=164.3 iops=- lat_p50_ms=- lat_p95_ms=- lat_p99_ms=- status=ok
07:38:46 RUN n=1349/6120 pass=20 test=seq ra=32768 mbps=799.4 secs=12.5 minsec_mbps=638 slow_secs=0 inflight=128.5 lat_ms=42.5 fio_mib=9542 disk_mib=9532 disk_ratio=1.00 other_writes_mib=3.8 streams_min_mbps=- iops=- lat_p50_ms=- lat_p95_ms=- lat_p99_ms=- status=ok
07:39:02 RUN n=1350/6120 pass=20 test=rand ra=98304 mbps=27.4 secs=12.0 minsec_mbps=- slow_secs=- inflight=3.8 lat_ms=9.5 fio_mib=313 disk_mib=342 disk_ratio=1.09 other_writes_mib=5.4 streams_min_mbps=- iops=417.3 lat_p50_ms=8.3 lat_p95_ms=17.7 lat_p99_ms=27.9 status=ok
07:39:19 RUN n=1351/6120 pass=20 test=seq ra=8192 mbps=777.9 secs=12.9 minsec_mbps=629 slow_secs=0 inflight=32.2 lat_ms=10.7 fio_mib=9542 disk_mib=9532 disk_ratio=1.00 other_writes_mib=2.3 streams_min_mbps=- iops=- lat_p50_ms=- lat_p95_ms=- lat_p99_ms=- status=ok
07:39:35 RUN n=1352/6120 pass=20 test=rand ra=16384 mbps=28.5 secs=12.0 minsec_mbps=- slow_secs=- inflight=3.8 lat_ms=9.1 fio_mib=326 disk_mib=357 disk_ratio=1.09 other_writes_mib=4.9 streams_min_mbps=- iops=435.0 lat_p50_ms=8.3 lat_p95_ms=18.0 lat_p99_ms=30.0 status=ok
07:39:52 RUN n=1353/6120 pass=20 test=mixed ra=49152 mbps=769.7 secs=13.0 minsec_mbps=624 slow_secs=0 inflight=186.2 lat_ms=64.3 fio_mib=9542 disk_mib=9542 disk_ratio=1.00 other_writes_mib=2.7 streams_min_mbps=- iops=12.1 lat_p50_ms=65.3 lat_p95_ms=198.2 lat_p99_ms=235.9 status=ok
07:40:09 RUN n=1354/6120 pass=20 test=seq ra=106496 mbps=815.4 secs=12.3 minsec_mbps=705 slow_secs=0 inflight=221.4 lat_ms=72.1 fio_mib=9542 disk_mib=9532 disk_ratio=1.00 other_writes_mib=7.1 streams_min_mbps=- iops=- lat_p50_ms=- lat_p95_ms=- lat_p99_ms=- status=ok
07:40:37 RUN n=1355/6120 pass=20 test=mixed ra=4096 mbps=420.8 secs=23.8 minsec_mbps=333 slow_secs=22 inflight=18.5 lat_ms=11.2 fio_mib=9542 disk_mib=9600 disk_ratio=1.01 other_writes_mib=8.4 streams_min_mbps=- iops=46.0 lat_p50_ms=14.4 lat_p95_ms=53.2 lat_p99_ms=109.6 status=ok
07:41:01 RUN n=1356/6120 pass=20 test=conc ra=65536 mbps=691.0 secs=18.6 minsec_mbps=558 slow_secs=1 inflight=248.0 lat_ms=92.5 fio_mib=12288 disk_mib=12151 disk_ratio=0.99 other_writes_mib=6.6 streams_min_mbps=172.8 iops=- lat_p50_ms=- lat_p95_ms=- lat_p99_ms=- status=ok
07:41:19 RUN n=1357/6120 pass=20 test=seq ra=16384 mbps=780.9 secs=12.8 minsec_mbps=643 slow_secs=0 inflight=64.1 lat_ms=21.3 fio_mib=9542 disk_mib=9532 disk_ratio=1.00 other_writes_mib=3.7 streams_min_mbps=- iops=- lat_p50_ms=- lat_p95_ms=- lat_p99_ms=- status=ok
07:41:43 RUN n=1358/6120 pass=20 test=conc ra=32768 mbps=681.7 secs=18.9 minsec_mbps=538 slow_secs=1 inflight=246.5 lat_ms=94.1 fio_mib=12288 disk_mib=12057 disk_ratio=0.98 other_writes_mib=6.3 streams_min_mbps=170.4 iops=- lat_p50_ms=- lat_p95_ms=- lat_p99_ms=- status=ok
07:42:00 RUN n=1359/6120 pass=20 test=seq ra=90112 mbps=790.8 secs=12.7 minsec_mbps=608 slow_secs=0 inflight=214.7 lat_ms=72.8 fio_mib=9542 disk_mib=9532 disk_ratio=1.00 other_writes_mib=2.6 streams_min_mbps=- iops=- lat_p50_ms=- lat_p95_ms=- lat_p99_ms=- status=ok
07:42:19 RUN n=1360/6120 pass=20 test=seq ra=57344 mbps=711.2 secs=14.1 minsec_mbps=450 slow_secs=2 inflight=196.3 lat_ms=71.5 fio_mib=9542 disk_mib=9532 disk_ratio=1.00 other_writes_mib=4.7 streams_min_mbps=- iops=- lat_p50_ms=- lat_p95_ms=- lat_p99_ms=- status=ok
07:42:38 RUN n=1361/6120 pass=21 test=seq ra=90112 mbps=780.3 secs=12.8 minsec_mbps=633 slow_secs=0 inflight=220.3 lat_ms=74.6 fio_mib=9542 disk_mib=9532 disk_ratio=1.00 other_writes_mib=4.1 streams_min_mbps=- iops=- lat_p50_ms=- lat_p95_ms=- lat_p99_ms=- status=ok
07:43:04 RUN n=1362/6120 pass=21 test=conc ra=16384 mbps=602.9 secs=21.4 minsec_mbps=362 slow_secs=9 inflight=231.9 lat_ms=99.8 fio_mib=12288 disk_mib=11946 disk_ratio=0.97 other_writes_mib=7.8 streams_min_mbps=150.7 iops=- lat_p50_ms=- lat_p95_ms=- lat_p99_ms=- status=ok
07:43:22 RUN n=1363/6120 pass=21 test=mixed ra=131072 mbps=780.8 secs=12.8 minsec_mbps=580 slow_secs=1 inflight=218.9 lat_ms=72.7 fio_mib=9542 disk_mib=9541 disk_ratio=1.00 other_writes_mib=2.8 streams_min_mbps=- iops=11.9 lat_p50_ms=71.8 lat_p95_ms=200.3 lat_p99_ms=244.3 status=ok
07:43:39 RUN n=1364/6120 pass=21 test=seq ra=73728 mbps=778.6 secs=12.8 minsec_mbps=664 slow_secs=0 inflight=214.3 lat_ms=72.6 fio_mib=9542 disk_mib=9532 disk_ratio=1.00 other_writes_mib=2.2 streams_min_mbps=- iops=- lat_p50_ms=- lat_p95_ms=- lat_p99_ms=- status=ok
07:43:57 RUN n=1365/6120 pass=21 test=seq ra=24576 mbps=763.2 secs=13.1 minsec_mbps=608 slow_secs=0 inflight=101.4 lat_ms=34.3 fio_mib=9542 disk_mib=9532 disk_ratio=1.00 other_writes_mib=17.9 streams_min_mbps=- iops=- lat_p50_ms=- lat_p95_ms=- lat_p99_ms=- status=ok
07:44:12 RUN n=1366/6120 pass=21 test=rand ra=106496 mbps=27.1 secs=12.0 minsec_mbps=- slow_secs=- inflight=3.8 lat_ms=9.6 fio_mib=310 disk_mib=340 disk_ratio=1.10 other_writes_mib=5.2 streams_min_mbps=- iops=413.2 lat_p50_ms=8.4 lat_p95_ms=18.2 lat_p99_ms=42.2 status=ok
07:44:32 RUN n=1367/6120 pass=21 test=mixed ra=24576 mbps=690.6 secs=14.5 minsec_mbps=519 slow_secs=1 inflight=98.4 lat_ms=37.3 fio_mib=9542 disk_mib=9549 disk_ratio=1.00 other_writes_mib=3.5 streams_min_mbps=- iops=19.0 lat_p50_ms=40.1 lat_p95_ms=143.7 lat_p99_ms=202.4 status=ok
07:45:01 RUN n=1368/6120 pass=21 test=mixed ra=4096 mbps=406.8 secs=24.6 minsec_mbps=272 slow_secs=22 inflight=18.7 lat_ms=11.6 fio_mib=9542 disk_mib=9602 disk_ratio=1.01 other_writes_mib=11.3 streams_min_mbps=- iops=45.8 lat_p50_ms=15.0 lat_p95_ms=54.8 lat_p99_ms=94.9 status=ok
07:45:30 RUN n=1369/6120 pass=21 test=conc ra=65536 mbps=524.7 secs=24.6 minsec_mbps=72 slow_secs=7 inflight=248.9 lat_ms=120.4 fio_mib=12288 disk_mib=12125 disk_ratio=0.99 other_writes_mib=6.8 streams_min_mbps=131.2 iops=- lat_p50_ms=- lat_p95_ms=- lat_p99_ms=- status=ok
07:45:46 RUN n=1370/6120 pass=21 test=rand ra=57344 mbps=24.2 secs=12.0 minsec_mbps=- slow_secs=- inflight=3.8 lat_ms=10.7 fio_mib=278 disk_mib=304 disk_ratio=1.10 other_writes_mib=5.0 streams_min_mbps=- iops=369.6 lat_p50_ms=8.3 lat_p95_ms=19.3 lat_p99_ms=94.9 status=ok
07:46:04 RUN n=1371/6120 pass=21 test=mixed ra=32768 mbps=716.9 secs=14.0 minsec_mbps=587 slow_secs=2 inflight=128.3 lat_ms=46.6 fio_mib=9542 disk_mib=9547 disk_ratio=1.00 other_writes_mib=3.5 streams_min_mbps=- iops=17.2 lat_p50_ms=46.4 lat_p95_ms=156.2 lat_p99_ms=215.0 status=ok
07:46:20 RUN n=1372/6120 pass=21 test=rand ra=114688 mbps=27.9 secs=12.0 minsec_mbps=- slow_secs=- inflight=3.8 lat_ms=9.3 fio_mib=319 disk_mib=350 disk_ratio=1.10 other_writes_mib=5.9 streams_min_mbps=- iops=425.2 lat_p50_ms=8.5 lat_p95_ms=18.0 lat_p99_ms=28.4 status=ok
07:46:37 RUN n=1373/6120 pass=21 test=seq ra=40960 mbps=790.2 secs=12.7 minsec_mbps=548 slow_secs=1 inflight=155.6 lat_ms=52.3 fio_mib=9542 disk_mib=9532 disk_ratio=1.00 other_writes_mib=4.9 streams_min_mbps=- iops=- lat_p50_ms=- lat_p95_ms=- lat_p99_ms=- status=ok
07:47:02 RUN n=1374/6120 pass=21 test=conc ra=49152 mbps=643.1 secs=20.0 minsec_mbps=273 slow_secs=3 inflight=249.3 lat_ms=98.8 fio_mib=12288 disk_mib=12145 disk_ratio=0.99 other_writes_mib=6.0 streams_min_mbps=160.8 iops=- lat_p50_ms=- lat_p95_ms=- lat_p99_ms=- status=ok
07:47:27 RUN n=1375/6120 pass=21 test=conc ra=131072 mbps=637.0 secs=20.2 minsec_mbps=568 slow_secs=4 inflight=250.6 lat_ms=95.1 fio_mib=12288 disk_mib=12830 disk_ratio=1.04 other_writes_mib=5.4 streams_min_mbps=159.3 iops=- lat_p50_ms=- lat_p95_ms=- lat_p99_ms=- status=ok
07:47:52 RUN n=1376/6120 pass=21 test=conc ra=106496 mbps=669.3 secs=19.2 minsec_mbps=603 slow_secs=0 inflight=249.8 lat_ms=93.4 fio_mib=12288 disk_mib=12521 disk_ratio=1.02 other_writes_mib=6.3 streams_min_mbps=167.3 iops=- lat_p50_ms=- lat_p95_ms=- lat_p99_ms=- status=ok
07:48:10 RUN n=1377/6120 pass=21 test=mixed ra=49152 mbps=746.1 secs=13.4 minsec_mbps=597 slow_secs=1 inflight=183.2 lat_ms=64.4 fio_mib=9542 disk_mib=9542 disk_ratio=1.00 other_writes_mib=2.7 streams_min_mbps=- iops=11.8 lat_p50_ms=72.9 lat_p95_ms=225.4 lat_p99_ms=256.9 status=ok
07:48:27 RUN n=1378/6120 pass=21 test=seq ra=65536 mbps=794.6 secs=12.6 minsec_mbps=628 slow_secs=0 inflight=213.7 lat_ms=70.8 fio_mib=9542 disk_mib=9532 disk_ratio=1.00 other_writes_mib=3.8 streams_min_mbps=- iops=- lat_p50_ms=- lat_p95_ms=- lat_p99_ms=- status=ok
07:48:44 RUN n=1379/6120 pass=21 test=seq ra=8192 mbps=805.0 secs=12.4 minsec_mbps=652 slow_secs=0 inflight=31.2 lat_ms=10.2 fio_mib=9542 disk_mib=9532 disk_ratio=1.00 other_writes_mib=4.2 streams_min_mbps=- iops=- lat_p50_ms=- lat_p95_ms=- lat_p99_ms=- status=ok
07:49:02 RUN n=1380/6120 pass=21 test=mixed ra=40960 mbps=726.8 secs=13.8 minsec_mbps=586 slow_secs=2 inflight=157.7 lat_ms=57.3 fio_mib=9542 disk_mib=9544 disk_ratio=1.00 other_writes_mib=5.1 streams_min_mbps=- iops=14.4 lat_p50_ms=53.7 lat_p95_ms=189.8 lat_p99_ms=244.3 status=ok
